entity_id,entity_display_name,entity_type,category,priority_tier,asset_count,case_study_state
PRJ-LOCAL-0001,Tamarack Country Club,INDIVIDUAL_PROJECT,ARCHITECTURE,TIER_A,10,LIGHT_CASE_STUDY_CANDIDATE
PRJ-LOCAL-0002,Misquamicut Beach Club,INDIVIDUAL_PROJECT,ARCHITECTURE,TIER_A,4,LIGHT_CASE_STUDY_CANDIDATE
PRJ-LOCAL-0003,Charlotte Office Interior,INDIVIDUAL_PROJECT,ARCHITECTURE,TIER_C,3,PORTFOLIO_CARD_CANDIDATE
PRJ-LOCAL-0004,Convent of the Sacred Heart,INDIVIDUAL_PROJECT,ARCHITECTURE,TIER_C,3,PORTFOLIO_CARD_CANDIDATE
PRJ-LOCAL-0005,Hayderabad Phase II Project,INDIVIDUAL_PROJECT,ARCHITECTURE,TIER_C,3,PORTFOLIO_CARD_CANDIDATE
PRJ-LOCAL-0006,520 Madison Avenue NY,INDIVIDUAL_PROJECT,ARCHITECTURE,TIER_C,1,PORTFOLIO_CARD_CANDIDATE
PRJ-LOCAL-0010,Yacht Design Portfolio,PROJECT_FAMILY,TRANSPORTATION,TIER_B,16,PORTFOLIO_CARD_CANDIDATE
PRJ-LOCAL-0011,Aircraft Interior,INDIVIDUAL_PROJECT,TRANSPORTATION,TIER_B,2,PORTFOLIO_CARD_CANDIDATE
PRJ-LOCAL-0012,Dubai International Boat Show,INDIVIDUAL_PROJECT,MISCELLANEOUS,TIER_B,3,PORTFOLIO_CARD_CANDIDATE
PRJ-LOCAL-0020,SPOONY Smart Spoon,INDIVIDUAL_PROJECT,SPEC,TIER_A,15,CASE_STUDY_CANDIDATE
PRJ-LOCAL-0021,DBLL — Adjustable Dumbbell,INDIVIDUAL_PROJECT,SPEC,TIER_A,13,LIGHT_CASE_STUDY_CANDIDATE
PRJ-LOCAL-0022,RACK — Bath Tray / Caddy,INDIVIDUAL_PROJECT,SPEC,TIER_A,7,LIGHT_CASE_STUDY_CANDIDATE
PRJ-LOCAL-0023,VIRT,INDIVIDUAL_PROJECT,SPEC,TIER_A,1,PORTFOLIO_CARD_CANDIDATE
PRJ-LOCAL-0030,Crestron Adagio,INDIVIDUAL_PROJECT,OLD,TIER_A,7,LIGHT_CASE_STUDY_CANDIDATE
PRJ-LOCAL-0031,iPad Cover (IPM),INDIVIDUAL_PROJECT,MISCELLANEOUS,TIER_A,6,LIGHT_CASE_STUDY_CANDIDATE
PRJ-LOCAL-0041,Aesthetic Treatment Machine,INDIVIDUAL_PROJECT,MEDICAL,TIER_B,2,PORTFOLIO_CARD_CANDIDATE
PRJ-LOCAL-0042,Blood Pressure Monitor,INDIVIDUAL_PROJECT,MEDICAL,TIER_B,2,PORTFOLIO_CARD_CANDIDATE
PRJ-LOCAL-0043,Dental Jet,INDIVIDUAL_PROJECT,MEDICAL,TIER_B,2,PORTFOLIO_CARD_CANDIDATE
PRJ-LOCAL-0044,Defibrillator,INDIVIDUAL_PROJECT,MEDICAL,TIER_B,2,PORTFOLIO_CARD_CANDIDATE
PRJ-LOCAL-0045,Dynamometer,INDIVIDUAL_PROJECT,MEDICAL,TIER_B,2,PORTFOLIO_CARD_CANDIDATE
PRJ-LOCAL-0046,Medical Hospital Scale,INDIVIDUAL_PROJECT,MEDICAL,TIER_B,2,PORTFOLIO_CARD_CANDIDATE
PRJ-LOCAL-0047,Portable Scanner,INDIVIDUAL_PROJECT,MEDICAL,TIER_B,2,PORTFOLIO_CARD_CANDIDATE
PRJ-LOCAL-0048,Spine Board,INDIVIDUAL_PROJECT,MEDICAL,TIER_B,3,PORTFOLIO_CARD_CANDIDATE
PRJ-LOCAL-0049,Therapy System,INDIVIDUAL_PROJECT,MEDICAL,TIER_B,2,PORTFOLIO_CARD_CANDIDATE
PRJ-LOCAL-004A,Thermometer,INDIVIDUAL_PROJECT,MEDICAL,TIER_B,2,PORTFOLIO_CARD_CANDIDATE
PRJ-LOCAL-0051,iaMedium,INDIVIDUAL_PROJECT,COMMERCIAL,TIER_B,3,PORTFOLIO_CARD_CANDIDATE
PRJ-LOCAL-0052,Finger-Print Scanner,INDIVIDUAL_PROJECT,COMMERCIAL,TIER_B,2,PORTFOLIO_CARD_CANDIDATE
PRJ-LOCAL-0053,Flight Planner,INDIVIDUAL_PROJECT,COMMERCIAL,TIER_B,2,PORTFOLIO_CARD_CANDIDATE
PRJ-LOCAL-0054,Security Scanner,INDIVIDUAL_PROJECT,COMMERCIAL,TIER_B,2,PORTFOLIO_CARD_CANDIDATE
PRJ-LOCAL-005A,Armored Vehicle Camera,INDIVIDUAL_PROJECT,MILITARY,TIER_B,2,PORTFOLIO_CARD_CANDIDATE
PRJ-LOCAL-005B,Binoculars (Military),INDIVIDUAL_PROJECT,MILITARY,TIER_B,2,PORTFOLIO_CARD_CANDIDATE
PRJ-LOCAL-005C,Bomb Squad Remote,INDIVIDUAL_PROJECT,MILITARY,TIER_B,2,PORTFOLIO_CARD_CANDIDATE
PRJ-LOCAL-005D,Bomb Squad Robot,INDIVIDUAL_PROJECT,MILITARY,TIER_B,2,PORTFOLIO_CARD_CANDIDATE
PRJ-LOCAL-005E,Emergency Beacon,INDIVIDUAL_PROJECT,MILITARY,TIER_B,2,PORTFOLIO_CARD_CANDIDATE
PRJ-LOCAL-005F,Flight Box,INDIVIDUAL_PROJECT,MILITARY,TIER_B,2,PORTFOLIO_CARD_CANDIDATE
PRJ-LOCAL-005G,Gyrocam,INDIVIDUAL_PROJECT,MILITARY,TIER_B,2,PORTFOLIO_CARD_CANDIDATE
PRJ-LOCAL-005H,Manpack,INDIVIDUAL_PROJECT,MILITARY,TIER_B,2,PORTFOLIO_CARD_CANDIDATE
PRJ-LOCAL-005I,Military Phone,INDIVIDUAL_PROJECT,MILITARY,TIER_B,2,PORTFOLIO_CARD_CANDIDATE
PRJ-LOCAL-005J,POD for UAV,INDIVIDUAL_PROJECT,MILITARY,TIER_B,2,PORTFOLIO_CARD_CANDIDATE
PRJ-LOCAL-005K,Rackmount Enclosure (Military),INDIVIDUAL_PROJECT,MILITARY,TIER_B,2,PORTFOLIO_CARD_CANDIDATE
PRJ-LOCAL-005L,Rifle Scope,INDIVIDUAL_PROJECT,MILITARY,TIER_B,2,PORTFOLIO_CARD_CANDIDATE
PRJ-LOCAL-005M,Rugged Computer,INDIVIDUAL_PROJECT,MILITARY,TIER_B,2,PORTFOLIO_CARD_CANDIDATE
PRJ-LOCAL-005N,Security Wand,INDIVIDUAL_PROJECT,MILITARY,TIER_B,2,PORTFOLIO_CARD_CANDIDATE
PRJ-LOCAL-005O,Suitcase (Military),INDIVIDUAL_PROJECT,MILITARY,TIER_B,2,PORTFOLIO_CARD_CANDIDATE
PRJ-LOCAL-005P,Tac-Eye Binocular,INDIVIDUAL_PROJECT,MILITARY,TIER_B,2,PORTFOLIO_CARD_CANDIDATE
PRJ-LOCAL-0060,Web Design Portfolio,PORTFOLIO_COLLECTION,WEB DESIGN,TIER_C,10,PORTFOLIO_CARD_CANDIDATE
PRJ-LOCAL-0070,Graphic Design Portfolio,PORTFOLIO_COLLECTION,GRAPHIC,TIER_C,16,PORTFOLIO_CARD_CANDIDATE
PRJ-LOCAL-0080,Prototyping Capabilities,CAPABILITY_COLLECTION,PROTOTYPING,TIER_D,18,PORTFOLIO_CARD_CANDIDATE
PRJ-LOCAL-0085,Commercial Products Portfolio,PORTFOLIO_COLLECTION,COMMERCIAL,TIER_B,10,PORTFOLIO_CARD_CANDIDATE
PRJ-LOCAL-0090,Consumer Electronics Portfolio,PORTFOLIO_COLLECTION,CONSUMER ELECTRONICS,TIER_B,22,PORTFOLIO_CARD_CANDIDATE
PRJ-LOCAL-0091,Communication Devices Portfolio,PORTFOLIO_COLLECTION,COMMUNICATION,TIER_B,11,PORTFOLIO_CARD_CANDIDATE
PRJ-LOCAL-0092,Appliances Portfolio,PORTFOLIO_COLLECTION,APPLIANCES,TIER_B,11,PORTFOLIO_CARD_CANDIDATE
PRJ-LOCAL-0093,Home Goods Portfolio,PORTFOLIO_COLLECTION,HOME GOODS,TIER_D,5,PORTFOLIO_CARD_CANDIDATE
PRJ-LOCAL-0094,Outdoor & Sports Portfolio,PORTFOLIO_COLLECTION,OUTDOORS,TIER_B,27,PORTFOLIO_CARD_CANDIDATE
PRJ-LOCAL-0095,Industrial Equipment Portfolio,PORTFOLIO_COLLECTION,INDUSTRIAL,TIER_B,10,PORTFOLIO_CARD_CANDIDATE
PRJ-LOCAL-0096,Kitchenware Portfolio,PORTFOLIO_COLLECTION,KITCHENWARE,TIER_B,10,PORTFOLIO_CARD_CANDIDATE
PRJ-LOCAL-0097,Toys & Juvenile Portfolio,PORTFOLIO_COLLECTION,TOYS GAMES JUVENILE,TIER_D,3,PORTFOLIO_CARD_CANDIDATE
PRJ-LOCAL-0098,Ladder Rack,INDIVIDUAL_PROJECT,MISCELLANEOUS,TIER_D,2,PORTFOLIO_CARD_CANDIDATE
PRJ-LOCAL-0100,OUTSOURCE 60,MULTI_CLIENT_ARCHIVE,OLD,TIER_D,1,ARCHIVE_ONLY
PRJ-LOCAL-0110,Video Archive,CAPABILITY_COLLECTION,VIDEO,TIER_D,44,PORTFOLIO_CARD_CANDIDATE
PRJ-LOCAL-0900,OLD Archive (Unclassified),ARCHIVE_BUCKET,OLD,TIER_D,256,ARCHIVE_ONLY
PRJ-LOCAL-0901,ALL Root (Unique Residue),AGGREGATE_DUPLICATE_BUCKET,ALL,TIER_D,1,ARCHIVE_ONLY
