phase0a_source_name,search_terms_used,relationship_state,match_count,matched_categories,matched_folders,sample_matched_filenames,known_phase0a_url,notes
Shopping Cart,shopping cart|shoppingcart|shopping_cart,NO_LOCAL_EVIDENCE,0,,,,,
Multiple,multiple,NO_LOCAL_EVIDENCE,0,,,,,
Regain Medical,regain medical|regainmedical|regain_medical,NO_LOCAL_EVIDENCE,0,,,,,
Vehicular DVR Camera,vehicular dvr camera|vehiculardvrcamera|vehicular_dvr_camera,NO_LOCAL_EVIDENCE,0,,,,,
Koffti,koffti,NO_LOCAL_EVIDENCE,0,,,,,
Consumer,consumer,POSSIBLE_LOCAL_CANDIDATE,22,CONSUMER ELECTRONICS,CD Player;Cam Corder (Portable Camera);DVD Player;Handheld Massager;Hard Drive Tower;Portable Shredder;Submersible Tablet;Tablet;Universal Remote Control;Video Player;Wireless Tower,cd_player_1.jpg;cd_player_2.jpg;Camcorder-1.jpg,,22 matches across {'CONSUMER ELECTRONICS'}
RegalPress.AI,regalpress,NO_LOCAL_EVIDENCE,0,,,,,
RegalBrand.AI,regalbrand,NO_LOCAL_EVIDENCE,0,,,,,
Promo,promo,NO_LOCAL_EVIDENCE,0,,,,,
Medical Multiple,medical multiple|medicalmultiple|medical_multiple,NO_LOCAL_EVIDENCE,0,,,,,
BlackRock.AI,blackrock,NO_LOCAL_EVIDENCE,0,,,,,
HoverBoard,hoverboard,NO_LOCAL_EVIDENCE,0,,,,,
EVtols,evtols,NO_LOCAL_EVIDENCE,0,,,,,
Fishing Lures,fishing lure|fishinglure|fishing_lure,NO_LOCAL_EVIDENCE,0,,,,,
Oral4 Dental Kit,oral4,NO_LOCAL_EVIDENCE,0,,,,/portfolio/home-goods/oral4/,
Bucket,bucket,NO_LOCAL_EVIDENCE,0,,,,,
Halevai Electric Boat,halevai|halevai,NO_LOCAL_EVIDENCE,0,,,,,
Villa Subdivision,villa subdivision|villasubdivision|villa_subdivision,NO_LOCAL_EVIDENCE,0,,,,,
Star Guard,star guard|starguard|star_guard,NO_LOCAL_EVIDENCE,0,,,,,
Fishing Lure,fishing lure|fishinglure|fishing_lure,NO_LOCAL_EVIDENCE,0,,,,,
Timeset App,timeset,NO_LOCAL_EVIDENCE,0,,,,,
Marker Locker,marker locker|markerlocker|marker_locker,NO_LOCAL_EVIDENCE,0,,,,,
Pain chronic,pain chronic|painchronic|pain_chronic,NO_LOCAL_EVIDENCE,0,,,,,
FairBridge Presentation,fairbridge|fairbridge,NO_LOCAL_EVIDENCE,0,,,,,
PreLynx Portal,prelynx,NO_LOCAL_EVIDENCE,0,,,,/prelynx-portal/,
Remittance Processor,remittance,NO_LOCAL_EVIDENCE,0,,,,,
Falcon+ Prep Reducing Scanners,falcon|falcon prep reducing scanners,NO_LOCAL_EVIDENCE,0,,,,,
Recovery System,recovery system|recoverysystem|recovery_system,NO_LOCAL_EVIDENCE,0,,,,,
MG-NINE,mg-nine,NO_LOCAL_EVIDENCE,0,,,,/mg-nine-vehicle-dvr-camera/,
MG-NINE (armored PTZ),mg-nine,NO_LOCAL_EVIDENCE,0,,,,,
