asset_id,entity_id,entity_display_name,source_subfolder,process_technique,width,height,resolution_class,display_readiness,publication_status,quality_tier,duplicate_group,website_role,notes
AST-000846,PRJ-LOCAL-0080,Prototyping Capabilities,Acrylic FormingBending,Acrylic forming/bending,660,439,VERY_LOW,RESTORATION_CANDIDATE,USE_AFTER_CONTENT_APPROVAL,TIER_4,DUP-00222,PROCESS_GALLERY,Guitar support prototype — acrylic thermoforming example
AST-000847,PRJ-LOCAL-0080,Prototyping Capabilities,Acrylic FormingBending,Acrylic forming/bending,660,476,VERY_LOW,RESTORATION_CANDIDATE,USE_AFTER_CONTENT_APPROVAL,TIER_4,DUP-00223,PROCESS_GALLERY,Guitar support prototype — second view
AST-000848,PRJ-LOCAL-0080,Prototyping Capabilities,Carbon Fiber Molding,Carbon fiber molding,660,403,VERY_LOW,RESTORATION_CANDIDATE,USE_AFTER_CONTENT_APPROVAL,TIER_4,DUP-00218,PROCESS_GALLERY,Carbon fiber composite molding sample
AST-000849,PRJ-LOCAL-0080,Prototyping Capabilities,Carbon Fiber Molding,Carbon fiber molding,660,439,VERY_LOW,RESTORATION_CANDIDATE,USE_AFTER_CONTENT_APPROVAL,TIER_4,DUP-00219,PROCESS_GALLERY,Carbon fiber composite — second view
AST-000850,PRJ-LOCAL-0080,Prototyping Capabilities,FDM Printing,FDM 3D printing,660,456,VERY_LOW,RESTORATION_CANDIDATE,USE_AFTER_CONTENT_APPROVAL,TIER_4,DUP-00221,PROCESS_GALLERY,FDM (Fused Deposition Modeling) printed prototype
AST-000851,PRJ-LOCAL-0080,Prototyping Capabilities,Multi Level Prototyping,Multi-level prototyping,660,439,VERY_LOW,RESTORATION_CANDIDATE,USE_AFTER_CONTENT_APPROVAL,TIER_4,DUP-00254,PROCESS_GALLERY,Therapy bike — multi-level prototyping demonstration
AST-000852,PRJ-LOCAL-0080,Prototyping Capabilities,Multi Level Prototyping,Multi-level prototyping,660,439,VERY_LOW,RESTORATION_CANDIDATE,USE_AFTER_CONTENT_APPROVAL,TIER_4,DUP-00255,PROCESS_GALLERY,Therapy bike — second view
AST-000853,PRJ-LOCAL-0080,Prototyping Capabilities,"Rubber Coating, Silkscreening",Rubber coating + silkscreening,660,507,VERY_LOW,RESTORATION_CANDIDATE,USE_AFTER_CONTENT_APPROVAL,TIER_4,DUP-00217,PROCESS_GALLERY,HD camera with rubber coating and silkscreened labels
AST-000854,PRJ-LOCAL-0080,Prototyping Capabilities,"Rubber Coating, Silkscreening",Rubber coating + silkscreening,660,439,VERY_LOW,RESTORATION_CANDIDATE,USE_AFTER_CONTENT_APPROVAL,TIER_4,DUP-00224,PROCESS_GALLERY,Remote control with rubber coating finish
AST-000855,PRJ-LOCAL-0080,Prototyping Capabilities,"Rubber Coating, Silkscreening",Rubber coating + silkscreening,660,439,VERY_LOW,RESTORATION_CANDIDATE,USE_AFTER_CONTENT_APPROVAL,TIER_4,DUP-00225,PROCESS_GALLERY,Remote control — second view
AST-000856,PRJ-LOCAL-0080,Prototyping Capabilities,"Rubber Coating, Silkscreening",Rubber coating + silkscreening,660,439,VERY_LOW,RESTORATION_CANDIDATE,USE_AFTER_CONTENT_APPROVAL,TIER_4,DUP-00226,PROCESS_GALLERY,Remote control — third view
AST-000857,PRJ-LOCAL-0080,Prototyping Capabilities,SLA SLS,SLA/SLS 3D printing,660,463,VERY_LOW,RESTORATION_CANDIDATE,USE_AFTER_CONTENT_APPROVAL,TIER_4,DUP-00220,PROCESS_GALLERY,SLA/SLS printed clip — resin-based prototyping
AST-000858,PRJ-LOCAL-0080,Prototyping Capabilities,Sheet Metal + RTV Tooling,Sheet metal + RTV tooling,660,439,VERY_LOW,RESTORATION_CANDIDATE,USE_AFTER_CONTENT_APPROVAL,TIER_4,DUP-00069,PROCESS_GALLERY,PAP project — sheet metal prototype with RTV mold tooling
AST-000859,PRJ-LOCAL-0080,Prototyping Capabilities,Sheet Metal + RTV Tooling,Sheet metal + RTV tooling,660,439,VERY_LOW,RESTORATION_CANDIDATE,USE_AFTER_CONTENT_APPROVAL,TIER_4,DUP-00205,PROCESS_GALLERY,PAP project — second view
AST-000860,PRJ-LOCAL-0080,Prototyping Capabilities,Sheet Metal + RTV Tooling,Sheet metal + RTV tooling,660,439,VERY_LOW,RESTORATION_CANDIDATE,USE_AFTER_CONTENT_APPROVAL,TIER_4,DUP-00206,PROCESS_GALLERY,PAP project — third view
AST-000861,PRJ-LOCAL-0080,Prototyping Capabilities,Sheet Metal + RTV Tooling,Sheet metal + RTV tooling,660,439,VERY_LOW,RESTORATION_CANDIDATE,USE_AFTER_CONTENT_APPROVAL,TIER_4,DUP-00207,PROCESS_GALLERY,PAP project — fourth view
AST-000862,PRJ-LOCAL-0080,Prototyping Capabilities,Sheet Metal + RTV Tooling,Sheet metal + RTV tooling,660,439,VERY_LOW,RESTORATION_CANDIDATE,USE_AFTER_CONTENT_APPROVAL,TIER_4,DUP-00208,PROCESS_GALLERY,PAP project — fifth view
AST-000863,PRJ-LOCAL-0080,Prototyping Capabilities,Sheet Metal + RTV Tooling,Sheet metal + RTV tooling,660,439,VERY_LOW,RESTORATION_CANDIDATE,USE_AFTER_CONTENT_APPROVAL,TIER_4,DUP-00209,PROCESS_GALLERY,PAP project — sixth view
