asset_id,entity_id,entity_display_name,entity_type,priority_tier,website_role,display_readiness,publication_status,quality_tier,media_class,width,height,source_folder,filename,sha256,notes
AST-000959,PRJ-LOCAL-0110,Video Archive,CAPABILITY_COLLECTION,TIER_D,HOMEPAGE_REEL_PRIMARY,FULL_BLEED_READY,USE_AFTER_CONTENT_APPROVAL,TIER_2,VIDEO,2492,1080,VIDEO,28.mp4,d6080e46aadea3fba51ddffa70b3c430cf5359321e4ff6ace112b77c47f5547f,5.2s PRODUCT_BEAUTY
AST-000960,PRJ-LOCAL-0110,Video Archive,CAPABILITY_COLLECTION,TIER_D,HOMEPAGE_REEL_PRIMARY,FULL_BLEED_READY,USE_AFTER_CONTENT_APPROVAL,TIER_2,VIDEO,2492,1080,VIDEO,28a.mp4,9f693d25e335f8f86236244f3418c5ade0804623e6f62d007c9b6c0abe3009e1,5.2s PRODUCT_BEAUTY
AST-000961,PRJ-LOCAL-0110,Video Archive,CAPABILITY_COLLECTION,TIER_D,HOMEPAGE_REEL_PRIMARY,FULL_BLEED_READY,USE_AFTER_CONTENT_APPROVAL,TIER_2,VIDEO,1936,1080,VIDEO,29.mp4,7561935703354c78775b4f1a6c7e808c6d2009ed017326563d5feb48acd29f2a,5.2s PRODUCT_ROTATION
AST-000963,PRJ-LOCAL-0110,Video Archive,CAPABILITY_COLLECTION,TIER_D,HOMEPAGE_REEL_PRIMARY,FULL_BLEED_READY,USE_AFTER_CONTENT_APPROVAL,TIER_2,VIDEO,1936,1080,VIDEO,30.mp4,d15c72a63c0ad0e0140ad874a818b17b4c75ded02960066abaec5f1b67900c8d,5.2s PRODUCT_ROTATION
AST-000964,PRJ-LOCAL-0110,Video Archive,CAPABILITY_COLLECTION,TIER_D,HOMEPAGE_REEL_PRIMARY,FULL_BLEED_READY,USE_AFTER_CONTENT_APPROVAL,TIER_2,VIDEO,1936,1080,VIDEO,31.mp4,821f99ea79db1f5ac284cd4f439220e19da8041cef80d569267b0f06048e4a18,5.2s PRODUCT_ROTATION
AST-000965,PRJ-LOCAL-0110,Video Archive,CAPABILITY_COLLECTION,TIER_D,HOMEPAGE_REEL_PRIMARY,FULL_BLEED_READY,USE_AFTER_CONTENT_APPROVAL,TIER_2,VIDEO,1936,1080,VIDEO,32.mp4,1fce0247a8113d12e5b85a23361943f68c1e80f02146fc2454111bfea43710f3,5.2s PRODUCT_ROTATION
AST-000966,PRJ-LOCAL-0110,Video Archive,CAPABILITY_COLLECTION,TIER_D,HOMEPAGE_REEL_PRIMARY,FULL_BLEED_READY,USE_AFTER_CONTENT_APPROVAL,TIER_2,VIDEO,1936,1080,VIDEO,33.mp4,2e3105ee7fdc447a78d603af8f9eadfeaaff7cf99ee4624891e94c481800c515,5.2s PRODUCT_ROTATION
AST-000967,PRJ-LOCAL-0110,Video Archive,CAPABILITY_COLLECTION,TIER_D,HOMEPAGE_REEL_PRIMARY,FULL_BLEED_READY,USE_AFTER_CONTENT_APPROVAL,TIER_2,VIDEO,1936,1080,VIDEO,34.mp4,16fc968c7ca0742a0b43fdb10e3c22a90f445800435fef1b9e79cb4f5b268c37,5.2s PRODUCT_ROTATION
AST-000968,PRJ-LOCAL-0110,Video Archive,CAPABILITY_COLLECTION,TIER_D,HOMEPAGE_REEL_PRIMARY,FULL_BLEED_READY,USE_AFTER_CONTENT_APPROVAL,TIER_2,VIDEO,1936,1080,VIDEO,35.mp4,9839577b76f708c132c3c680f048944b63fe9d0ff1b25a9f25b62313ff085489,5.2s PRODUCT_ROTATION
AST-000969,PRJ-LOCAL-0110,Video Archive,CAPABILITY_COLLECTION,TIER_D,HOMEPAGE_REEL_PRIMARY,FULL_BLEED_READY,USE_AFTER_CONTENT_APPROVAL,TIER_2,VIDEO,1936,1080,VIDEO,36.mp4,2f9704e1ef639c5aba6c0b46309abe5e6ee20c96abade3eab3883fb1fe69d201,5.2s PRODUCT_ROTATION
AST-000970,PRJ-LOCAL-0110,Video Archive,CAPABILITY_COLLECTION,TIER_D,HOMEPAGE_REEL_PRIMARY,FULL_BLEED_READY,USE_AFTER_CONTENT_APPROVAL,TIER_2,VIDEO,1936,1080,VIDEO,37.mp4,80d026a378e062aceaea38b18da15a9ba71e89ecda0e3241be64ce43886052e9,5.2s PRODUCT_ROTATION
AST-000971,PRJ-LOCAL-0110,Video Archive,CAPABILITY_COLLECTION,TIER_D,HOMEPAGE_REEL_PRIMARY,FULL_BLEED_READY,USE_AFTER_CONTENT_APPROVAL,TIER_2,VIDEO,1936,1080,VIDEO,38.mp4,9c6ece697019926cf97c2f27992777a583a3e2e8261ef9b59158df4f8b52be26,5.2s PRODUCT_BEAUTY
AST-000976,PRJ-LOCAL-0110,Video Archive,CAPABILITY_COLLECTION,TIER_D,HOMEPAGE_REEL_PRIMARY,FULL_BLEED_READY,USE_AFTER_CONTENT_APPROVAL,TIER_2,VIDEO,2592,1080,VIDEO,42.mp4,41f68bf1a310c96e6f02fc77cab84e70ba8acef88d9ae4c3350b80a7da6f5fd5,5.2s PRODUCT_BEAUTY
AST-000977,PRJ-LOCAL-0110,Video Archive,CAPABILITY_COLLECTION,TIER_D,HOMEPAGE_REEL_PRIMARY,FULL_BLEED_READY,USE_AFTER_CONTENT_APPROVAL,TIER_2,VIDEO,2592,1080,VIDEO,42A.mp4,41f68bf1a310c96e6f02fc77cab84e70ba8acef88d9ae4c3350b80a7da6f5fd5,5.2s PRODUCT_BEAUTY
AST-000897,PRJ-LOCAL-0020,SPOONY Smart Spoon,INDIVIDUAL_PROJECT,TIER_A,CASE_STUDY_LEAD,GALLERY_READY,USE_AFTER_CONTENT_APPROVAL,TIER_3,IMAGE,1168,1168,A,SPOONY-THUMBNAIL.png,524ac6933bb3218e52839ca3aa9b127f11f497e672bf152e12bf4d00a8692986,
AST-000886,PRJ-LOCAL-0020,SPOONY Smart Spoon,INDIVIDUAL_PROJECT,TIER_A,CASE_STUDY_SUPPORT,CARD_READY,USE_AFTER_CONTENT_APPROVAL,TIER_3,IMAGE,1600,900,SPON,0a1204ff-86f3-44b1-970e-cfb8c883a9bc.jpg,321f3a0c93a88861b354f6b59996dc4adc9e8b82b699feb1330d0919083fbe12,
AST-000887,PRJ-LOCAL-0020,SPOONY Smart Spoon,INDIVIDUAL_PROJECT,TIER_A,CASE_STUDY_SUPPORT,CARD_READY,USE_AFTER_CONTENT_APPROVAL,TIER_3,IMAGE,1600,900,A,07964f5d-d6ef-420c-9a52-e91f97349dfb.jpg,c70443522e953dfc9b229fcc2e93f6fe506270755edfbe0c0312329ce549b38f,
AST-000888,PRJ-LOCAL-0020,SPOONY Smart Spoon,INDIVIDUAL_PROJECT,TIER_A,CASE_STUDY_SUPPORT,CARD_READY,USE_AFTER_CONTENT_APPROVAL,TIER_3,IMAGE,1600,900,A,09e72b74-6f40-4a4d-afd6-9fe4d0d10936.jpg,cbe2187b0ce523428fc813fa176a3f06134a284366976ee0aab5588acaff7b1b,
AST-000889,PRJ-LOCAL-0020,SPOONY Smart Spoon,INDIVIDUAL_PROJECT,TIER_A,CASE_STUDY_SUPPORT,CARD_READY,USE_AFTER_CONTENT_APPROVAL,TIER_3,IMAGE,1600,900,A,1bad19be-c681-44e1-b684-ed5592c44a15.jpg,4d5f69824f8052d2e4889b2e003324bd73c16c7d0473bc98e6f8b346f5e71e91,
AST-000890,PRJ-LOCAL-0020,SPOONY Smart Spoon,INDIVIDUAL_PROJECT,TIER_A,CASE_STUDY_SUPPORT,CARD_READY,USE_AFTER_CONTENT_APPROVAL,TIER_3,IMAGE,1600,900,A,248527da-fefa-4432-83d7-f2a41307cacc.jpg,5b8607f66455e0177c27d0e18a58e1f4fd7b6cc75d27a327924c4ed1e8ce1b78,
AST-000891,PRJ-LOCAL-0020,SPOONY Smart Spoon,INDIVIDUAL_PROJECT,TIER_A,CASE_STUDY_SUPPORT,CARD_READY,USE_AFTER_CONTENT_APPROVAL,TIER_3,IMAGE,1600,1168,A,2edfa118-40b3-40e2-842a-5bfa83d56a20.jpg,a847a456a8d7e2ccf88f0048ded779b4018f01214b0b1fa610b5a0dd8a05416f,
AST-000892,PRJ-LOCAL-0020,SPOONY Smart Spoon,INDIVIDUAL_PROJECT,TIER_A,CASE_STUDY_SUPPORT,CARD_READY,USE_AFTER_CONTENT_APPROVAL,TIER_3,IMAGE,1600,900,A,34b26467-fb16-4c55-a506-090be4239985.jpg,89613030c7fcff840e18ba50ba03abb60e7d701b1f773007b7d67df0175723e6,
AST-000893,PRJ-LOCAL-0020,SPOONY Smart Spoon,INDIVIDUAL_PROJECT,TIER_A,CASE_STUDY_SUPPORT,CARD_READY,USE_AFTER_CONTENT_APPROVAL,TIER_3,IMAGE,1600,900,A,47c0b82e-3d94-497e-a75b-8510ab2737d8.jpg,ec298c1d7960676dfb7ccaf0cfe247a63db9366e6ee43f6d76c0794d82bed749,
AST-000894,PRJ-LOCAL-0020,SPOONY Smart Spoon,INDIVIDUAL_PROJECT,TIER_A,CASE_STUDY_SUPPORT,CARD_READY,USE_AFTER_CONTENT_APPROVAL,TIER_3,IMAGE,1600,900,A,565828ca-64ae-44cc-9ef3-fd3fde21daac.jpg,fc464dea5b989219912a26d39b16fce38869a7b621b6622e5e4c764c633d6d92,
AST-000895,PRJ-LOCAL-0020,SPOONY Smart Spoon,INDIVIDUAL_PROJECT,TIER_A,CASE_STUDY_SUPPORT,CARD_READY,USE_AFTER_CONTENT_APPROVAL,TIER_3,IMAGE,1600,900,A,6374c322-53c8-4e11-88d4-9b20e74947dd.jpg,ed195f798b5a33db28f8a8669220b9b872fafc0e9c79428dc7fbc76b6dc5c583,
AST-000896,PRJ-LOCAL-0020,SPOONY Smart Spoon,INDIVIDUAL_PROJECT,TIER_A,CASE_STUDY_SUPPORT,CARD_READY,USE_AFTER_CONTENT_APPROVAL,TIER_3,IMAGE,1600,900,A,81134d30-b341-4e59-bc7f-054f37c7c88b.jpg,c159e0505ed8adf0c763ef4c8c6ad4a94ed6221c6ac457e49bf86a580af14cd8,
AST-000898,PRJ-LOCAL-0020,SPOONY Smart Spoon,INDIVIDUAL_PROJECT,TIER_A,CASE_STUDY_SUPPORT,CARD_READY,USE_AFTER_CONTENT_APPROVAL,TIER_3,IMAGE,1600,900,A,bf46d228-b42d-43ce-99fc-bb67b210bb79.jpg,d11b7efa880cae50e444a33ee76d37644517af4cf31fc4b4f1a6a4abe806f1e3,
AST-000899,PRJ-LOCAL-0020,SPOONY Smart Spoon,INDIVIDUAL_PROJECT,TIER_A,CASE_STUDY_SUPPORT,CARD_READY,USE_AFTER_CONTENT_APPROVAL,TIER_3,IMAGE,1280,847,A,cd21d58b-5d21-41a8-9677-5993cf521e35.jpg,8af6e0ee43157ef28a229fdb43c3cb5055c5023f1bd4c0d16d1ef962497d1e96,
AST-000900,PRJ-LOCAL-0020,SPOONY Smart Spoon,INDIVIDUAL_PROJECT,TIER_A,CASE_STUDY_SUPPORT,CARD_READY,USE_AFTER_CONTENT_APPROVAL,TIER_3,IMAGE,1280,847,A,da673554-c904-4aed-b6c8-d73372a196b7.jpg,0a27c64552b25e1a1f57ddf80fc8a7be295936ca2643ef8d8ff47df5911a2724,
AST-000870,PRJ-LOCAL-0021,DBLL — Adjustable Dumbbell,INDIVIDUAL_PROJECT,TIER_A,CASE_STUDY_SUPPORT,GALLERY_READY,USE_AFTER_CONTENT_APPROVAL,TIER_3,IMAGE,902,902,DBLL,123_design_blog_new_products_DUMB_BELL_icon.jpg,05a23bbae585cac2d5b0ee383af719169195aa3509a3c906f87e66f9d60ba39e,
AST-000885,PRJ-LOCAL-0022,RACK — Bath Tray / Caddy,INDIVIDUAL_PROJECT,TIER_A,CASE_STUDY_SUPPORT,GALLERY_READY,USE_AFTER_CONTENT_APPROVAL,TIER_3,IMAGE,854,854,RACK,123_design_blog_new_products_1-(1).jpg,583f604cf9531f59b8f988efda958bebfc2bfa0667e89cce486d7037716f7f3c,
AST-000498,PRJ-LOCAL-0030,Crestron Adagio,INDIVIDUAL_PROJECT,TIER_A,CASE_STUDY_SUPPORT,GALLERY_READY,USE_AFTER_CLIENT_APPROVAL,TIER_3,IMAGE,1024,512,ADAGIO,e73eb6ff-7657-40f7-ba6b-f0b7c4c7933e.jpg,decdca684cf6c67dd2dbad66cd93082fb66bba8a23111112c171b0d26cd49a6a,
AST-000299,PRJ-LOCAL-0001,Tamarack Country Club,INDIVIDUAL_PROJECT,TIER_A,PORTFOLIO_CARD,CARD_READY,USE_AFTER_CONTENT_APPROVAL,TIER_3,IMAGE,1280,853,Tamarack Country Club,tam-main-elevs-front.jpg,dc4460143975188fb0fcbb846e733792e83990d26ce95575ef9ff68a3ea31477,
AST-000300,PRJ-LOCAL-0001,Tamarack Country Club,INDIVIDUAL_PROJECT,TIER_A,PORTFOLIO_CARD,CARD_READY,USE_AFTER_CONTENT_APPROVAL,TIER_3,IMAGE,1280,853,Tamarack Country Club,tam-main-elevs-side.jpg,ba2fada30c67f4ee0f10e5aa1ebc3faebaf37e6c13dec0dab1e838e6c46a4244,
AST-000864,PRJ-LOCAL-0021,DBLL — Adjustable Dumbbell,INDIVIDUAL_PROJECT,TIER_A,PORTFOLIO_CARD,CARD_READY,USE_AFTER_CONTENT_APPROVAL,TIER_3,IMAGE,1600,900,DBLL,123_design_blog_new_products_DUMB_BELL_(1).jpg,fc1a142c7099f3b1326a38d40aa1ca32b191ed906457fe9c9b04baf8b2b32142,
AST-000865,PRJ-LOCAL-0021,DBLL — Adjustable Dumbbell,INDIVIDUAL_PROJECT,TIER_A,PORTFOLIO_CARD,CARD_READY,USE_AFTER_CONTENT_APPROVAL,TIER_3,IMAGE,1600,1067,DBLL,123_design_blog_new_products_DUMB_BELL_(2).jpg,7e8d83f97be98f9af57139d47b2dc54bd511adb112cc4074fde64e0cfe13b2e4,
AST-000866,PRJ-LOCAL-0021,DBLL — Adjustable Dumbbell,INDIVIDUAL_PROJECT,TIER_A,PORTFOLIO_CARD,CARD_READY,USE_AFTER_CONTENT_APPROVAL,TIER_3,IMAGE,1600,1067,DBLL,123_design_blog_new_products_DUMB_BELL_(3).jpg,fa82f8d4ea9b3d7f8466027e83c598f9ea96f537fad522e433e9db26a1773144,
AST-000867,PRJ-LOCAL-0021,DBLL — Adjustable Dumbbell,INDIVIDUAL_PROJECT,TIER_A,PORTFOLIO_CARD,CARD_READY,USE_AFTER_CONTENT_APPROVAL,TIER_3,IMAGE,1600,1067,DBLL,123_design_blog_new_products_DUMB_BELL_(4).jpg,09275706b6560121460dbf4b33d8a88dcb84b7a1a2c231ee8b2c30791e24d645,
AST-000868,PRJ-LOCAL-0021,DBLL — Adjustable Dumbbell,INDIVIDUAL_PROJECT,TIER_A,PORTFOLIO_CARD,CARD_READY,USE_AFTER_CONTENT_APPROVAL,TIER_3,IMAGE,1600,1067,DBLL,123_design_blog_new_products_DUMB_BELL_(5).jpg,5b4c67044129f9bd7122d4e70e8650c04e389555fb717dc80c12a6519e474fa4,
AST-000869,PRJ-LOCAL-0021,DBLL — Adjustable Dumbbell,INDIVIDUAL_PROJECT,TIER_A,PORTFOLIO_CARD,CARD_READY,USE_AFTER_CONTENT_APPROVAL,TIER_3,IMAGE,1600,1067,DBLL,123_design_blog_new_products_DUMB_BELL_(6).jpg,6753399a8c8c795668069a7eff0d71366123a8ac7c4d2099a90e50c7f609a417,
AST-000878,PRJ-LOCAL-0021,DBLL — Adjustable Dumbbell,INDIVIDUAL_PROJECT,TIER_A,PORTFOLIO_CARD,CARD_READY,USE_AFTER_CONTENT_APPROVAL,TIER_3,IMAGE,1408,1066,DBLL,WhatsApp Image 2019-08-19 at 3.37.32 PM.jpeg,ae1f2195ba4221570f27c940dfd374b9371bb137813bd5b154a8833f04a7c5fe,
AST-000879,PRJ-LOCAL-0022,RACK — Bath Tray / Caddy,INDIVIDUAL_PROJECT,TIER_A,PORTFOLIO_CARD,CARD_READY,USE_AFTER_CONTENT_APPROVAL,TIER_3,IMAGE,1280,854,RACK,123_design_blog_new_products_1 (1).jpg,0efb82bd43364b2cce21064954452160bf947e5cd305b4fa76b4897eb0975a95,
AST-000880,PRJ-LOCAL-0022,RACK — Bath Tray / Caddy,INDIVIDUAL_PROJECT,TIER_A,PORTFOLIO_CARD,CARD_READY,USE_AFTER_CONTENT_APPROVAL,TIER_3,IMAGE,1280,854,RACK,123_design_blog_new_products_1 (2).jpg,29ac8c6377d5a7d99f0b5688043741944b21f7073bbea5a0f86e3c8ad6cb6cbb,
AST-000881,PRJ-LOCAL-0022,RACK — Bath Tray / Caddy,INDIVIDUAL_PROJECT,TIER_A,PORTFOLIO_CARD,CARD_READY,USE_AFTER_CONTENT_APPROVAL,TIER_3,IMAGE,1280,854,RACK,123_design_blog_new_products_1 (3).jpg,5ca111542c1ad6a0de0df2956a47b3d067f8914ddf5b8bc97ee1aceb146840d1,
AST-000882,PRJ-LOCAL-0022,RACK — Bath Tray / Caddy,INDIVIDUAL_PROJECT,TIER_A,PORTFOLIO_CARD,CARD_READY,USE_AFTER_CONTENT_APPROVAL,TIER_3,IMAGE,1280,854,RACK,123_design_blog_new_products_1 (4).jpg,b567b22899a1fef6124254a055f14cd9d06ef7cbbe9961e372d3774348010b5e,
AST-000883,PRJ-LOCAL-0022,RACK — Bath Tray / Caddy,INDIVIDUAL_PROJECT,TIER_A,PORTFOLIO_CARD,CARD_READY,USE_AFTER_CONTENT_APPROVAL,TIER_3,IMAGE,1280,854,RACK,123_design_blog_new_products_1 (5).jpg,05114322f774c408b983de39b0ba3093f7dde7101516dd246019a19f3de93cf1,
AST-000884,PRJ-LOCAL-0022,RACK — Bath Tray / Caddy,INDIVIDUAL_PROJECT,TIER_A,PORTFOLIO_CARD,CARD_READY,USE_AFTER_CONTENT_APPROVAL,TIER_3,IMAGE,1280,854,RACK,123_design_blog_new_products_1 (6).jpg,2ad1f194f29f6aad0def7880e15950275c7f1efe5c4363d137768af2c7528ddb,
AST-000901,PRJ-LOCAL-0023,VIRT,INDIVIDUAL_PROJECT,TIER_A,PORTFOLIO_CARD,CARD_READY,USE_AFTER_CONTENT_APPROVAL,TIER_3,IMAGE,1600,1068,VIRT,WhatsApp Image 2019-08-22 at 11.30.15 AM.jpeg,bc8aae3267c5174d4ba8b1085809cd25be3d803644892944dc63679e39fc3cb6,
AST-000939,PRJ-LOCAL-0110,Video Archive,CAPABILITY_COLLECTION,TIER_D,HOMEPAGE_REEL_ALTERNATE,FULL_BLEED_READY,USE_AFTER_CONTENT_APPROVAL,TIER_2,VIDEO,1280,720,VIDEO,1.mp4,58e38dbc0005110faf1f9e97ff9cda7fdc02b349eb856b0d2b07e3d82ae233c7,8s PRODUCT_ROTATION
AST-000940,PRJ-LOCAL-0110,Video Archive,CAPABILITY_COLLECTION,TIER_D,HOMEPAGE_REEL_ALTERNATE,FULL_BLEED_READY,USE_AFTER_CONTENT_APPROVAL,TIER_2,VIDEO,1280,720,VIDEO,10.mp4,84a02909ef9f79b26d45a8e917133ff982423985843c8dcd97abb94ead93e425,8s PRODUCT_ROTATION
AST-000941,PRJ-LOCAL-0110,Video Archive,CAPABILITY_COLLECTION,TIER_D,HOMEPAGE_REEL_ALTERNATE,FULL_BLEED_READY,USE_AFTER_CONTENT_APPROVAL,TIER_2,VIDEO,1280,720,VIDEO,11.mp4,51ce9d60b3f22534c96648b84d8f4cee42d40880148809f9a430178e7f719125,8s PRODUCT_ROTATION
AST-000942,PRJ-LOCAL-0110,Video Archive,CAPABILITY_COLLECTION,TIER_D,HOMEPAGE_REEL_ALTERNATE,FULL_BLEED_READY,USE_AFTER_CONTENT_APPROVAL,TIER_2,VIDEO,1280,720,VIDEO,12.mp4,74f6fce38d172a0c91c59fc45aaea44b46fd13d8331d9556b7104424761d7e55,8s PRODUCT_ROTATION
AST-000943,PRJ-LOCAL-0110,Video Archive,CAPABILITY_COLLECTION,TIER_D,HOMEPAGE_REEL_ALTERNATE,FULL_BLEED_READY,USE_AFTER_CONTENT_APPROVAL,TIER_2,VIDEO,1280,720,VIDEO,13.mp4,af816a975576d71b5c1004e774e7ee4019e801b0c997153dc9cb3f0f8717de10,8s PRODUCT_ROTATION
AST-000944,PRJ-LOCAL-0110,Video Archive,CAPABILITY_COLLECTION,TIER_D,HOMEPAGE_REEL_ALTERNATE,FULL_BLEED_READY,USE_AFTER_CONTENT_APPROVAL,TIER_2,VIDEO,1280,720,VIDEO,14.mp4,acd64588a83a7ab7926ed7e1964832ea927ac65c9aec4bb43a06759316358b33,8s PRODUCT_ROTATION
AST-000945,PRJ-LOCAL-0110,Video Archive,CAPABILITY_COLLECTION,TIER_D,HOMEPAGE_REEL_ALTERNATE,FULL_BLEED_READY,USE_AFTER_CONTENT_APPROVAL,TIER_2,VIDEO,1280,720,VIDEO,15.mp4,7a75c4acf8593b0431273717aebd6b92491d30aeaee41e7202ab8ff3549354e4,8s PRODUCT_ROTATION
AST-000946,PRJ-LOCAL-0110,Video Archive,CAPABILITY_COLLECTION,TIER_D,HOMEPAGE_REEL_ALTERNATE,FULL_BLEED_READY,USE_AFTER_CONTENT_APPROVAL,TIER_2,VIDEO,1280,720,VIDEO,16.mp4,cdcf84e58053ae16abbe2f3eb8c08e20d2020c49fde14197a6c20751b5b16b61,8s PRODUCT_ROTATION
AST-000947,PRJ-LOCAL-0110,Video Archive,CAPABILITY_COLLECTION,TIER_D,HOMEPAGE_REEL_ALTERNATE,FULL_BLEED_READY,USE_AFTER_CONTENT_APPROVAL,TIER_2,VIDEO,1280,720,VIDEO,17.mp4,db541ad9572147a71404c6fdc4db05dd1a95af48f3500e538e7a22c27339573c,8s PRODUCT_ROTATION
AST-000948,PRJ-LOCAL-0110,Video Archive,CAPABILITY_COLLECTION,TIER_D,HOMEPAGE_REEL_ALTERNATE,FULL_BLEED_READY,USE_AFTER_CONTENT_APPROVAL,TIER_2,VIDEO,1280,720,VIDEO,18.mp4,54c0124da49cb53152daf3eaeb4292ad71da80e85d1fa4ccd0ccfce579e5f0d2,8s PRODUCT_ROTATION
AST-000949,PRJ-LOCAL-0110,Video Archive,CAPABILITY_COLLECTION,TIER_D,HOMEPAGE_REEL_ALTERNATE,FULL_BLEED_READY,USE_AFTER_CONTENT_APPROVAL,TIER_2,VIDEO,1280,720,VIDEO,19.mp4,6a00bc8a123e380c090c707910dff1f3860ace451c7c4def9cc9fd5b0e3f18c9,8s PRODUCT_ROTATION
AST-000950,PRJ-LOCAL-0110,Video Archive,CAPABILITY_COLLECTION,TIER_D,HOMEPAGE_REEL_ALTERNATE,FULL_BLEED_READY,USE_AFTER_CONTENT_APPROVAL,TIER_2,VIDEO,1280,720,VIDEO,2.mp4,decd0bd23d1e4597360dedbe2102f86b77c8caa7d91dc3feb18dbb1009910a61,8s PRODUCT_ROTATION
AST-000951,PRJ-LOCAL-0110,Video Archive,CAPABILITY_COLLECTION,TIER_D,HOMEPAGE_REEL_ALTERNATE,FULL_BLEED_READY,USE_AFTER_CONTENT_APPROVAL,TIER_2,VIDEO,1280,720,VIDEO,20.mp4,713117d2520a9e7b09802c90a683012729f0033ea110b87956fabee42660a74d,8s PRODUCT_ROTATION
AST-000952,PRJ-LOCAL-0110,Video Archive,CAPABILITY_COLLECTION,TIER_D,HOMEPAGE_REEL_ALTERNATE,FULL_BLEED_READY,USE_AFTER_CONTENT_APPROVAL,TIER_2,VIDEO,1280,720,VIDEO,21.mp4,3dc31466270115a31895699849df0a0c6d2734ed32199822aa0501de301ea80c,8s PRODUCT_ROTATION
AST-000953,PRJ-LOCAL-0110,Video Archive,CAPABILITY_COLLECTION,TIER_D,HOMEPAGE_REEL_ALTERNATE,FULL_BLEED_READY,USE_AFTER_CONTENT_APPROVAL,TIER_2,VIDEO,1280,720,VIDEO,22.mp4,df523ad39e67aec3bf2c05408e18f9cfad7565f19f3f008a6f181c6dd912216b,8s PRODUCT_ROTATION
AST-000954,PRJ-LOCAL-0110,Video Archive,CAPABILITY_COLLECTION,TIER_D,HOMEPAGE_REEL_ALTERNATE,FULL_BLEED_READY,USE_AFTER_CONTENT_APPROVAL,TIER_2,VIDEO,1280,720,VIDEO,23.mp4,f0b7be595a6338cc5f815b2506946488e111ae5c004ecfa1e84ac8657e2ef070,8s PRODUCT_ROTATION
AST-000955,PRJ-LOCAL-0110,Video Archive,CAPABILITY_COLLECTION,TIER_D,HOMEPAGE_REEL_ALTERNATE,FULL_BLEED_READY,USE_AFTER_CONTENT_APPROVAL,TIER_2,VIDEO,1280,720,VIDEO,24.mp4,e98add0a736340811658820c36e79ae8dac9dcee2ea87d766526650ed7ce19d8,8s PRODUCT_ROTATION
AST-000956,PRJ-LOCAL-0110,Video Archive,CAPABILITY_COLLECTION,TIER_D,HOMEPAGE_REEL_ALTERNATE,FULL_BLEED_READY,USE_AFTER_CONTENT_APPROVAL,TIER_2,VIDEO,1280,720,VIDEO,25.mp4,dba659a75386cc359251bbc221db11976457961bca2261ca61df4fb91ca0ce63,8s PRODUCT_ROTATION
AST-000957,PRJ-LOCAL-0110,Video Archive,CAPABILITY_COLLECTION,TIER_D,HOMEPAGE_REEL_ALTERNATE,FULL_BLEED_READY,USE_AFTER_CONTENT_APPROVAL,TIER_2,VIDEO,1280,720,VIDEO,26.mp4,ba93ddd97ee7e14bffabde8a3fc3a1d1e27ca6780f98f45305653f860eef7b2a,8s PRODUCT_ROTATION
AST-000958,PRJ-LOCAL-0110,Video Archive,CAPABILITY_COLLECTION,TIER_D,HOMEPAGE_REEL_ALTERNATE,FULL_BLEED_READY,USE_AFTER_CONTENT_APPROVAL,TIER_2,VIDEO,1280,720,VIDEO,27.mp4,2f0ad6646a8200282252cbc5ddc1380f67610b47dece58ca3c2fd51688ac8b6e,8s PRODUCT_ROTATION
AST-000962,PRJ-LOCAL-0110,Video Archive,CAPABILITY_COLLECTION,TIER_D,HOMEPAGE_REEL_ALTERNATE,FULL_BLEED_READY,USE_AFTER_CONTENT_APPROVAL,TIER_2,VIDEO,1280,720,VIDEO,3.mp4,f57f6761c2b444554f6230726ac94f337f2e5eaecc30f450409dfafcf5a29736,8s PRODUCT_ROTATION
AST-000972,PRJ-LOCAL-0110,Video Archive,CAPABILITY_COLLECTION,TIER_D,HOMEPAGE_REEL_ALTERNATE,FULL_BLEED_READY,USE_AFTER_CONTENT_APPROVAL,TIER_2,VIDEO,1280,720,VIDEO,39.mp4,61c1833dab3846cd2603ae4fab9d92f37054391ca7f667943713e08a1a4f474c,8s PRODUCT_ROTATION
AST-000973,PRJ-LOCAL-0110,Video Archive,CAPABILITY_COLLECTION,TIER_D,HOMEPAGE_REEL_ALTERNATE,FULL_BLEED_READY,USE_AFTER_CONTENT_APPROVAL,TIER_2,VIDEO,1280,720,VIDEO,4.mp4,070ce1b4245003af82065993a57e49efd1bdd60327a37a455ddc2f7f19061e8d,8s PRODUCT_ROTATION
AST-000974,PRJ-LOCAL-0110,Video Archive,CAPABILITY_COLLECTION,TIER_D,HOMEPAGE_REEL_ALTERNATE,FULL_BLEED_READY,USE_AFTER_CONTENT_APPROVAL,TIER_2,VIDEO,1280,720,VIDEO,40.mp4,17620269b26e0c59d75115fa5bc33171697eb7baca28a20bda2fe7c177315351,8s PRODUCT_ROTATION
AST-000975,PRJ-LOCAL-0110,Video Archive,CAPABILITY_COLLECTION,TIER_D,HOMEPAGE_REEL_ALTERNATE,FULL_BLEED_READY,USE_AFTER_CONTENT_APPROVAL,TIER_2,VIDEO,1280,720,VIDEO,41.mp4,662d394b198398763a991741b02f29c4e7e678c8d815a0c2bec3bb1ab114fbba,8s PRODUCT_ROTATION
AST-000979,PRJ-LOCAL-0110,Video Archive,CAPABILITY_COLLECTION,TIER_D,HOMEPAGE_REEL_ALTERNATE,FULL_BLEED_READY,USE_AFTER_CONTENT_APPROVAL,TIER_2,VIDEO,1280,720,VIDEO,5.mp4,c46504b1dcc15fb920e5b55b3a01d727e60df7d5ef9438b3c984390b13f3e9f2,8s PRODUCT_ROTATION
AST-000980,PRJ-LOCAL-0110,Video Archive,CAPABILITY_COLLECTION,TIER_D,HOMEPAGE_REEL_ALTERNATE,FULL_BLEED_READY,USE_AFTER_CONTENT_APPROVAL,TIER_2,VIDEO,1280,720,VIDEO,6.mp4,d9bcd22dd14aa74107f244c0e74cef54dda460c57583a83c50ff4155cbb84402,8s PRODUCT_ROTATION
AST-000981,PRJ-LOCAL-0110,Video Archive,CAPABILITY_COLLECTION,TIER_D,HOMEPAGE_REEL_ALTERNATE,FULL_BLEED_READY,USE_AFTER_CONTENT_APPROVAL,TIER_2,VIDEO,1280,720,VIDEO,7.mp4,90ae9b7690640aff7fec0d63ea68628263bc6f3cc6a48ef4cb0e2f208551ab05,8s PRODUCT_ROTATION
AST-000982,PRJ-LOCAL-0110,Video Archive,CAPABILITY_COLLECTION,TIER_D,HOMEPAGE_REEL_ALTERNATE,FULL_BLEED_READY,USE_AFTER_CONTENT_APPROVAL,TIER_2,VIDEO,1280,720,VIDEO,8.mp4,73fd8542fd0bddd71e88f15204790465f223a201cd2008982d6515675e3b2286,8s PRODUCT_ROTATION
AST-000983,PRJ-LOCAL-0110,Video Archive,CAPABILITY_COLLECTION,TIER_D,HOMEPAGE_REEL_ALTERNATE,FULL_BLEED_READY,USE_AFTER_CONTENT_APPROVAL,TIER_2,VIDEO,1280,720,VIDEO,9.mp4,abf90814b8b5451f0b9935771a771b3d690f6f652b123c1a15b819e53b66038f,8s PRODUCT_ROTATION
