entity_id,entity_display_name,entity_type,priority_tier,category,total_assets,FULL_BLEED_READY,LARGE_CONTAINED_READY,GALLERY_READY,CARD_READY,THUMBNAIL_ONLY,RESTORATION_CANDIDATE,NOT_FOR_PUBLICATION,UNREVIEWED,IMAGE_count,VIDEO_count,ARCHIVE_count,best_readiness,worst_readiness,USE_AFTER_CONTENT_APPROVAL,USE_AFTER_CLIENT_APPROVAL,HOLD_OWNER_REVIEW,ARCHIVE,DO_NOT_USE,USE_FOR_CAPABILITY_ONLY
PRJ-LOCAL-0020,SPOONY Smart Spoon,INDIVIDUAL_PROJECT,TIER_A,SPEC,15,0,0,1,14,0,0,0,0,15,0,0,GALLERY_READY,CARD_READY,15,0,0,0,0,0
PRJ-LOCAL-0021,DBLL — Adjustable Dumbbell,INDIVIDUAL_PROJECT,TIER_A,SPEC,13,0,0,1,7,0,0,5,0,13,0,0,GALLERY_READY,NOT_FOR_PUBLICATION,8,0,0,0,5,0
PRJ-LOCAL-0001,Tamarack Country Club,INDIVIDUAL_PROJECT,TIER_A,ARCHITECTURE,10,0,0,0,2,0,8,0,0,10,0,0,CARD_READY,RESTORATION_CANDIDATE,10,0,0,0,0,0
PRJ-LOCAL-0030,Crestron Adagio,INDIVIDUAL_PROJECT,TIER_A,HOME GOODS,7,0,0,1,0,0,6,0,0,7,0,0,GALLERY_READY,RESTORATION_CANDIDATE,0,7,0,0,0,0
PRJ-LOCAL-0022,RACK — Bath Tray / Caddy,INDIVIDUAL_PROJECT,TIER_A,SPEC,7,0,0,1,6,0,0,0,0,7,0,0,GALLERY_READY,CARD_READY,7,0,0,0,0,0
PRJ-LOCAL-0031,iPad Cover (IPM),INDIVIDUAL_PROJECT,TIER_A,MISCELLANEOUS,6,0,0,0,0,0,6,0,0,6,0,0,RESTORATION_CANDIDATE,RESTORATION_CANDIDATE,6,0,0,0,0,0
PRJ-LOCAL-0002,Misquamicut Beach Club,INDIVIDUAL_PROJECT,TIER_A,ARCHITECTURE,4,0,0,0,0,0,4,0,0,4,0,0,RESTORATION_CANDIDATE,RESTORATION_CANDIDATE,4,0,0,0,0,0
PRJ-LOCAL-0023,VIRT,INDIVIDUAL_PROJECT,TIER_A,SPEC,1,0,0,0,1,0,0,0,0,1,0,0,CARD_READY,CARD_READY,1,0,0,0,0,0
PRJ-LOCAL-0094,Outdoor & Sports Portfolio,PORTFOLIO_COLLECTION,TIER_B,OUTDOORS,27,0,0,0,0,0,27,0,0,27,0,0,RESTORATION_CANDIDATE,RESTORATION_CANDIDATE,27,0,0,0,0,0
PRJ-LOCAL-0090,Consumer Electronics Portfolio,PORTFOLIO_COLLECTION,TIER_B,CONSUMER ELECTRONICS,22,0,0,0,0,0,22,0,0,22,0,0,RESTORATION_CANDIDATE,RESTORATION_CANDIDATE,22,0,0,0,0,0
PRJ-LOCAL-0010,Yacht Design Portfolio,PROJECT_FAMILY,TIER_B,TRANSPORTATION,16,0,0,0,0,0,16,0,0,16,0,0,RESTORATION_CANDIDATE,RESTORATION_CANDIDATE,16,0,0,0,0,0
PRJ-LOCAL-0092,Appliances Portfolio,PORTFOLIO_COLLECTION,TIER_B,APPLIANCES,11,0,0,0,0,0,11,0,0,11,0,0,RESTORATION_CANDIDATE,RESTORATION_CANDIDATE,11,0,0,0,0,0
PRJ-LOCAL-0091,Communication Devices Portfolio,PORTFOLIO_COLLECTION,TIER_B,COMMUNICATION,11,0,0,0,0,0,11,0,0,11,0,0,RESTORATION_CANDIDATE,RESTORATION_CANDIDATE,11,0,0,0,0,0
PRJ-LOCAL-0085,Commercial Products Portfolio,PORTFOLIO_COLLECTION,TIER_B,COMMERCIAL,10,0,0,0,0,0,10,0,0,10,0,0,RESTORATION_CANDIDATE,RESTORATION_CANDIDATE,10,0,0,0,0,0
PRJ-LOCAL-0095,Industrial Equipment Portfolio,PORTFOLIO_COLLECTION,TIER_B,INDUSTRIAL,10,0,0,0,0,0,10,0,0,10,0,0,RESTORATION_CANDIDATE,RESTORATION_CANDIDATE,10,0,0,0,0,0
PRJ-LOCAL-0096,Kitchenware Portfolio,PORTFOLIO_COLLECTION,TIER_B,KITCHENWARE,10,0,0,0,0,0,10,0,0,10,0,0,RESTORATION_CANDIDATE,RESTORATION_CANDIDATE,10,0,0,0,0,0
PRJ-LOCAL-0051,iaMedium,INDIVIDUAL_PROJECT,TIER_B,COMMERCIAL,3,0,0,0,0,0,3,0,0,3,0,0,RESTORATION_CANDIDATE,RESTORATION_CANDIDATE,0,0,3,0,0,0
PRJ-LOCAL-0048,Spine Board,INDIVIDUAL_PROJECT,TIER_B,MEDICAL,3,0,0,0,0,0,3,0,0,3,0,0,RESTORATION_CANDIDATE,RESTORATION_CANDIDATE,0,0,3,0,0,0
PRJ-LOCAL-0012,Dubai International Boat Show,INDIVIDUAL_PROJECT,TIER_B,MISCELLANEOUS,3,0,0,0,0,0,3,0,0,3,0,0,RESTORATION_CANDIDATE,RESTORATION_CANDIDATE,3,0,0,0,0,0
PRJ-LOCAL-0052,Finger-Print Scanner,INDIVIDUAL_PROJECT,TIER_B,COMMERCIAL,2,0,0,0,0,0,2,0,0,2,0,0,RESTORATION_CANDIDATE,RESTORATION_CANDIDATE,0,0,2,0,0,0
PRJ-LOCAL-0053,Flight Planner,INDIVIDUAL_PROJECT,TIER_B,COMMERCIAL,2,0,0,0,0,0,2,0,0,2,0,0,RESTORATION_CANDIDATE,RESTORATION_CANDIDATE,0,0,2,0,0,0
PRJ-LOCAL-0054,Security Scanner,INDIVIDUAL_PROJECT,TIER_B,COMMERCIAL,2,0,0,0,0,0,2,0,0,2,0,0,RESTORATION_CANDIDATE,RESTORATION_CANDIDATE,0,0,2,0,0,0
PRJ-LOCAL-0041,Aesthetic Treatment Machine,INDIVIDUAL_PROJECT,TIER_B,MEDICAL,2,0,0,0,0,0,2,0,0,2,0,0,RESTORATION_CANDIDATE,RESTORATION_CANDIDATE,0,0,2,0,0,0
PRJ-LOCAL-0042,Blood Pressure Monitor,INDIVIDUAL_PROJECT,TIER_B,MEDICAL,2,0,0,0,0,0,2,0,0,2,0,0,RESTORATION_CANDIDATE,RESTORATION_CANDIDATE,0,0,2,0,0,0
PRJ-LOCAL-0044,Defibrillator,INDIVIDUAL_PROJECT,TIER_B,MEDICAL,2,0,0,0,0,0,2,0,0,2,0,0,RESTORATION_CANDIDATE,RESTORATION_CANDIDATE,0,0,2,0,0,0
PRJ-LOCAL-0043,Dental Jet,INDIVIDUAL_PROJECT,TIER_B,MEDICAL,2,0,0,0,0,0,2,0,0,2,0,0,RESTORATION_CANDIDATE,RESTORATION_CANDIDATE,0,0,2,0,0,0
PRJ-LOCAL-0045,Dynamometer,INDIVIDUAL_PROJECT,TIER_B,MEDICAL,2,0,0,0,0,0,2,0,0,2,0,0,RESTORATION_CANDIDATE,RESTORATION_CANDIDATE,0,0,2,0,0,0
PRJ-LOCAL-0046,Medical Hospital Scale,INDIVIDUAL_PROJECT,TIER_B,MEDICAL,2,0,0,0,0,0,2,0,0,2,0,0,RESTORATION_CANDIDATE,RESTORATION_CANDIDATE,0,0,2,0,0,0
PRJ-LOCAL-0047,Portable Scanner,INDIVIDUAL_PROJECT,TIER_B,MEDICAL,2,0,0,0,0,0,2,0,0,2,0,0,RESTORATION_CANDIDATE,RESTORATION_CANDIDATE,0,0,2,0,0,0
PRJ-LOCAL-0049,Therapy System,INDIVIDUAL_PROJECT,TIER_B,MEDICAL,2,0,0,0,0,0,2,0,0,2,0,0,RESTORATION_CANDIDATE,RESTORATION_CANDIDATE,0,0,2,0,0,0
PRJ-LOCAL-004A,Thermometer,INDIVIDUAL_PROJECT,TIER_B,MEDICAL,2,0,0,0,0,0,2,0,0,2,0,0,RESTORATION_CANDIDATE,RESTORATION_CANDIDATE,0,0,2,0,0,0
PRJ-LOCAL-005A,Armored Vehicle Camera,INDIVIDUAL_PROJECT,TIER_B,MILITARY,2,0,0,0,0,0,2,0,0,2,0,0,RESTORATION_CANDIDATE,RESTORATION_CANDIDATE,0,0,2,0,0,0
PRJ-LOCAL-005B,Binoculars (Military),INDIVIDUAL_PROJECT,TIER_B,MILITARY,2,0,0,0,0,0,2,0,0,2,0,0,RESTORATION_CANDIDATE,RESTORATION_CANDIDATE,0,0,2,0,0,0
PRJ-LOCAL-005C,Bomb Squad Remote,INDIVIDUAL_PROJECT,TIER_B,MILITARY,2,0,0,0,0,0,2,0,0,2,0,0,RESTORATION_CANDIDATE,RESTORATION_CANDIDATE,0,0,2,0,0,0
PRJ-LOCAL-005D,Bomb Squad Robot,INDIVIDUAL_PROJECT,TIER_B,MILITARY,2,0,0,0,0,0,2,0,0,2,0,0,RESTORATION_CANDIDATE,RESTORATION_CANDIDATE,0,0,2,0,0,0
PRJ-LOCAL-005E,Emergency Beacon,INDIVIDUAL_PROJECT,TIER_B,MILITARY,2,0,0,0,0,0,2,0,0,2,0,0,RESTORATION_CANDIDATE,RESTORATION_CANDIDATE,0,0,2,0,0,0
PRJ-LOCAL-005F,Flight Box,INDIVIDUAL_PROJECT,TIER_B,MILITARY,2,0,0,0,0,0,2,0,0,2,0,0,RESTORATION_CANDIDATE,RESTORATION_CANDIDATE,0,0,2,0,0,0
PRJ-LOCAL-005G,Gyrocam,INDIVIDUAL_PROJECT,TIER_B,MILITARY,2,0,0,0,0,0,2,0,0,2,0,0,RESTORATION_CANDIDATE,RESTORATION_CANDIDATE,0,0,2,0,0,0
PRJ-LOCAL-005H,Manpack,INDIVIDUAL_PROJECT,TIER_B,MILITARY,2,0,0,0,0,0,2,0,0,2,0,0,RESTORATION_CANDIDATE,RESTORATION_CANDIDATE,0,0,2,0,0,0
PRJ-LOCAL-005I,Military Phone,INDIVIDUAL_PROJECT,TIER_B,MILITARY,2,0,0,0,0,0,2,0,0,2,0,0,RESTORATION_CANDIDATE,RESTORATION_CANDIDATE,0,0,2,0,0,0
PRJ-LOCAL-005J,POD for UAV,INDIVIDUAL_PROJECT,TIER_B,MILITARY,2,0,0,0,0,0,2,0,0,2,0,0,RESTORATION_CANDIDATE,RESTORATION_CANDIDATE,0,0,2,0,0,0
PRJ-LOCAL-005K,Rackmount Enclosure (Military),INDIVIDUAL_PROJECT,TIER_B,MILITARY,2,0,0,0,0,0,2,0,0,2,0,0,RESTORATION_CANDIDATE,RESTORATION_CANDIDATE,0,0,2,0,0,0
PRJ-LOCAL-005L,Rifle Scope,INDIVIDUAL_PROJECT,TIER_B,MILITARY,2,0,0,0,0,0,2,0,0,2,0,0,RESTORATION_CANDIDATE,RESTORATION_CANDIDATE,0,0,2,0,0,0
PRJ-LOCAL-005M,Rugged Computer,INDIVIDUAL_PROJECT,TIER_B,MILITARY,2,0,0,0,0,0,2,0,0,2,0,0,RESTORATION_CANDIDATE,RESTORATION_CANDIDATE,0,0,2,0,0,0
PRJ-LOCAL-005N,Security Wand,INDIVIDUAL_PROJECT,TIER_B,MILITARY,2,0,0,0,0,0,2,0,0,2,0,0,RESTORATION_CANDIDATE,RESTORATION_CANDIDATE,0,0,2,0,0,0
PRJ-LOCAL-005O,Suitcase (Military),INDIVIDUAL_PROJECT,TIER_B,MILITARY,2,0,0,0,0,0,2,0,0,2,0,0,RESTORATION_CANDIDATE,RESTORATION_CANDIDATE,0,0,2,0,0,0
PRJ-LOCAL-005P,Tac-Eye Binocular,INDIVIDUAL_PROJECT,TIER_B,MILITARY,2,0,0,0,0,0,2,0,0,2,0,0,RESTORATION_CANDIDATE,RESTORATION_CANDIDATE,0,0,2,0,0,0
PRJ-LOCAL-0011,Aircraft Interior,INDIVIDUAL_PROJECT,TIER_B,TRANSPORTATION,2,0,0,0,0,0,2,0,0,2,0,0,RESTORATION_CANDIDATE,RESTORATION_CANDIDATE,2,0,0,0,0,0
PRJ-LOCAL-0070,Graphic Design Portfolio,PORTFOLIO_COLLECTION,TIER_C,GRAPHIC,16,0,0,0,0,0,16,0,0,16,0,0,RESTORATION_CANDIDATE,RESTORATION_CANDIDATE,16,0,0,0,0,0
PRJ-LOCAL-0060,Web Design Portfolio,PORTFOLIO_COLLECTION,TIER_C,WEB DESIGN,10,0,0,0,0,0,10,0,0,10,0,0,RESTORATION_CANDIDATE,RESTORATION_CANDIDATE,10,0,0,0,0,0
PRJ-LOCAL-0003,Charlotte Office Interior,INDIVIDUAL_PROJECT,TIER_C,ARCHITECTURE,3,0,0,0,0,3,0,0,0,3,0,0,THUMBNAIL_ONLY,THUMBNAIL_ONLY,3,0,0,0,0,0
PRJ-LOCAL-0004,Convent of the Sacred Heart,INDIVIDUAL_PROJECT,TIER_C,ARCHITECTURE,3,0,0,0,0,0,3,0,0,3,0,0,RESTORATION_CANDIDATE,RESTORATION_CANDIDATE,3,0,0,0,0,0
PRJ-LOCAL-0005,Hayderabad Phase II Project,INDIVIDUAL_PROJECT,TIER_C,ARCHITECTURE,3,0,0,0,0,0,3,0,0,3,0,0,RESTORATION_CANDIDATE,RESTORATION_CANDIDATE,3,0,0,0,0,0
PRJ-LOCAL-0006,520 Madison Avenue NY,INDIVIDUAL_PROJECT,TIER_C,ARCHITECTURE,1,0,0,0,0,0,1,0,0,1,0,0,RESTORATION_CANDIDATE,RESTORATION_CANDIDATE,1,0,0,0,0,0
PRJ-LOCAL-0900,OLD Archive (Unclassified),ARCHIVE_BUCKET,TIER_D,OLD,256,0,0,0,0,256,0,0,0,256,0,0,THUMBNAIL_ONLY,THUMBNAIL_ONLY,0,0,0,256,0,0
PRJ-LOCAL-0110,Video Archive,CAPABILITY_COLLECTION,TIER_D,VIDEO,44,0,0,0,0,0,0,0,44,0,44,0,UNREVIEWED,UNREVIEWED,44,0,0,0,0,0
PRJ-LOCAL-0080,Prototyping Capabilities,CAPABILITY_COLLECTION,TIER_D,PROTOTYPING,18,0,0,0,0,0,18,0,0,18,0,0,RESTORATION_CANDIDATE,RESTORATION_CANDIDATE,18,0,0,0,0,0
PRJ-LOCAL-0093,Home Goods Portfolio,PORTFOLIO_COLLECTION,TIER_D,HOME GOODS,5,0,0,0,0,0,5,0,0,5,0,0,RESTORATION_CANDIDATE,RESTORATION_CANDIDATE,5,0,0,0,0,0
PRJ-LOCAL-0097,Toys & Juvenile Portfolio,PORTFOLIO_COLLECTION,TIER_D,TOYS GAMES JUVENILE,3,0,0,0,0,0,3,0,0,3,0,0,RESTORATION_CANDIDATE,RESTORATION_CANDIDATE,3,0,0,0,0,0
PRJ-LOCAL-0098,Ladder Rack,INDIVIDUAL_PROJECT,TIER_D,MISCELLANEOUS,2,0,0,0,0,0,2,0,0,2,0,0,RESTORATION_CANDIDATE,RESTORATION_CANDIDATE,2,0,0,0,0,0
PRJ-LOCAL-0901,ALL Root (Unique Residue),AGGREGATE_DUPLICATE_BUCKET,TIER_D,ALL,1,0,0,0,0,1,0,0,0,1,0,0,THUMBNAIL_ONLY,THUMBNAIL_ONLY,0,0,0,1,0,0
PRJ-LOCAL-0100,OUTSOURCE 60,MULTI_CLIENT_ARCHIVE,TIER_D,OLD,1,0,0,0,0,1,0,0,0,0,0,1,THUMBNAIL_ONLY,THUMBNAIL_ONLY,0,0,0,0,0,1
