asset_id,entity_id,website_role,filename,source_path,source_path_status,destination_path,expected_sha256,actual_sha256,hash_match,media_class,width,height,notes
AST-000959,PRJ-LOCAL-0110,HOMEPAGE_REEL_PRIMARY,28.mp4,Images & Videos/VIDEO/28.mp4,VERIFIED,media-migration/PRJ-LOCAL-0110/28.mp4,d6080e46aadea3fba51ddffa70b3c430cf5359321e4ff6ace112b77c47f5547f,d6080e46aadea3fba51ddffa70b3c430cf5359321e4ff6ace112b77c47f5547f,PASS,VIDEO,2492,1080,
AST-000960,PRJ-LOCAL-0110,HOMEPAGE_REEL_PRIMARY,28a.mp4,Images & Videos/VIDEO/28a.mp4,VERIFIED,media-migration/PRJ-LOCAL-0110/28a.mp4,9f693d25e335f8f86236244f3418c5ade0804623e6f62d007c9b6c0abe3009e1,9f693d25e335f8f86236244f3418c5ade0804623e6f62d007c9b6c0abe3009e1,PASS,VIDEO,2492,1080,
AST-000961,PRJ-LOCAL-0110,HOMEPAGE_REEL_PRIMARY,29.mp4,Images & Videos/VIDEO/29.mp4,VERIFIED,media-migration/PRJ-LOCAL-0110/29.mp4,7561935703354c78775b4f1a6c7e808c6d2009ed017326563d5feb48acd29f2a,7561935703354c78775b4f1a6c7e808c6d2009ed017326563d5feb48acd29f2a,PASS,VIDEO,1936,1080,
AST-000963,PRJ-LOCAL-0110,HOMEPAGE_REEL_PRIMARY,30.mp4,Images & Videos/VIDEO/30.mp4,VERIFIED,media-migration/PRJ-LOCAL-0110/30.mp4,d15c72a63c0ad0e0140ad874a818b17b4c75ded02960066abaec5f1b67900c8d,d15c72a63c0ad0e0140ad874a818b17b4c75ded02960066abaec5f1b67900c8d,PASS,VIDEO,1936,1080,
AST-000964,PRJ-LOCAL-0110,HOMEPAGE_REEL_PRIMARY,31.mp4,Images & Videos/VIDEO/31.mp4,VERIFIED,media-migration/PRJ-LOCAL-0110/31.mp4,821f99ea79db1f5ac284cd4f439220e19da8041cef80d569267b0f06048e4a18,821f99ea79db1f5ac284cd4f439220e19da8041cef80d569267b0f06048e4a18,PASS,VIDEO,1936,1080,
AST-000965,PRJ-LOCAL-0110,HOMEPAGE_REEL_PRIMARY,32.mp4,Images & Videos/VIDEO/32.mp4,VERIFIED,media-migration/PRJ-LOCAL-0110/32.mp4,1fce0247a8113d12e5b85a23361943f68c1e80f02146fc2454111bfea43710f3,1fce0247a8113d12e5b85a23361943f68c1e80f02146fc2454111bfea43710f3,PASS,VIDEO,1936,1080,
AST-000966,PRJ-LOCAL-0110,HOMEPAGE_REEL_PRIMARY,33.mp4,Images & Videos/VIDEO/33.mp4,VERIFIED,media-migration/PRJ-LOCAL-0110/33.mp4,2e3105ee7fdc447a78d603af8f9eadfeaaff7cf99ee4624891e94c481800c515,2e3105ee7fdc447a78d603af8f9eadfeaaff7cf99ee4624891e94c481800c515,PASS,VIDEO,1936,1080,
AST-000967,PRJ-LOCAL-0110,HOMEPAGE_REEL_PRIMARY,34.mp4,Images & Videos/VIDEO/34.mp4,VERIFIED,media-migration/PRJ-LOCAL-0110/34.mp4,16fc968c7ca0742a0b43fdb10e3c22a90f445800435fef1b9e79cb4f5b268c37,16fc968c7ca0742a0b43fdb10e3c22a90f445800435fef1b9e79cb4f5b268c37,PASS,VIDEO,1936,1080,
AST-000968,PRJ-LOCAL-0110,HOMEPAGE_REEL_PRIMARY,35.mp4,Images & Videos/VIDEO/35.mp4,VERIFIED,media-migration/PRJ-LOCAL-0110/35.mp4,9839577b76f708c132c3c680f048944b63fe9d0ff1b25a9f25b62313ff085489,9839577b76f708c132c3c680f048944b63fe9d0ff1b25a9f25b62313ff085489,PASS,VIDEO,1936,1080,
AST-000969,PRJ-LOCAL-0110,HOMEPAGE_REEL_PRIMARY,36.mp4,Images & Videos/VIDEO/36.mp4,VERIFIED,media-migration/PRJ-LOCAL-0110/36.mp4,2f9704e1ef639c5aba6c0b46309abe5e6ee20c96abade3eab3883fb1fe69d201,2f9704e1ef639c5aba6c0b46309abe5e6ee20c96abade3eab3883fb1fe69d201,PASS,VIDEO,1936,1080,
AST-000970,PRJ-LOCAL-0110,HOMEPAGE_REEL_PRIMARY,37.mp4,Images & Videos/VIDEO/37.mp4,VERIFIED,media-migration/PRJ-LOCAL-0110/37.mp4,80d026a378e062aceaea38b18da15a9ba71e89ecda0e3241be64ce43886052e9,80d026a378e062aceaea38b18da15a9ba71e89ecda0e3241be64ce43886052e9,PASS,VIDEO,1936,1080,
AST-000971,PRJ-LOCAL-0110,HOMEPAGE_REEL_PRIMARY,38.mp4,Images & Videos/VIDEO/38.mp4,VERIFIED,media-migration/PRJ-LOCAL-0110/38.mp4,9c6ece697019926cf97c2f27992777a583a3e2e8261ef9b59158df4f8b52be26,9c6ece697019926cf97c2f27992777a583a3e2e8261ef9b59158df4f8b52be26,PASS,VIDEO,1936,1080,
AST-000976,PRJ-LOCAL-0110,HOMEPAGE_REEL_PRIMARY,42.mp4,Images & Videos/VIDEO/42.mp4,VERIFIED,media-migration/PRJ-LOCAL-0110/42.mp4,41f68bf1a310c96e6f02fc77cab84e70ba8acef88d9ae4c3350b80a7da6f5fd5,41f68bf1a310c96e6f02fc77cab84e70ba8acef88d9ae4c3350b80a7da6f5fd5,PASS,VIDEO,2592,1080,
AST-000977,PRJ-LOCAL-0110,HOMEPAGE_REEL_PRIMARY,42A.mp4,Images & Videos/VIDEO/42A.mp4,VERIFIED,media-migration/PRJ-LOCAL-0110/42A.mp4,41f68bf1a310c96e6f02fc77cab84e70ba8acef88d9ae4c3350b80a7da6f5fd5,41f68bf1a310c96e6f02fc77cab84e70ba8acef88d9ae4c3350b80a7da6f5fd5,PASS,VIDEO,2592,1080,
AST-000897,PRJ-LOCAL-0020,CASE_STUDY_LEAD,SPOONY-THUMBNAIL.png,Images & Videos/SPEC/SPON/A/SPOONY-THUMBNAIL.png,VERIFIED,media-migration/PRJ-LOCAL-0020/SPOONY-THUMBNAIL.png,524ac6933bb3218e52839ca3aa9b127f11f497e672bf152e12bf4d00a8692986,524ac6933bb3218e52839ca3aa9b127f11f497e672bf152e12bf4d00a8692986,PASS,IMAGE,1168,1168,
AST-000886,PRJ-LOCAL-0020,CASE_STUDY_SUPPORT,0a1204ff-86f3-44b1-970e-cfb8c883a9bc.jpg,Images & Videos/SPEC/SPON/0a1204ff-86f3-44b1-970e-cfb8c883a9bc.jpg,VERIFIED,media-migration/PRJ-LOCAL-0020/0a1204ff-86f3-44b1-970e-cfb8c883a9bc.jpg,321f3a0c93a88861b354f6b59996dc4adc9e8b82b699feb1330d0919083fbe12,321f3a0c93a88861b354f6b59996dc4adc9e8b82b699feb1330d0919083fbe12,PASS,IMAGE,1600,900,
AST-000887,PRJ-LOCAL-0020,CASE_STUDY_SUPPORT,07964f5d-d6ef-420c-9a52-e91f97349dfb.jpg,Images & Videos/SPEC/SPON/A/07964f5d-d6ef-420c-9a52-e91f97349dfb.jpg,VERIFIED,media-migration/PRJ-LOCAL-0020/07964f5d-d6ef-420c-9a52-e91f97349dfb.jpg,c70443522e953dfc9b229fcc2e93f6fe506270755edfbe0c0312329ce549b38f,c70443522e953dfc9b229fcc2e93f6fe506270755edfbe0c0312329ce549b38f,PASS,IMAGE,1600,900,
AST-000888,PRJ-LOCAL-0020,CASE_STUDY_SUPPORT,09e72b74-6f40-4a4d-afd6-9fe4d0d10936.jpg,Images & Videos/SPEC/SPON/A/09e72b74-6f40-4a4d-afd6-9fe4d0d10936.jpg,VERIFIED,media-migration/PRJ-LOCAL-0020/09e72b74-6f40-4a4d-afd6-9fe4d0d10936.jpg,cbe2187b0ce523428fc813fa176a3f06134a284366976ee0aab5588acaff7b1b,cbe2187b0ce523428fc813fa176a3f06134a284366976ee0aab5588acaff7b1b,PASS,IMAGE,1600,900,
AST-000889,PRJ-LOCAL-0020,CASE_STUDY_SUPPORT,1bad19be-c681-44e1-b684-ed5592c44a15.jpg,Images & Videos/SPEC/SPON/A/1bad19be-c681-44e1-b684-ed5592c44a15.jpg,VERIFIED,media-migration/PRJ-LOCAL-0020/1bad19be-c681-44e1-b684-ed5592c44a15.jpg,4d5f69824f8052d2e4889b2e003324bd73c16c7d0473bc98e6f8b346f5e71e91,4d5f69824f8052d2e4889b2e003324bd73c16c7d0473bc98e6f8b346f5e71e91,PASS,IMAGE,1600,900,
AST-000890,PRJ-LOCAL-0020,CASE_STUDY_SUPPORT,248527da-fefa-4432-83d7-f2a41307cacc.jpg,Images & Videos/SPEC/SPON/A/248527da-fefa-4432-83d7-f2a41307cacc.jpg,VERIFIED,media-migration/PRJ-LOCAL-0020/248527da-fefa-4432-83d7-f2a41307cacc.jpg,5b8607f66455e0177c27d0e18a58e1f4fd7b6cc75d27a327924c4ed1e8ce1b78,5b8607f66455e0177c27d0e18a58e1f4fd7b6cc75d27a327924c4ed1e8ce1b78,PASS,IMAGE,1600,900,
AST-000891,PRJ-LOCAL-0020,CASE_STUDY_SUPPORT,2edfa118-40b3-40e2-842a-5bfa83d56a20.jpg,Images & Videos/SPEC/SPON/A/2edfa118-40b3-40e2-842a-5bfa83d56a20.jpg,VERIFIED,media-migration/PRJ-LOCAL-0020/2edfa118-40b3-40e2-842a-5bfa83d56a20.jpg,a847a456a8d7e2ccf88f0048ded779b4018f01214b0b1fa610b5a0dd8a05416f,a847a456a8d7e2ccf88f0048ded779b4018f01214b0b1fa610b5a0dd8a05416f,PASS,IMAGE,1600,1168,
AST-000892,PRJ-LOCAL-0020,CASE_STUDY_SUPPORT,34b26467-fb16-4c55-a506-090be4239985.jpg,Images & Videos/SPEC/SPON/A/34b26467-fb16-4c55-a506-090be4239985.jpg,VERIFIED,media-migration/PRJ-LOCAL-0020/34b26467-fb16-4c55-a506-090be4239985.jpg,89613030c7fcff840e18ba50ba03abb60e7d701b1f773007b7d67df0175723e6,89613030c7fcff840e18ba50ba03abb60e7d701b1f773007b7d67df0175723e6,PASS,IMAGE,1600,900,
AST-000893,PRJ-LOCAL-0020,CASE_STUDY_SUPPORT,47c0b82e-3d94-497e-a75b-8510ab2737d8.jpg,Images & Videos/SPEC/SPON/A/47c0b82e-3d94-497e-a75b-8510ab2737d8.jpg,VERIFIED,media-migration/PRJ-LOCAL-0020/47c0b82e-3d94-497e-a75b-8510ab2737d8.jpg,ec298c1d7960676dfb7ccaf0cfe247a63db9366e6ee43f6d76c0794d82bed749,ec298c1d7960676dfb7ccaf0cfe247a63db9366e6ee43f6d76c0794d82bed749,PASS,IMAGE,1600,900,
AST-000894,PRJ-LOCAL-0020,CASE_STUDY_SUPPORT,565828ca-64ae-44cc-9ef3-fd3fde21daac.jpg,Images & Videos/SPEC/SPON/A/565828ca-64ae-44cc-9ef3-fd3fde21daac.jpg,VERIFIED,media-migration/PRJ-LOCAL-0020/565828ca-64ae-44cc-9ef3-fd3fde21daac.jpg,fc464dea5b989219912a26d39b16fce38869a7b621b6622e5e4c764c633d6d92,fc464dea5b989219912a26d39b16fce38869a7b621b6622e5e4c764c633d6d92,PASS,IMAGE,1600,900,
AST-000895,PRJ-LOCAL-0020,CASE_STUDY_SUPPORT,6374c322-53c8-4e11-88d4-9b20e74947dd.jpg,Images & Videos/SPEC/SPON/A/6374c322-53c8-4e11-88d4-9b20e74947dd.jpg,VERIFIED,media-migration/PRJ-LOCAL-0020/6374c322-53c8-4e11-88d4-9b20e74947dd.jpg,ed195f798b5a33db28f8a8669220b9b872fafc0e9c79428dc7fbc76b6dc5c583,ed195f798b5a33db28f8a8669220b9b872fafc0e9c79428dc7fbc76b6dc5c583,PASS,IMAGE,1600,900,
AST-000896,PRJ-LOCAL-0020,CASE_STUDY_SUPPORT,81134d30-b341-4e59-bc7f-054f37c7c88b.jpg,Images & Videos/SPEC/SPON/A/81134d30-b341-4e59-bc7f-054f37c7c88b.jpg,VERIFIED,media-migration/PRJ-LOCAL-0020/81134d30-b341-4e59-bc7f-054f37c7c88b.jpg,c159e0505ed8adf0c763ef4c8c6ad4a94ed6221c6ac457e49bf86a580af14cd8,c159e0505ed8adf0c763ef4c8c6ad4a94ed6221c6ac457e49bf86a580af14cd8,PASS,IMAGE,1600,900,
AST-000898,PRJ-LOCAL-0020,CASE_STUDY_SUPPORT,bf46d228-b42d-43ce-99fc-bb67b210bb79.jpg,Images & Videos/SPEC/SPON/A/bf46d228-b42d-43ce-99fc-bb67b210bb79.jpg,VERIFIED,media-migration/PRJ-LOCAL-0020/bf46d228-b42d-43ce-99fc-bb67b210bb79.jpg,d11b7efa880cae50e444a33ee76d37644517af4cf31fc4b4f1a6a4abe806f1e3,d11b7efa880cae50e444a33ee76d37644517af4cf31fc4b4f1a6a4abe806f1e3,PASS,IMAGE,1600,900,
AST-000899,PRJ-LOCAL-0020,CASE_STUDY_SUPPORT,cd21d58b-5d21-41a8-9677-5993cf521e35.jpg,Images & Videos/SPEC/SPON/A/cd21d58b-5d21-41a8-9677-5993cf521e35.jpg,VERIFIED,media-migration/PRJ-LOCAL-0020/cd21d58b-5d21-41a8-9677-5993cf521e35.jpg,8af6e0ee43157ef28a229fdb43c3cb5055c5023f1bd4c0d16d1ef962497d1e96,8af6e0ee43157ef28a229fdb43c3cb5055c5023f1bd4c0d16d1ef962497d1e96,PASS,IMAGE,1280,847,
AST-000900,PRJ-LOCAL-0020,CASE_STUDY_SUPPORT,da673554-c904-4aed-b6c8-d73372a196b7.jpg,Images & Videos/SPEC/SPON/A/da673554-c904-4aed-b6c8-d73372a196b7.jpg,VERIFIED,media-migration/PRJ-LOCAL-0020/da673554-c904-4aed-b6c8-d73372a196b7.jpg,0a27c64552b25e1a1f57ddf80fc8a7be295936ca2643ef8d8ff47df5911a2724,0a27c64552b25e1a1f57ddf80fc8a7be295936ca2643ef8d8ff47df5911a2724,PASS,IMAGE,1280,847,
AST-000870,PRJ-LOCAL-0021,CASE_STUDY_SUPPORT,123_design_blog_new_products_DUMB_BELL_icon.jpg,Images & Videos/SPEC/DBLL/123_design_blog_new_products_DUMB_BELL_icon.jpg,VERIFIED,media-migration/PRJ-LOCAL-0021/123_design_blog_new_products_DUMB_BELL_icon.jpg,05a23bbae585cac2d5b0ee383af719169195aa3509a3c906f87e66f9d60ba39e,05a23bbae585cac2d5b0ee383af719169195aa3509a3c906f87e66f9d60ba39e,PASS,IMAGE,902,902,
AST-000885,PRJ-LOCAL-0022,CASE_STUDY_SUPPORT,123_design_blog_new_products_1-(1).jpg,Images & Videos/SPEC/RACK/123_design_blog_new_products_1-(1).jpg,VERIFIED,media-migration/PRJ-LOCAL-0022/123_design_blog_new_products_1-(1).jpg,583f604cf9531f59b8f988efda958bebfc2bfa0667e89cce486d7037716f7f3c,583f604cf9531f59b8f988efda958bebfc2bfa0667e89cce486d7037716f7f3c,PASS,IMAGE,854,854,
AST-000498,PRJ-LOCAL-0030,CASE_STUDY_SUPPORT,e73eb6ff-7657-40f7-ba6b-f0b7c4c7933e.jpg,Images & Videos/OLD/ADAGIO/e73eb6ff-7657-40f7-ba6b-f0b7c4c7933e.jpg,VERIFIED,media-migration/PRJ-LOCAL-0030/e73eb6ff-7657-40f7-ba6b-f0b7c4c7933e.jpg,decdca684cf6c67dd2dbad66cd93082fb66bba8a23111112c171b0d26cd49a6a,decdca684cf6c67dd2dbad66cd93082fb66bba8a23111112c171b0d26cd49a6a,PASS,IMAGE,1024,512,
AST-000299,PRJ-LOCAL-0001,PORTFOLIO_CARD,tam-main-elevs-front.jpg,Images & Videos/ALL/tam-main-elevs-front.jpg,VERIFIED,media-migration/PRJ-LOCAL-0001/tam-main-elevs-front.jpg,dc4460143975188fb0fcbb846e733792e83990d26ce95575ef9ff68a3ea31477,dc4460143975188fb0fcbb846e733792e83990d26ce95575ef9ff68a3ea31477,PASS,IMAGE,1280,853,
AST-000300,PRJ-LOCAL-0001,PORTFOLIO_CARD,tam-main-elevs-side.jpg,Images & Videos/ALL/tam-main-elevs-side.jpg,VERIFIED,media-migration/PRJ-LOCAL-0001/tam-main-elevs-side.jpg,ba2fada30c67f4ee0f10e5aa1ebc3faebaf37e6c13dec0dab1e838e6c46a4244,ba2fada30c67f4ee0f10e5aa1ebc3faebaf37e6c13dec0dab1e838e6c46a4244,PASS,IMAGE,1280,853,
AST-000864,PRJ-LOCAL-0021,PORTFOLIO_CARD,123_design_blog_new_products_DUMB_BELL_(1).jpg,Images & Videos/SPEC/DBLL/123_design_blog_new_products_DUMB_BELL_(1).jpg,VERIFIED,media-migration/PRJ-LOCAL-0021/123_design_blog_new_products_DUMB_BELL_(1).jpg,fc1a142c7099f3b1326a38d40aa1ca32b191ed906457fe9c9b04baf8b2b32142,fc1a142c7099f3b1326a38d40aa1ca32b191ed906457fe9c9b04baf8b2b32142,PASS,IMAGE,1600,900,
AST-000865,PRJ-LOCAL-0021,PORTFOLIO_CARD,123_design_blog_new_products_DUMB_BELL_(2).jpg,Images & Videos/SPEC/DBLL/123_design_blog_new_products_DUMB_BELL_(2).jpg,VERIFIED,media-migration/PRJ-LOCAL-0021/123_design_blog_new_products_DUMB_BELL_(2).jpg,7e8d83f97be98f9af57139d47b2dc54bd511adb112cc4074fde64e0cfe13b2e4,7e8d83f97be98f9af57139d47b2dc54bd511adb112cc4074fde64e0cfe13b2e4,PASS,IMAGE,1600,1067,
AST-000866,PRJ-LOCAL-0021,PORTFOLIO_CARD,123_design_blog_new_products_DUMB_BELL_(3).jpg,Images & Videos/SPEC/DBLL/123_design_blog_new_products_DUMB_BELL_(3).jpg,VERIFIED,media-migration/PRJ-LOCAL-0021/123_design_blog_new_products_DUMB_BELL_(3).jpg,fa82f8d4ea9b3d7f8466027e83c598f9ea96f537fad522e433e9db26a1773144,fa82f8d4ea9b3d7f8466027e83c598f9ea96f537fad522e433e9db26a1773144,PASS,IMAGE,1600,1067,
AST-000867,PRJ-LOCAL-0021,PORTFOLIO_CARD,123_design_blog_new_products_DUMB_BELL_(4).jpg,Images & Videos/SPEC/DBLL/123_design_blog_new_products_DUMB_BELL_(4).jpg,VERIFIED,media-migration/PRJ-LOCAL-0021/123_design_blog_new_products_DUMB_BELL_(4).jpg,09275706b6560121460dbf4b33d8a88dcb84b7a1a2c231ee8b2c30791e24d645,09275706b6560121460dbf4b33d8a88dcb84b7a1a2c231ee8b2c30791e24d645,PASS,IMAGE,1600,1067,
AST-000868,PRJ-LOCAL-0021,PORTFOLIO_CARD,123_design_blog_new_products_DUMB_BELL_(5).jpg,Images & Videos/SPEC/DBLL/123_design_blog_new_products_DUMB_BELL_(5).jpg,VERIFIED,media-migration/PRJ-LOCAL-0021/123_design_blog_new_products_DUMB_BELL_(5).jpg,5b4c67044129f9bd7122d4e70e8650c04e389555fb717dc80c12a6519e474fa4,5b4c67044129f9bd7122d4e70e8650c04e389555fb717dc80c12a6519e474fa4,PASS,IMAGE,1600,1067,
AST-000869,PRJ-LOCAL-0021,PORTFOLIO_CARD,123_design_blog_new_products_DUMB_BELL_(6).jpg,Images & Videos/SPEC/DBLL/123_design_blog_new_products_DUMB_BELL_(6).jpg,VERIFIED,media-migration/PRJ-LOCAL-0021/123_design_blog_new_products_DUMB_BELL_(6).jpg,6753399a8c8c795668069a7eff0d71366123a8ac7c4d2099a90e50c7f609a417,6753399a8c8c795668069a7eff0d71366123a8ac7c4d2099a90e50c7f609a417,PASS,IMAGE,1600,1067,
AST-000878,PRJ-LOCAL-0021,PORTFOLIO_CARD,WhatsApp Image 2019-08-19 at 3.37.32 PM.jpeg,Images & Videos/SPEC/DBLL/WhatsApp Image 2019-08-19 at 3.37.32 PM.jpeg,VERIFIED,media-migration/PRJ-LOCAL-0021/WhatsApp Image 2019-08-19 at 3.37.32 PM.jpeg,ae1f2195ba4221570f27c940dfd374b9371bb137813bd5b154a8833f04a7c5fe,ae1f2195ba4221570f27c940dfd374b9371bb137813bd5b154a8833f04a7c5fe,PASS,IMAGE,1408,1066,
AST-000879,PRJ-LOCAL-0022,PORTFOLIO_CARD,123_design_blog_new_products_1 (1).jpg,Images & Videos/SPEC/RACK/123_design_blog_new_products_1 (1).jpg,VERIFIED,media-migration/PRJ-LOCAL-0022/123_design_blog_new_products_1 (1).jpg,0efb82bd43364b2cce21064954452160bf947e5cd305b4fa76b4897eb0975a95,0efb82bd43364b2cce21064954452160bf947e5cd305b4fa76b4897eb0975a95,PASS,IMAGE,1280,854,
AST-000880,PRJ-LOCAL-0022,PORTFOLIO_CARD,123_design_blog_new_products_1 (2).jpg,Images & Videos/SPEC/RACK/123_design_blog_new_products_1 (2).jpg,VERIFIED,media-migration/PRJ-LOCAL-0022/123_design_blog_new_products_1 (2).jpg,29ac8c6377d5a7d99f0b5688043741944b21f7073bbea5a0f86e3c8ad6cb6cbb,29ac8c6377d5a7d99f0b5688043741944b21f7073bbea5a0f86e3c8ad6cb6cbb,PASS,IMAGE,1280,854,
AST-000881,PRJ-LOCAL-0022,PORTFOLIO_CARD,123_design_blog_new_products_1 (3).jpg,Images & Videos/SPEC/RACK/123_design_blog_new_products_1 (3).jpg,VERIFIED,media-migration/PRJ-LOCAL-0022/123_design_blog_new_products_1 (3).jpg,5ca111542c1ad6a0de0df2956a47b3d067f8914ddf5b8bc97ee1aceb146840d1,5ca111542c1ad6a0de0df2956a47b3d067f8914ddf5b8bc97ee1aceb146840d1,PASS,IMAGE,1280,854,
AST-000882,PRJ-LOCAL-0022,PORTFOLIO_CARD,123_design_blog_new_products_1 (4).jpg,Images & Videos/SPEC/RACK/123_design_blog_new_products_1 (4).jpg,VERIFIED,media-migration/PRJ-LOCAL-0022/123_design_blog_new_products_1 (4).jpg,b567b22899a1fef6124254a055f14cd9d06ef7cbbe9961e372d3774348010b5e,b567b22899a1fef6124254a055f14cd9d06ef7cbbe9961e372d3774348010b5e,PASS,IMAGE,1280,854,
AST-000883,PRJ-LOCAL-0022,PORTFOLIO_CARD,123_design_blog_new_products_1 (5).jpg,Images & Videos/SPEC/RACK/123_design_blog_new_products_1 (5).jpg,VERIFIED,media-migration/PRJ-LOCAL-0022/123_design_blog_new_products_1 (5).jpg,05114322f774c408b983de39b0ba3093f7dde7101516dd246019a19f3de93cf1,05114322f774c408b983de39b0ba3093f7dde7101516dd246019a19f3de93cf1,PASS,IMAGE,1280,854,
AST-000884,PRJ-LOCAL-0022,PORTFOLIO_CARD,123_design_blog_new_products_1 (6).jpg,Images & Videos/SPEC/RACK/123_design_blog_new_products_1 (6).jpg,VERIFIED,media-migration/PRJ-LOCAL-0022/123_design_blog_new_products_1 (6).jpg,2ad1f194f29f6aad0def7880e15950275c7f1efe5c4363d137768af2c7528ddb,2ad1f194f29f6aad0def7880e15950275c7f1efe5c4363d137768af2c7528ddb,PASS,IMAGE,1280,854,
AST-000901,PRJ-LOCAL-0023,PORTFOLIO_CARD,WhatsApp Image 2019-08-22 at 11.30.15 AM.jpeg,Images & Videos/SPEC/VIRT/WhatsApp Image 2019-08-22 at 11.30.15 AM.jpeg,VERIFIED,media-migration/PRJ-LOCAL-0023/WhatsApp Image 2019-08-22 at 11.30.15 AM.jpeg,bc8aae3267c5174d4ba8b1085809cd25be3d803644892944dc63679e39fc3cb6,bc8aae3267c5174d4ba8b1085809cd25be3d803644892944dc63679e39fc3cb6,PASS,IMAGE,1600,1068,
AST-000939,PRJ-LOCAL-0110,HOMEPAGE_REEL_ALTERNATE,1.mp4,Images & Videos/VIDEO/1.mp4,VERIFIED,media-migration/PRJ-LOCAL-0110/1.mp4,58e38dbc0005110faf1f9e97ff9cda7fdc02b349eb856b0d2b07e3d82ae233c7,58e38dbc0005110faf1f9e97ff9cda7fdc02b349eb856b0d2b07e3d82ae233c7,PASS,VIDEO,1280,720,
AST-000940,PRJ-LOCAL-0110,HOMEPAGE_REEL_ALTERNATE,10.mp4,Images & Videos/VIDEO/10.mp4,VERIFIED,media-migration/PRJ-LOCAL-0110/10.mp4,84a02909ef9f79b26d45a8e917133ff982423985843c8dcd97abb94ead93e425,84a02909ef9f79b26d45a8e917133ff982423985843c8dcd97abb94ead93e425,PASS,VIDEO,1280,720,
AST-000941,PRJ-LOCAL-0110,HOMEPAGE_REEL_ALTERNATE,11.mp4,Images & Videos/VIDEO/11.mp4,VERIFIED,media-migration/PRJ-LOCAL-0110/11.mp4,51ce9d60b3f22534c96648b84d8f4cee42d40880148809f9a430178e7f719125,51ce9d60b3f22534c96648b84d8f4cee42d40880148809f9a430178e7f719125,PASS,VIDEO,1280,720,
AST-000942,PRJ-LOCAL-0110,HOMEPAGE_REEL_ALTERNATE,12.mp4,Images & Videos/VIDEO/12.mp4,VERIFIED,media-migration/PRJ-LOCAL-0110/12.mp4,74f6fce38d172a0c91c59fc45aaea44b46fd13d8331d9556b7104424761d7e55,74f6fce38d172a0c91c59fc45aaea44b46fd13d8331d9556b7104424761d7e55,PASS,VIDEO,1280,720,
AST-000943,PRJ-LOCAL-0110,HOMEPAGE_REEL_ALTERNATE,13.mp4,Images & Videos/VIDEO/13.mp4,VERIFIED,media-migration/PRJ-LOCAL-0110/13.mp4,af816a975576d71b5c1004e774e7ee4019e801b0c997153dc9cb3f0f8717de10,af816a975576d71b5c1004e774e7ee4019e801b0c997153dc9cb3f0f8717de10,PASS,VIDEO,1280,720,
AST-000944,PRJ-LOCAL-0110,HOMEPAGE_REEL_ALTERNATE,14.mp4,Images & Videos/VIDEO/14.mp4,VERIFIED,media-migration/PRJ-LOCAL-0110/14.mp4,acd64588a83a7ab7926ed7e1964832ea927ac65c9aec4bb43a06759316358b33,acd64588a83a7ab7926ed7e1964832ea927ac65c9aec4bb43a06759316358b33,PASS,VIDEO,1280,720,
AST-000945,PRJ-LOCAL-0110,HOMEPAGE_REEL_ALTERNATE,15.mp4,Images & Videos/VIDEO/15.mp4,VERIFIED,media-migration/PRJ-LOCAL-0110/15.mp4,7a75c4acf8593b0431273717aebd6b92491d30aeaee41e7202ab8ff3549354e4,7a75c4acf8593b0431273717aebd6b92491d30aeaee41e7202ab8ff3549354e4,PASS,VIDEO,1280,720,
AST-000946,PRJ-LOCAL-0110,HOMEPAGE_REEL_ALTERNATE,16.mp4,Images & Videos/VIDEO/16.mp4,VERIFIED,media-migration/PRJ-LOCAL-0110/16.mp4,cdcf84e58053ae16abbe2f3eb8c08e20d2020c49fde14197a6c20751b5b16b61,cdcf84e58053ae16abbe2f3eb8c08e20d2020c49fde14197a6c20751b5b16b61,PASS,VIDEO,1280,720,
AST-000947,PRJ-LOCAL-0110,HOMEPAGE_REEL_ALTERNATE,17.mp4,Images & Videos/VIDEO/17.mp4,VERIFIED,media-migration/PRJ-LOCAL-0110/17.mp4,db541ad9572147a71404c6fdc4db05dd1a95af48f3500e538e7a22c27339573c,db541ad9572147a71404c6fdc4db05dd1a95af48f3500e538e7a22c27339573c,PASS,VIDEO,1280,720,
AST-000948,PRJ-LOCAL-0110,HOMEPAGE_REEL_ALTERNATE,18.mp4,Images & Videos/VIDEO/18.mp4,VERIFIED,media-migration/PRJ-LOCAL-0110/18.mp4,54c0124da49cb53152daf3eaeb4292ad71da80e85d1fa4ccd0ccfce579e5f0d2,54c0124da49cb53152daf3eaeb4292ad71da80e85d1fa4ccd0ccfce579e5f0d2,PASS,VIDEO,1280,720,
AST-000949,PRJ-LOCAL-0110,HOMEPAGE_REEL_ALTERNATE,19.mp4,Images & Videos/VIDEO/19.mp4,VERIFIED,media-migration/PRJ-LOCAL-0110/19.mp4,6a00bc8a123e380c090c707910dff1f3860ace451c7c4def9cc9fd5b0e3f18c9,6a00bc8a123e380c090c707910dff1f3860ace451c7c4def9cc9fd5b0e3f18c9,PASS,VIDEO,1280,720,
AST-000950,PRJ-LOCAL-0110,HOMEPAGE_REEL_ALTERNATE,2.mp4,Images & Videos/VIDEO/2.mp4,VERIFIED,media-migration/PRJ-LOCAL-0110/2.mp4,decd0bd23d1e4597360dedbe2102f86b77c8caa7d91dc3feb18dbb1009910a61,decd0bd23d1e4597360dedbe2102f86b77c8caa7d91dc3feb18dbb1009910a61,PASS,VIDEO,1280,720,
AST-000951,PRJ-LOCAL-0110,HOMEPAGE_REEL_ALTERNATE,20.mp4,Images & Videos/VIDEO/20.mp4,VERIFIED,media-migration/PRJ-LOCAL-0110/20.mp4,713117d2520a9e7b09802c90a683012729f0033ea110b87956fabee42660a74d,713117d2520a9e7b09802c90a683012729f0033ea110b87956fabee42660a74d,PASS,VIDEO,1280,720,
AST-000952,PRJ-LOCAL-0110,HOMEPAGE_REEL_ALTERNATE,21.mp4,Images & Videos/VIDEO/21.mp4,VERIFIED,media-migration/PRJ-LOCAL-0110/21.mp4,3dc31466270115a31895699849df0a0c6d2734ed32199822aa0501de301ea80c,3dc31466270115a31895699849df0a0c6d2734ed32199822aa0501de301ea80c,PASS,VIDEO,1280,720,
AST-000953,PRJ-LOCAL-0110,HOMEPAGE_REEL_ALTERNATE,22.mp4,Images & Videos/VIDEO/22.mp4,VERIFIED,media-migration/PRJ-LOCAL-0110/22.mp4,df523ad39e67aec3bf2c05408e18f9cfad7565f19f3f008a6f181c6dd912216b,df523ad39e67aec3bf2c05408e18f9cfad7565f19f3f008a6f181c6dd912216b,PASS,VIDEO,1280,720,
AST-000954,PRJ-LOCAL-0110,HOMEPAGE_REEL_ALTERNATE,23.mp4,Images & Videos/VIDEO/23.mp4,VERIFIED,media-migration/PRJ-LOCAL-0110/23.mp4,f0b7be595a6338cc5f815b2506946488e111ae5c004ecfa1e84ac8657e2ef070,f0b7be595a6338cc5f815b2506946488e111ae5c004ecfa1e84ac8657e2ef070,PASS,VIDEO,1280,720,
AST-000955,PRJ-LOCAL-0110,HOMEPAGE_REEL_ALTERNATE,24.mp4,Images & Videos/VIDEO/24.mp4,VERIFIED,media-migration/PRJ-LOCAL-0110/24.mp4,e98add0a736340811658820c36e79ae8dac9dcee2ea87d766526650ed7ce19d8,e98add0a736340811658820c36e79ae8dac9dcee2ea87d766526650ed7ce19d8,PASS,VIDEO,1280,720,
AST-000956,PRJ-LOCAL-0110,HOMEPAGE_REEL_ALTERNATE,25.mp4,Images & Videos/VIDEO/25.mp4,VERIFIED,media-migration/PRJ-LOCAL-0110/25.mp4,dba659a75386cc359251bbc221db11976457961bca2261ca61df4fb91ca0ce63,dba659a75386cc359251bbc221db11976457961bca2261ca61df4fb91ca0ce63,PASS,VIDEO,1280,720,
AST-000957,PRJ-LOCAL-0110,HOMEPAGE_REEL_ALTERNATE,26.mp4,Images & Videos/VIDEO/26.mp4,VERIFIED,media-migration/PRJ-LOCAL-0110/26.mp4,ba93ddd97ee7e14bffabde8a3fc3a1d1e27ca6780f98f45305653f860eef7b2a,ba93ddd97ee7e14bffabde8a3fc3a1d1e27ca6780f98f45305653f860eef7b2a,PASS,VIDEO,1280,720,
AST-000958,PRJ-LOCAL-0110,HOMEPAGE_REEL_ALTERNATE,27.mp4,Images & Videos/VIDEO/27.mp4,VERIFIED,media-migration/PRJ-LOCAL-0110/27.mp4,2f0ad6646a8200282252cbc5ddc1380f67610b47dece58ca3c2fd51688ac8b6e,2f0ad6646a8200282252cbc5ddc1380f67610b47dece58ca3c2fd51688ac8b6e,PASS,VIDEO,1280,720,
AST-000962,PRJ-LOCAL-0110,HOMEPAGE_REEL_ALTERNATE,3.mp4,Images & Videos/VIDEO/3.mp4,VERIFIED,media-migration/PRJ-LOCAL-0110/3.mp4,f57f6761c2b444554f6230726ac94f337f2e5eaecc30f450409dfafcf5a29736,f57f6761c2b444554f6230726ac94f337f2e5eaecc30f450409dfafcf5a29736,PASS,VIDEO,1280,720,
AST-000972,PRJ-LOCAL-0110,HOMEPAGE_REEL_ALTERNATE,39.mp4,Images & Videos/VIDEO/39.mp4,VERIFIED,media-migration/PRJ-LOCAL-0110/39.mp4,61c1833dab3846cd2603ae4fab9d92f37054391ca7f667943713e08a1a4f474c,61c1833dab3846cd2603ae4fab9d92f37054391ca7f667943713e08a1a4f474c,PASS,VIDEO,1280,720,
AST-000973,PRJ-LOCAL-0110,HOMEPAGE_REEL_ALTERNATE,4.mp4,Images & Videos/VIDEO/4.mp4,VERIFIED,media-migration/PRJ-LOCAL-0110/4.mp4,070ce1b4245003af82065993a57e49efd1bdd60327a37a455ddc2f7f19061e8d,070ce1b4245003af82065993a57e49efd1bdd60327a37a455ddc2f7f19061e8d,PASS,VIDEO,1280,720,
AST-000974,PRJ-LOCAL-0110,HOMEPAGE_REEL_ALTERNATE,40.mp4,Images & Videos/VIDEO/40.mp4,VERIFIED,media-migration/PRJ-LOCAL-0110/40.mp4,17620269b26e0c59d75115fa5bc33171697eb7baca28a20bda2fe7c177315351,17620269b26e0c59d75115fa5bc33171697eb7baca28a20bda2fe7c177315351,PASS,VIDEO,1280,720,
AST-000975,PRJ-LOCAL-0110,HOMEPAGE_REEL_ALTERNATE,41.mp4,Images & Videos/VIDEO/41.mp4,VERIFIED,media-migration/PRJ-LOCAL-0110/41.mp4,662d394b198398763a991741b02f29c4e7e678c8d815a0c2bec3bb1ab114fbba,662d394b198398763a991741b02f29c4e7e678c8d815a0c2bec3bb1ab114fbba,PASS,VIDEO,1280,720,
AST-000979,PRJ-LOCAL-0110,HOMEPAGE_REEL_ALTERNATE,5.mp4,Images & Videos/VIDEO/5.mp4,VERIFIED,media-migration/PRJ-LOCAL-0110/5.mp4,c46504b1dcc15fb920e5b55b3a01d727e60df7d5ef9438b3c984390b13f3e9f2,c46504b1dcc15fb920e5b55b3a01d727e60df7d5ef9438b3c984390b13f3e9f2,PASS,VIDEO,1280,720,
AST-000980,PRJ-LOCAL-0110,HOMEPAGE_REEL_ALTERNATE,6.mp4,Images & Videos/VIDEO/6.mp4,VERIFIED,media-migration/PRJ-LOCAL-0110/6.mp4,d9bcd22dd14aa74107f244c0e74cef54dda460c57583a83c50ff4155cbb84402,d9bcd22dd14aa74107f244c0e74cef54dda460c57583a83c50ff4155cbb84402,PASS,VIDEO,1280,720,
AST-000981,PRJ-LOCAL-0110,HOMEPAGE_REEL_ALTERNATE,7.mp4,Images & Videos/VIDEO/7.mp4,VERIFIED,media-migration/PRJ-LOCAL-0110/7.mp4,90ae9b7690640aff7fec0d63ea68628263bc6f3cc6a48ef4cb0e2f208551ab05,90ae9b7690640aff7fec0d63ea68628263bc6f3cc6a48ef4cb0e2f208551ab05,PASS,VIDEO,1280,720,
AST-000982,PRJ-LOCAL-0110,HOMEPAGE_REEL_ALTERNATE,8.mp4,Images & Videos/VIDEO/8.mp4,VERIFIED,media-migration/PRJ-LOCAL-0110/8.mp4,73fd8542fd0bddd71e88f15204790465f223a201cd2008982d6515675e3b2286,73fd8542fd0bddd71e88f15204790465f223a201cd2008982d6515675e3b2286,PASS,VIDEO,1280,720,
AST-000983,PRJ-LOCAL-0110,HOMEPAGE_REEL_ALTERNATE,9.mp4,Images & Videos/VIDEO/9.mp4,VERIFIED,media-migration/PRJ-LOCAL-0110/9.mp4,abf90814b8b5451f0b9935771a771b3d690f6f652b123c1a15b819e53b66038f,abf90814b8b5451f0b9935771a771b3d690f6f652b123c1a15b819e53b66038f,PASS,VIDEO,1280,720,
AST-000846,PRJ-LOCAL-0080,PROCESS_GALLERY,prototype_guitar_support.jpg,Images & Videos/PROTOTYPING/Acrylic FormingBending/prototype_guitar_support.jpg,VERIFIED,media-migration/PRJ-LOCAL-0080/prototype_guitar_support.jpg,1bfb598aaad1b91adf452c75817380552a18739ae6ac2e8eac1dd1e884c99269,1bfb598aaad1b91adf452c75817380552a18739ae6ac2e8eac1dd1e884c99269,PASS,IMAGE,660,439,Process asset — Acrylic forming/bending
AST-000847,PRJ-LOCAL-0080,PROCESS_GALLERY,prototype_guitar_support2.jpg,Images & Videos/PROTOTYPING/Acrylic FormingBending/prototype_guitar_support2.jpg,VERIFIED,media-migration/PRJ-LOCAL-0080/prototype_guitar_support2.jpg,c292bb7d3a576828bae74f632ff95b73ce1cd92f72fad8f62c19d719cab8d9d4,c292bb7d3a576828bae74f632ff95b73ce1cd92f72fad8f62c19d719cab8d9d4,PASS,IMAGE,660,476,Process asset — Acrylic forming/bending
AST-000848,PRJ-LOCAL-0080,PROCESS_GALLERY,prototype_carbon_fiber.jpg,Images & Videos/PROTOTYPING/Carbon Fiber Molding/prototype_carbon_fiber.jpg,VERIFIED,media-migration/PRJ-LOCAL-0080/prototype_carbon_fiber.jpg,468e715e1b83f7c2c0d2ceab3825789ad424e843bd274721fec88cde73611b88,468e715e1b83f7c2c0d2ceab3825789ad424e843bd274721fec88cde73611b88,PASS,IMAGE,660,403,Process asset — Carbon fiber molding
AST-000849,PRJ-LOCAL-0080,PROCESS_GALLERY,prototype_carbon_fiber2.jpg,Images & Videos/PROTOTYPING/Carbon Fiber Molding/prototype_carbon_fiber2.jpg,VERIFIED,media-migration/PRJ-LOCAL-0080/prototype_carbon_fiber2.jpg,5a780e0225662f45b668a3e9e88d4ae85ed914fc14b5f613dee1af773ae34166,5a780e0225662f45b668a3e9e88d4ae85ed914fc14b5f613dee1af773ae34166,PASS,IMAGE,660,439,Process asset — Carbon fiber molding
AST-000850,PRJ-LOCAL-0080,PROCESS_GALLERY,prototype_fdm.jpg,Images & Videos/PROTOTYPING/FDM Printing/prototype_fdm.jpg,VERIFIED,media-migration/PRJ-LOCAL-0080/prototype_fdm.jpg,95cc8bd61063f059d33cd8459d724aafa82f39322d66521ada09ba95fa36a6d8,95cc8bd61063f059d33cd8459d724aafa82f39322d66521ada09ba95fa36a6d8,PASS,IMAGE,660,456,Process asset — FDM 3D printing
AST-000851,PRJ-LOCAL-0080,PROCESS_GALLERY,therapy_bike.jpg,Images & Videos/PROTOTYPING/Multi Level Prototyping/therapy_bike.jpg,VERIFIED,media-migration/PRJ-LOCAL-0080/therapy_bike.jpg,d206e3eb036a74d6b3ff4ba7624eb985bdc19034658280bff302c2d930c61f52,d206e3eb036a74d6b3ff4ba7624eb985bdc19034658280bff302c2d930c61f52,PASS,IMAGE,660,439,Process asset — Multi-level prototyping
AST-000852,PRJ-LOCAL-0080,PROCESS_GALLERY,therapy_bike2.jpg,Images & Videos/PROTOTYPING/Multi Level Prototyping/therapy_bike2.jpg,VERIFIED,media-migration/PRJ-LOCAL-0080/therapy_bike2.jpg,eda058e906a6676a6d1901cb327c53a2b72727d1b92fbd01bc240361a968030c,eda058e906a6676a6d1901cb327c53a2b72727d1b92fbd01bc240361a968030c,PASS,IMAGE,660,439,Process asset — Multi-level prototyping
AST-000853,PRJ-LOCAL-0080,PROCESS_GALLERY,prototype_camera_hd.jpg,"Images & Videos/PROTOTYPING/Rubber Coating, Silkscreening/prototype_camera_hd.jpg",VERIFIED,media-migration/PRJ-LOCAL-0080/prototype_camera_hd.jpg,5ed521a78177fef320cc81d4897bceae4a660ede67563716937de4db7317ff18,5ed521a78177fef320cc81d4897bceae4a660ede67563716937de4db7317ff18,PASS,IMAGE,660,507,Process asset — Rubber coating + silkscreening
AST-000854,PRJ-LOCAL-0080,PROCESS_GALLERY,prototype_remote1.jpg,"Images & Videos/PROTOTYPING/Rubber Coating, Silkscreening/prototype_remote1.jpg",VERIFIED,media-migration/PRJ-LOCAL-0080/prototype_remote1.jpg,201f56ec6897dc4f1c305cc328b69f58ebfa48e552a2ce5fc8d22b6c0f2a8e24,201f56ec6897dc4f1c305cc328b69f58ebfa48e552a2ce5fc8d22b6c0f2a8e24,PASS,IMAGE,660,439,Process asset — Rubber coating + silkscreening
AST-000855,PRJ-LOCAL-0080,PROCESS_GALLERY,prototype_remote2.jpg,"Images & Videos/PROTOTYPING/Rubber Coating, Silkscreening/prototype_remote2.jpg",VERIFIED,media-migration/PRJ-LOCAL-0080/prototype_remote2.jpg,d0f79379f6ebb35a2a4cc4a6f3b26ea4220b5afd5d4ee5ec3eed9a6f7d757ce7,d0f79379f6ebb35a2a4cc4a6f3b26ea4220b5afd5d4ee5ec3eed9a6f7d757ce7,PASS,IMAGE,660,439,Process asset — Rubber coating + silkscreening
AST-000856,PRJ-LOCAL-0080,PROCESS_GALLERY,prototype_remote3.jpg,"Images & Videos/PROTOTYPING/Rubber Coating, Silkscreening/prototype_remote3.jpg",VERIFIED,media-migration/PRJ-LOCAL-0080/prototype_remote3.jpg,4a118629f1af84383a317b2a7239974ad562c1fb0ce9411595a81cdf2e209fda,4a118629f1af84383a317b2a7239974ad562c1fb0ce9411595a81cdf2e209fda,PASS,IMAGE,660,439,Process asset — Rubber coating + silkscreening
AST-000857,PRJ-LOCAL-0080,PROCESS_GALLERY,prototype_clip_fdm.jpg,Images & Videos/ALL/prototype_clip_fdm.jpg,VERIFIED,media-migration/PRJ-LOCAL-0080/prototype_clip_fdm.jpg,dbd0d5ae6c8904fd217ad406453229bdc8dc27f9a1ca4d2b645686456d70c17e,dbd0d5ae6c8904fd217ad406453229bdc8dc27f9a1ca4d2b645686456d70c17e,PASS,IMAGE,660,463,Process asset — SLA/SLS 3D printing
AST-000858,PRJ-LOCAL-0080,PROCESS_GALLERY,PAP1.jpg,Images & Videos/PROTOTYPING/Sheet Metal + RTV Tooling/PAP1.jpg,VERIFIED,media-migration/PRJ-LOCAL-0080/PAP1.jpg,ec9c81726aafdeb7c7c4ca777c162af1dcff46bd754c4b378d447da1bd64376c,ec9c81726aafdeb7c7c4ca777c162af1dcff46bd754c4b378d447da1bd64376c,PASS,IMAGE,660,439,Process asset — Sheet metal + RTV tooling
AST-000859,PRJ-LOCAL-0080,PROCESS_GALLERY,pap2.jpg,Images & Videos/PROTOTYPING/Sheet Metal + RTV Tooling/pap2.jpg,VERIFIED,media-migration/PRJ-LOCAL-0080/pap2.jpg,22098f560ca0733d1370b169b95872c1170b084141496feead820eb2c548b02d,22098f560ca0733d1370b169b95872c1170b084141496feead820eb2c548b02d,PASS,IMAGE,660,439,Process asset — Sheet metal + RTV tooling
AST-000860,PRJ-LOCAL-0080,PROCESS_GALLERY,pap3.jpg,Images & Videos/PROTOTYPING/Sheet Metal + RTV Tooling/pap3.jpg,VERIFIED,media-migration/PRJ-LOCAL-0080/pap3.jpg,3d70143163c3569bdbb43fd172a9ecc1a8bf2be7a45fd7e146f6c881441c77dd,3d70143163c3569bdbb43fd172a9ecc1a8bf2be7a45fd7e146f6c881441c77dd,PASS,IMAGE,660,439,Process asset — Sheet metal + RTV tooling
AST-000861,PRJ-LOCAL-0080,PROCESS_GALLERY,pap4.jpg,Images & Videos/PROTOTYPING/Sheet Metal + RTV Tooling/pap4.jpg,VERIFIED,media-migration/PRJ-LOCAL-0080/pap4.jpg,c5afa1e5caef7423d2a476777d1696984a08dd978be7007f3cc5f863e275f2a4,c5afa1e5caef7423d2a476777d1696984a08dd978be7007f3cc5f863e275f2a4,PASS,IMAGE,660,439,Process asset — Sheet metal + RTV tooling
AST-000862,PRJ-LOCAL-0080,PROCESS_GALLERY,pap5.jpg,Images & Videos/PROTOTYPING/Sheet Metal + RTV Tooling/pap5.jpg,VERIFIED,media-migration/PRJ-LOCAL-0080/pap5.jpg,c0ca61f09208a331f5347288378fcb042b7377e1e11d5d74e9fb07f717849fb9,c0ca61f09208a331f5347288378fcb042b7377e1e11d5d74e9fb07f717849fb9,PASS,IMAGE,660,439,Process asset — Sheet metal + RTV tooling
AST-000863,PRJ-LOCAL-0080,PROCESS_GALLERY,pap6.jpg,Images & Videos/PROTOTYPING/Sheet Metal + RTV Tooling/pap6.jpg,VERIFIED,media-migration/PRJ-LOCAL-0080/pap6.jpg,e1cd50257d640cf8559e05ca48897c1a5965642bb80e4770581752a3c9fbc688,e1cd50257d640cf8559e05ca48897c1a5965642bb80e4770581752a3c9fbc688,PASS,IMAGE,660,439,Process asset — Sheet metal + RTV tooling
