duplicate_group,sha256,copy_count,total_redundant_bytes,asset_ids,source_paths,categories,notes
DUP-00001,9be4100b68b5a4e02346225963da4adeb313c913f6bec84354cc3da89cc9c62d,2,44182,AST-000001; AST-000918,ALL/5717newpoohsmall.jpg; TOYS GAMES JUVENILE/Massaging Vibrating Teether/5717newpoohsmall.jpg,ALL; TOYS GAMES JUVENILE,
DUP-00002,c3078ef5463172749adc37038be70c522872aa3dbb5dbec50dca374aa8e988c8,2,48130,AST-000002; AST-000421,ALL/ArmoredVehicleCamera-1.jpg; MILITARY/Armored Vehicle Camera/ArmoredVehicleCamera-1.jpg,ALL; MILITARY,
DUP-00003,80e743e3de727ae0fc01cfa145487464ec5b88339c84ccf04d071a8935c71477,2,26200,AST-000003; AST-000422,ALL/ArmoredVehicleCamera-2.jpg; MILITARY/Armored Vehicle Camera/ArmoredVehicleCamera-2.jpg,ALL; MILITARY,
DUP-00004,0de2b587c5ae8291385fff6a5ac3ffaf9836dffdf217f1db11ec0f0e738ef28f,2,19627,AST-000004; AST-000423,ALL/Binoculars-1.jpg; MILITARY/Binoculars/Binoculars-1.jpg,ALL; MILITARY,
DUP-00005,44127fe064b15e725ed3396d342da4d33a591dc2f8baf68fafb8c09973b17028,2,41431,AST-000005; AST-000424,ALL/Binoculars-2.jpg; MILITARY/Binoculars/Binoculars-2.jpg,ALL; MILITARY,
DUP-00006,924db7e4495b3b8269106c2a92873587af984c2af5268951a13e9b64e84509b1,2,19081,AST-000006; AST-000427,ALL/Bomb_Squad_Robot-1.jpg; MILITARY/Bomb Squad Robot/Bomb_Squad_Robot-1.jpg,ALL; MILITARY,
DUP-00007,54267d1f90429c605f401fa6197c360232382610ad4eb2f6be90e7a539d748ce,2,29628,AST-000007; AST-000428,ALL/Bomb_Squad_Robot-2.jpg; MILITARY/Bomb Squad Robot/Bomb_Squad_Robot-2.jpg,ALL; MILITARY,
DUP-00008,91b97451b22ab15406f23971ae820a8902519fec6b6159e904d0172cf8bcdbbc,2,72622,AST-000008; AST-000322,ALL/Business_phone-1.jpg; COMMUNICATION/Business Phone/Business_phone-1.jpg,ALL; COMMUNICATION,
DUP-00009,da5c7dfbc9484c3f9503fe414d27aa75554708e94190a7f1d105b31db472d71f,2,22887,AST-000009; AST-000335,ALL/Camcorder-1.jpg; CONSUMER ELECTRONICS/Cam Corder (Portable Camera)/Camcorder-1.jpg,ALL; CONSUMER ELECTRONICS,
DUP-00010,89a3318ff5fcbe76f301ec5799f68dc6abdcc423ef8e5031d517ca3fc1bef46c,2,22444,AST-000010; AST-000336,ALL/Camcorder-2.jpg; CONSUMER ELECTRONICS/Cam Corder (Portable Camera)/Camcorder-2.jpg,ALL; CONSUMER ELECTRONICS,
DUP-00011,45e11a481d9d017f89e3bc34067ac065c85128a5f01efdb010224892dbe49ef4,2,172442,AST-000011; AST-000925,ALL/Catamaran-1.jpg; TRANSPORTATION/Catamaran/Catamaran-1.jpg,ALL; TRANSPORTATION,
DUP-00012,3f208e6637346bfe47882f7d9ea87810087c6cc83ed7424d9d6d54b6b0418c0d,2,32395,AST-000012; AST-000926,ALL/Catamaran-2.jpg; TRANSPORTATION/Catamaran/Catamaran-2.jpg,ALL; TRANSPORTATION,
DUP-00013,0f8b5deb9d4f4a097f22029bbfbfbfdf95953b4c3b18f786ef188a4dad9f6a6b,2,66502,AST-000013; AST-000280,ALL/Charlotte  photos 11-20-09 084 (2).jpg; ARCHITECTURE/Charlotte Office Interior/Charlotte  photos 11-20-09 084 (2).jpg,ALL; ARCHITECTURE,
DUP-00014,a0daff7d2a6588596785185e7e8e7c3283e2cac1978e4f69a5fd85da627b9956,2,61145,AST-000014; AST-000281,ALL/Charlotte  photos 11-20-09 087 (2).jpg; ARCHITECTURE/Charlotte Office Interior/Charlotte  photos 11-20-09 087 (2).jpg,ALL; ARCHITECTURE,
DUP-00015,46e5cd4dc973ef9d608409b0059de87f397e54a4d5daa6323b799cb2b7586a99,2,47226,AST-000015; AST-000282,ALL/Charlotte  photos 11-20-09 092 (2).jpg; ARCHITECTURE/Charlotte Office Interior/Charlotte  photos 11-20-09 092 (2).jpg,ALL; ARCHITECTURE,
DUP-00016,46488437230e895410982df44877420fbc9a5d5a920aae28a9ce1c8d49f55deb,2,64706,AST-000016; AST-000355,ALL/Cleanser-1.jpg; GRAPHIC/Cleanser/Cleanser-1.jpg,ALL; GRAPHIC,
DUP-00017,d6648d556e9e81d21a7a4335bfc6f4e231b32b40ff82e30ccc6d199d5abe44d0,2,77971,AST-000017; AST-000356,ALL/Cleanser-2.jpg; GRAPHIC/Cleanser/Cleanser-2.jpg,ALL; GRAPHIC,
DUP-00018,9e1efacaf729b5da7b62337fdc448fa74ca7ddefc16d5f5b61f6310deee3de92,3,26640,AST-000018; AST-000313; AST-000451,ALL/Commercia_img.jpg; COMMERCIAL/Security Scanner/Commercia_img.jpg; MILITARY/Security Scanner/Commercia_img.jpg,ALL; COMMERCIAL; MILITARY,
DUP-00019,6aa0440675b066b3cb6821bf08bcc68d997c809d09d07064ace65bb3d810d090,2,47272,AST-000019; AST-000331,ALL/Communication_main_2.jpg; COMMUNICATION/iPhone Case/Communication_main_2.jpg,ALL; COMMUNICATION,
DUP-00020,71fac3a1d246cf8a5e3cad5662d7937e221fff37368600568af4edc49af6ade7,2,84233,AST-000020; AST-000332,ALL/Communication_main_img.jpg; COMMUNICATION/iPhone Case/Communication_main_img.jpg,ALL; COMMUNICATION,
DUP-00021,9dc56a96783def73f5ddca9c84f230f1fe68b5da56b7a72fe89f3da9da82654d,2,144835,AST-000021; AST-000279,ALL/DSC02427.JPG; ARCHITECTURE/520 Madison Avenue NY/DSC02427.JPG,ALL; ARCHITECTURE,
DUP-00022,264aa0361495bcebc83046634c3e27537f638630c31814bb65e327b593570458,2,129884,AST-000022; AST-000337,ALL/DVD Player.jpg; CONSUMER ELECTRONICS/DVD Player/DVD Player.jpg,ALL; CONSUMER ELECTRONICS,
DUP-00023,6e50e5eaf8e9694f2ccfbe2b71eda88ef469bb35265995e9b09691a9f629c3bc,2,56699,AST-000023; AST-000338,ALL/DVD Player_2.jpg; CONSUMER ELECTRONICS/DVD Player/DVD Player_2.jpg,ALL; CONSUMER ELECTRONICS,
DUP-00024,78fb978a6c4bcce42b3ccfe461cc62c2f45321a3c3b1b43d4df778f7248530ba,2,163581,AST-000024; AST-000927,ALL/Diamond-1.jpg; TRANSPORTATION/Diamond/Diamond-1.jpg,ALL; TRANSPORTATION,
DUP-00025,0a3a52852817f41ac98efc54631602a29719439f159ae771406ba076cb28b605,2,102959,AST-000025; AST-000928,ALL/Diamond-2.jpg; TRANSPORTATION/Diamond/Diamond-2.jpg,ALL; TRANSPORTATION,
DUP-00026,bf8f31842a0a28693ee05d86252583c1e944a91f4e1225b9a308e1d5de114a97,2,80411,AST-000026; AST-000305,ALL/Dictaphone-1.jpg; COMMERCIAL/Dictaphone/Dictaphone-1.jpg,ALL; COMMERCIAL,
DUP-00027,90aafc85b7fdd84faa4d81dcbe61e7f90073b1356894c654b5bca14a8c08b430,2,71448,AST-000027; AST-000306,ALL/Dictaphone-2.jpg; COMMERCIAL/Dictaphone/Dictaphone-2.jpg,ALL; COMMERCIAL,
DUP-00028,ea264e3e2ceebcd409de7db45f3e286878042765261d220ab2b6edb10c894677,2,23686,AST-000028; AST-000902,ALL/Dumbbells-1.jpg; SPORT/Dumbbells/Dumbbells-1.jpg,ALL; SPORT,
DUP-00029,25890463753eb88acc1629e54d45a623a8e1f78dce37f8be051094f5787eb84e,2,22825,AST-000029; AST-000903,ALL/Dumbbells-2.jpg; SPORT/Dumbbells/Dumbbells-2.jpg,ALL; SPORT,
DUP-00030,9fb502a451097bebc29639a354d62a237b6bb993f0098ff040aea5e83f297736,2,44337,AST-000030; AST-000268,ALL/FAN1.jpg; APPLIANCES/Air Conditioning Fan/FAN1.jpg,ALL; APPLIANCES,
DUP-00031,7613e7b41b05fd809cb10184ab65d5d0c5328d0614c9173c000c13484659c879,2,62180,AST-000031; AST-000269,ALL/FAN2.jpg; APPLIANCES/Air Conditioning Fan/FAN2.jpg,ALL; APPLIANCES,
DUP-00032,21c9041323e8d79318d4acff52a52ba3a79722735c8371efdf2ebeeaed52a538,2,28672,AST-000032; AST-000270,ALL/FAN3.jpg; APPLIANCES/Air Conditioning Fan/FAN3.jpg,ALL; APPLIANCES,
DUP-00033,6ba2420ad4b8a92c65e4f5c0f930d515e13e0ed38b31575fb712344b746d3cb3,2,124931,AST-000033; AST-000984,ALL/GKV Law Firm 2.jpg; WEB DESIGN/GKV Law Firm/GKV Law Firm 2.jpg,ALL; WEB DESIGN,
DUP-00034,2a97ab9e5f76c83b7d59fb8638a114ce3bb28f3e1acb2b088d5a5bfa2f5f1a28,2,97858,AST-000034; AST-000985,ALL/GKVLawFirm.jpg; WEB DESIGN/GKV Law Firm/GKVLawFirm.jpg,ALL; WEB DESIGN,
DUP-00035,ac2f101003535d5764863b017a1b34222b9fedd1ce1208bc6514b6ca479143e1,2,103306,AST-000035; AST-000324,ALL/GPS_Navigator-1.jpg; COMMUNICATION/GPS Navigator/GPS_Navigator-1.jpg,ALL; COMMUNICATION,
DUP-00036,7bd86e1f21f3d75483a93487391cfa073a14aec12ad445bc84cfdb04662fe83a,2,94768,AST-000036; AST-000325,ALL/GPS_Navigator-2.jpg; COMMUNICATION/GPS Navigator/GPS_Navigator-2.jpg,ALL; COMMUNICATION,
DUP-00037,a16aac5fd68ae4dcbe345fd5a4d7e6576d9bd8de85ab01fdb903444fbd888fd4,2,41073,AST-000037; AST-000437,ALL/Gyrocam-1.jpg; MILITARY/Gyrocam/Gyrocam-1.jpg,ALL; MILITARY,
DUP-00038,89fd1e5daff9a52b99e16c7805fb9b75a6c770e98663b8533efdba739e61c585,2,14414,AST-000038; AST-000438,ALL/Gyrocam-2.jpg; MILITARY/Gyrocam/Gyrocam-2.jpg,ALL; MILITARY,
DUP-00039,4f80f1bf310aa7d1815a8e89d950b99614ede40ae81529af7ab361ff48668062,2,23330,AST-000039; AST-000339,ALL/Handheld_Massager-1.jpg; CONSUMER ELECTRONICS/Handheld Massager/Handheld_Massager-1.jpg,ALL; CONSUMER ELECTRONICS,
DUP-00040,c176b831f0e137e6a17ee3ab027960006657d182bb66a027cf2b94837cc7c744,2,11547,AST-000040; AST-000340,ALL/Handheld_Massager-2.jpg; CONSUMER ELECTRONICS/Handheld Massager/Handheld_Massager-2.jpg,ALL; CONSUMER ELECTRONICS,
DUP-00041,67710c0ba4f9c50c247449f222b040f8c797b37bafcc5a48159b80efcffffc30,2,55118,AST-000041; AST-000286,ALL/Haydar1.jpg; ARCHITECTURE/Hayderabad Phase II Project/Haydar1.jpg,ALL; ARCHITECTURE,
DUP-00042,ebd802c7942ce7a2e935881cfe947ccbe84b41d2e2aa73a92d40b8e64564ebf1,2,54796,AST-000042; AST-000287,ALL/Haydar2.jpg; ARCHITECTURE/Hayderabad Phase II Project/Haydar2.jpg,ALL; ARCHITECTURE,
DUP-00043,3d5f082c4151f809096390edf3162556ba3a612ca28aada812cbeae41d295267,2,64481,AST-000043; AST-000288,ALL/Haydar3.jpg; ARCHITECTURE/Hayderabad Phase II Project/Haydar3.jpg,ALL; ARCHITECTURE,
DUP-00044,f555b0bc179a8f15b105475b7c18c3865a16110979af976479a08716bdf696a8,2,53043,AST-000044; AST-000359,ALL/Heavenly_Cigar-1.jpg; GRAPHIC/Heavenly/Heavenly_Cigar-1.jpg,ALL; GRAPHIC,
DUP-00045,b3f937367401128792fa1846c81fa677a8ac38a91e538c4053b01670502af45e,2,22158,AST-000045; AST-000929,ALL/Hydra-1.jpg; TRANSPORTATION/Hydra/Hydra-1.jpg,ALL; TRANSPORTATION,
DUP-00046,da8d325339cd240db4723f5edcdaa25acc6b97d685dbc02aa8625b99578ed44a,2,106833,AST-000046; AST-000930,ALL/Hydra-2.jpg; TRANSPORTATION/Hydra/Hydra-2.jpg,ALL; TRANSPORTATION,
DUP-00047,d3edf1611d0dc9548d7f8f8e1437eb20d2a208987ce892d45d43a855e556d90d,2,36976,AST-000047; AST-000466,ALL/IPM-009_LR.jpg; MISCELLANEOUS/iPad Cover/IPM-009_LR.jpg,ALL; MISCELLANEOUS,
DUP-00048,601c8849638275f4495d46c843d66aab93df3ebf1ff7c369ba5aee2fdc99636e,2,65860,AST-000048; AST-000467,ALL/IPM-010_LR.jpg; MISCELLANEOUS/iPad Cover/IPM-010_LR.jpg,ALL; MISCELLANEOUS,
DUP-00049,31c0d8fce4b097c5a4cec5e73090690b5a81b5df780eb1fcf231cf077be3d6a8,3,50576,AST-000049; AST-000375; AST-000377,ALL/Ionizer-1.jpg; HOME GOODS/Fan Tower/Ionizer-1.jpg; HOME GOODS/Ionizer/Ionizer-1.jpg,ALL; HOME GOODS,
DUP-00050,bcf27c5ba16f4d4da22f7191c86f086f74f553153aa892df77e9ad62d4878726,3,53050,AST-000050; AST-000376; AST-000378,ALL/Ionizer-2.jpg; HOME GOODS/Fan Tower/Ionizer-2.jpg; HOME GOODS/Ionizer/Ionizer-2.jpg,ALL; HOME GOODS,
DUP-00051,ce512766205c9a64c45eba5a5c8a8bbe8be87bacee11e968b39aa59887e1851b,2,39734,AST-000051; AST-000931,ALL/Luxury_Yacht-1.jpg; TRANSPORTATION/Luxury Yacht/Luxury_Yacht-1.jpg,ALL; TRANSPORTATION,
DUP-00052,426584c3d46099516331b1a90310beca82d98c70a3cba30744ab09d00cbb31f1,2,124686,AST-000052; AST-000932,ALL/Luxury_Yacht-2.jpg; TRANSPORTATION/Luxury Yacht/Luxury_Yacht-2.jpg,ALL; TRANSPORTATION,
DUP-00053,cd7b9fcbc0f6f6645fa2d31ae81264556d6c7399b3e0af45bca81a96899650b0,2,157165,AST-000053; AST-000986,ALL/MBA Air 2.jpg; WEB DESIGN/MBA Air/MBA Air 2.jpg,ALL; WEB DESIGN,
DUP-00054,8007d782df17ff84d8eef426bc8585151604687d34707127fcb32e2d3a8bba3b,2,97413,AST-000054; AST-000987,ALL/MBA_Air.jpg; WEB DESIGN/MBA Air/MBA_Air.jpg,ALL; WEB DESIGN,
DUP-00055,88ec9fa0d5fff0924d5187abafc6e66521eb4ddae1943eb4a16a87b21625702f,2,96704,AST-000055; AST-000362,ALL/MCL_Cafeteria-1.jpg; GRAPHIC/MCL Cafeteria/MCL_Cafeteria-1.jpg,ALL; GRAPHIC,
DUP-00056,30bc9ad0658cb4fc7d276368bbd6d47c252c0270a06df91b34264a9935bd1273,2,48829,AST-000056; AST-000363,ALL/MCL_Cafeteria-2.jpg; GRAPHIC/MCL Cafeteria/MCL_Cafeteria-2.jpg,ALL; GRAPHIC,
DUP-00057,8ff701c5affde1f8b6ede6344ab1f72b00f5e0bfe58c8227ec50bb9eec78f723,2,17025,AST-000057; AST-000386,ALL/Mail_Extraction_Machine.jpg; INDUSTRIAL/Mail Extraction Machine/Mail_Extraction_Machine.jpg,ALL; INDUSTRIAL,
DUP-00058,4bdf71b561e81f5f5a6ddea628409eb2efadc9af40459ae481025b617154bd5a,2,14956,AST-000058; AST-000387,ALL/Mail_Extraction_Machine_2.jpg; INDUSTRIAL/Mail Extraction Machine/Mail_Extraction_Machine_2.jpg,ALL; INDUSTRIAL,
DUP-00059,adefd4ff61e711ece0bef82920a9da06771d7ca6aa4bb1fc3cf0838b8e86b809,2,38893,AST-000059; AST-000439,ALL/Manpack-1.jpg; MILITARY/Manpack/Manpack-1.jpg,ALL; MILITARY,
DUP-00060,225d62ae354d44b2894b476481cfa242047816c2dd1e2ea1f632093f336df058,2,34438,AST-000060; AST-000440,ALL/Manpack-2.jpg; MILITARY/Manpack/Manpack-2.jpg,ALL; MILITARY,
DUP-00061,83c4326daf405654568a06cf72d110e7856ec0d0b61063b7ec15b1114a5bf954,2,83925,AST-000061; AST-000364,ALL/Mastique-1.jpg; GRAPHIC/Mastique/Mastique-1.jpg,ALL; GRAPHIC,
DUP-00062,1fff54423f767b146260c5ffe081f6e54449d96890fc7fae6207cac5291121c4,2,92928,AST-000062; AST-000933,ALL/Mega Yacht-1.jpg; TRANSPORTATION/Mega Yacht/Mega Yacht-1.jpg,ALL; TRANSPORTATION,
DUP-00063,827cce193da44f4a8e400e3996cd4b27cf9eaa051ac44ea5ac6ef29c15282455,2,39392,AST-000063; AST-000934,ALL/Mega Yacht-2.jpg; TRANSPORTATION/Mega Yacht/Mega Yacht-2.jpg,ALL; TRANSPORTATION,
DUP-00064,3422025b700df2a96f3bae554612b6f7b5410d2e5c35919044d9d67f9ee8ef6e,2,25354,AST-000064; AST-000839,ALL/Mosquito_Deleto.jpg; OUTDOORS/Mosquito Deleto/Mosquito_Deleto.jpg,ALL; OUTDOORS,
DUP-00065,3d19c7a8ca28e54f688c1588219a8afdc139493e8485cc2a9b028f4b5a4708ee,2,42880,AST-000065; AST-000840,ALL/Mosquito_Deleto_2.jpg; OUTDOORS/Mosquito Deleto/Mosquito_Deleto_2.jpg,ALL; OUTDOORS,
DUP-00066,f1d02882be19bbe3f689bb63892fc4291b6bb08bf96db064e3c00d2b994fbf8e,2,90742,AST-000066; AST-000367,ALL/Naples_Lumber-1.jpg; GRAPHIC/Naples Lumber/Naples_Lumber-1.jpg,ALL; GRAPHIC,
DUP-00067,dfb2baa0fbc8c815b1e34c89e996fad5c3b0cde1f32e83f4b78e500dfec0de7d,2,103657,AST-000067; AST-000368,ALL/Naples_Lumber-2.jpg; GRAPHIC/Naples Lumber/Naples_Lumber-2.jpg,ALL; GRAPHIC,
DUP-00068,cf190e35c3d200e01ba0e2d51a058da4b5d32f80571531b0c90af65bddb9e25d,2,116019,AST-000068; AST-000833,ALL/Outdoor Products_main_img.jpg; OUTDOORS/All-in-One Grill/Outdoor Products_main_img.jpg,ALL; OUTDOORS,
DUP-00069,ec9c81726aafdeb7c7c4ca777c162af1dcff46bd754c4b378d447da1bd64376c,2,29940,AST-000069; AST-000858,ALL/PAP1.jpg; PROTOTYPING/Sheet Metal + RTV Tooling/PAP1.jpg,ALL; PROTOTYPING,
DUP-00070,40aa88da47b269781cfcdf32405940d57d12093769a8370c507a6672097e3adf,2,114479,AST-000070; AST-000326,ALL/PDA-1.jpg; COMMUNICATION/PDA/PDA-1.jpg,ALL; COMMUNICATION,
DUP-00071,8bedc9bb6e261bb64bae1e7cfbc1020f3d6f51b7be8a0a917697bcde12b3b9ad,2,73904,AST-000071; AST-000327,ALL/PDA-2.jpg; COMMUNICATION/PDA/PDA-2.jpg,ALL; COMMUNICATION,
DUP-00072,95411b998694be665716964716c49c120cab2d2c005ce9da729314177ff70adf,2,105405,AST-000072; AST-000323,ALL/PHONE-1.jpg; COMMUNICATION/Business Phone/PHONE-1.jpg,ALL; COMMUNICATION,
DUP-00073,80b0d2194ef5152d4b5c9af4dac16b3a361c97392b7144f48ef3b20a9b667063,2,52291,AST-000073; AST-000443,ALL/POD_1.jpg; MILITARY/POD for UAV/POD_1.jpg,ALL; MILITARY,
DUP-00074,1a9b09d0016e5bf3e3c27a7ebd56a7187b8e9ef50c7aee284de968987c87b81c,2,136510,AST-000074; AST-000444,ALL/POD_2.jpg; MILITARY/POD for UAV/POD_2.jpg,ALL; MILITARY,
DUP-00075,3215cef375671df0ecd3c0fb0a0b5ceff72ba777cf91929472aa16747c860d06,2,36521,AST-000075; AST-000412,ALL/Portable_Scanner-1.jpg; MEDICAL/Portable Scanner/Portable_Scanner-1.jpg,ALL; MEDICAL,
DUP-00076,4ca278617b722daa4d374e8c8306c5bbde8c0c944c2a10f35299c7b31db7a582,2,62924,AST-000076; AST-000413,ALL/Portable_Scanner-2.jpg; MEDICAL/Portable Scanner/Portable_Scanner-2.jpg,ALL; MEDICAL,
DUP-00077,3928b6f52e8dca063252e0ce0c4c33492d3b8667ef95b0d00c9ef71491885e8b,2,28651,AST-000077; AST-000445,ALL/Rackmount_Enclosure-1.jpg; MILITARY/Rackmount Enclosure/Rackmount_Enclosure-1.jpg,ALL; MILITARY,
DUP-00078,50d93e9d8f3acd86f466b69f173afa342d5c5023acd9524bfc8761118c2a6ffe,2,72620,AST-000078; AST-000446,ALL/Rackmount_Enclosure-2.jpg; MILITARY/Rackmount Enclosure/Rackmount_Enclosure-2.jpg,ALL; MILITARY,
DUP-00079,bdb51be6031793c646cf6ecbb1f1f67291b67e7260b29e2bf9f6147ca647841c,2,48992,AST-000079; AST-000273,ALL/Refrigerator_1.jpg; APPLIANCES/Refrigerator 1/Refrigerator_1.jpg,ALL; APPLIANCES,
DUP-00080,eaa16c9a5f37b2b62735ac26c30b02c0ecd1471b212661aa70d96dc98ff4683e,2,42602,AST-000080; AST-000274,ALL/Refrigerator_1_b.jpg; APPLIANCES/Refrigerator 1/Refrigerator_1_b.jpg,ALL; APPLIANCES,
DUP-00081,b61c379d701a8509f9f75fbab58727fbc7cb8df24c0901ec44b79810f67f8bbe,2,41727,AST-000081; AST-000275,ALL/Refrigerator_2-1.jpg; APPLIANCES/Refrigerator 2/Refrigerator_2-1.jpg,ALL; APPLIANCES,
DUP-00082,77b6d4370238414236f5541e1cd6fb2644bc30fa8c224eb4fa4d2758e74ea93a,2,41371,AST-000082; AST-000276,ALL/Refrigerator_2-1_2.jpg; APPLIANCES/Refrigerator 2/Refrigerator_2-1_2.jpg,ALL; APPLIANCES,
DUP-00083,ef6904cdb09a64cfaacc587153f62034c3a1967dac6e3a12324eba9f4a97d0d8,2,65611,AST-000083; AST-000447,ALL/Rifle_Scope-1.jpg; MILITARY/Rifle Scope/Rifle_Scope-1.jpg,ALL; MILITARY,
DUP-00084,c6d32cf99adf8817fafc3a18fcfdfca095586f2e7ed19631dbfa20764424a5b1,2,65222,AST-000084; AST-000448,ALL/Rifle_Scope-2.jpg; MILITARY/Rifle Scope/Rifle_Scope-2.jpg,ALL; MILITARY,
DUP-00085,f2d67dd5c0534ab7524510e0e7a2209bd031e0a3dffb0a3f4d0fde7a6c204bea,2,67697,AST-000085; AST-000912,ALL/Roller_Blade-1.jpg; SPORT/Roller Blades/Roller_Blade-1.jpg,ALL; SPORT,
DUP-00086,8fd404eb376f72105fdfbb7671de7a6d6b25803e0de23ed679d8c75ed24fe3bf,2,48412,AST-000086; AST-000913,ALL/Roller_Blade-2.jpg; SPORT/Roller Blades/Roller_Blade-2.jpg,ALL; SPORT,
DUP-00087,d5fe7532d8594eb2b527bf401293d20b1f70940f17c36ab39e7a651ed302b03c,2,23517,AST-000087; AST-000449,ALL/Rugged_Computer-1.jpg; MILITARY/Rugged Computer/Rugged_Computer-1.jpg,ALL; MILITARY,
DUP-00088,a150287d7924a566ac67ab77407a8a38f562555ed96bfee30d3d7d16bbea305d,2,15641,AST-000088; AST-000450,ALL/Rugged_Computer-2.jpg; MILITARY/Rugged Computer/Rugged_Computer-2.jpg,ALL; MILITARY,
DUP-00089,39d9571adf568e2dfb456883ea1809bda77af652cd36fcd2088319ab8d6b5180,2,15329,AST-000089; AST-000396,ALL/SALT-017.jpg; KITCHENWARE/Salt and Pepper Shaker/SALT-017.jpg,ALL; KITCHENWARE,
DUP-00090,ad50a17b58d6f0c64941abefa5d90ffe16acdd2a642fe4f287cc19a4716d3208,2,78425,AST-000090; AST-000414,ALL/STRE-050.jpg; MEDICAL/Spine Board/STRE-050.jpg,ALL; MEDICAL,
DUP-00091,2b7f55cb0aff6acb6f0404dccb53ff9d71a766baa2b43c10b240ad191018e271,2,83825,AST-000091; AST-000284,ALL/SacredHeart.jpg; ARCHITECTURE/Convent of the Sacred Heart/SacredHeart.jpg,ALL; ARCHITECTURE,
DUP-00092,05b3ed6bc00697f25d68583fe3e967b26391cdd0745dce606ccbda6656fe50b9,2,53529,AST-000092; AST-000285,ALL/SacredHeart3.jpg; ARCHITECTURE/Convent of the Sacred Heart/SacredHeart3.jpg,ALL; ARCHITECTURE,
DUP-00093,3ea1360eed8925c20b791411b09e1b0a321a3ac0bae2270478b0b9f45c7aa3e0,2,80866,AST-000093; AST-000369,ALL/Sarsaparilla-1.jpg; GRAPHIC/Sioux City Sarsaparilla/Sarsaparilla-1.jpg,ALL; GRAPHIC,
DUP-00094,0abd93444e2cd1b409f1ce255ecd58dc22fe2d46306777f2eda492a046803259,2,125805,AST-000094; AST-000370,ALL/Sarsaparilla-2.jpg; GRAPHIC/Sioux City Sarsaparilla/Sarsaparilla-2.jpg,ALL; GRAPHIC,
DUP-00095,bc57a53aac9f286ae82365a82ce3447cdbfe219806e548d7d16a1107bf2d7cee,3,17592,AST-000095; AST-000314; AST-000452,ALL/Security_Scanner-2.jpg; COMMERCIAL/Security Scanner/Security_Scanner-2.jpg; MILITARY/Security Scanner/Security_Scanner-2.jpg,ALL; COMMERCIAL; MILITARY,
DUP-00096,bbe4751e327aead60b37a884aee2d786a9427c70bd85be46977f012b391fa5c7,2,103887,AST-000096; AST-000315,ALL/Soup_Server-1.jpg; COMMERCIAL/Soup Server/Soup_Server-1.jpg,ALL; COMMERCIAL,
DUP-00097,78b967f8e43f6d0938be68edccc6accaaf183cc7631e40d0966eeafcc9998543,2,112486,AST-000097; AST-000316,ALL/Soup_Server-2.jpg; COMMERCIAL/Soup Server/Soup_Server-2.jpg,ALL; COMMERCIAL,
DUP-00098,ae4e73d5a8cfdeddab83a39537f76eb0f48bb43818a406dd02895f208228faa6,2,66116,AST-000098; AST-000379,ALL/Speaker_Tower-1.jpg; HOME GOODS/Speaker Tower/Speaker_Tower-1.jpg,ALL; HOME GOODS,
DUP-00099,55b5f59eda0d8cb1dc2f9b20a041408be7b72d1f7d6eb12f2d2b0a54eb49726e,2,168155,AST-000099; AST-000317,ALL/Staircase-1.jpg; COMMERCIAL/Staircase/Staircase-1.jpg,ALL; COMMERCIAL,
DUP-00100,e34c920a0c6637f29c14c36e25078deaff12a9f7d52cd377c827bcc02661a74d,2,127726,AST-000100; AST-000318,ALL/Staircase-2.jpg; COMMERCIAL/Staircase/Staircase-2.jpg,ALL; COMMERCIAL,
DUP-00101,299eba391ffb26c097c95f103c6ff0027a05a69074c7f9c1464b54e6fee8d9d9,2,119304,AST-000101; AST-000988,ALL/Suna Salon 2.jpg; WEB DESIGN/Suna Salon/Suna Salon 2.jpg,ALL; WEB DESIGN,
DUP-00102,7109e0261431f6c63bff6b0ea85c463ae910b6a647ef1dcecbb6a4c9548c30b2,2,106322,AST-000102; AST-000989,ALL/SunaSalon.jpg; WEB DESIGN/Suna Salon/SunaSalon.jpg,ALL; WEB DESIGN,
DUP-00103,374405071acaea624cc1f768d2aaafb0baa85ab01b9dd417c4dfd60d91f55ca7,2,245917,AST-000103; AST-000935,ALL/Super_Yacht-1.jpg; TRANSPORTATION/Super Yacht/Super_Yacht-1.jpg,ALL; TRANSPORTATION,
DUP-00104,982105b758277e5ed4d39a8095c28107a7a61ae863a5e433032dac8ecea0e6b8,2,170441,AST-000104; AST-000936,ALL/Super_Yacht-2.jpg; TRANSPORTATION/Super Yacht/Super_Yacht-2.jpg,ALL; TRANSPORTATION,
DUP-00105,8b5619e60cb0b8859984a46d83a1d1640d578dd2028b3c9378b4c7069969aba1,2,43284,AST-000105; AST-000293,ALL/TamarackCC1.jpg; ARCHITECTURE/Tamarack Country Club/TamarackCC1.jpg,ALL; ARCHITECTURE,
DUP-00106,d09492d80f2c22b9a71bb834ab00ae1b2bd96febaa35766b2b90204804fa5e4e,2,50312,AST-000106; AST-000295,ALL/TamarackCC3.jpg; ARCHITECTURE/Tamarack Country Club/TamarackCC3.jpg,ALL; ARCHITECTURE,
DUP-00107,655ce75593d7647ffb0f22f19d9e61f45f31ccac0c6ba729acb3a235643f0429,2,68959,AST-000107; AST-000296,ALL/TamarackCC4.jpg; ARCHITECTURE/Tamarack Country Club/TamarackCC4.jpg,ALL; ARCHITECTURE,
DUP-00108,e51288860ddd5e6ffed94996a9638b13c43590ff322b4dba311bbe997db7f3c2,2,56742,AST-000108; AST-000297,ALL/TamarackCC5.jpg; ARCHITECTURE/Tamarack Country Club/TamarackCC5.jpg,ALL; ARCHITECTURE,
DUP-00109,70c6aa9a3ea8e44404491f8441fb39f2f8c8da27b70a3b19b7e961633ed93611,2,40277,AST-000109; AST-000298,ALL/TamarackCountry.jpg; ARCHITECTURE/Tamarack Country Club/TamarackCountry.jpg,ALL; ARCHITECTURE,
DUP-00110,81acc65cc3d267238dd139a538f807bc663bf489694006eba5978f2e9e4b6309,2,76054,AST-000110; AST-000301,ALL/TamarackPool.jpg; ARCHITECTURE/Tamarack Pool House/TamarackPool.jpg,ALL; ARCHITECTURE,
DUP-00111,05bc2aa3f01c7fbc2691aaebab1875a46691613941c4ec7cff57a35fc616dfe6,2,70655,AST-000111; AST-000302,ALL/TamarackPool1.jpg; ARCHITECTURE/Tamarack Pool House/TamarackPool1.jpg,ALL; ARCHITECTURE,
DUP-00112,abc9e62ec9ad148d77f075d4d6c19a542c46aefa59c9b7d935409e93766130d8,2,19908,AST-000112; AST-000419,ALL/Thermometer-1.jpg; MEDICAL/Thermometer/Thermometer-1.jpg,ALL; MEDICAL,
DUP-00113,95391042f89530f5a6c838a9d85f882e22216f088a1599d2c338a7595ef44c51,2,11229,AST-000113; AST-000420,ALL/Thermometer-2.jpg; MEDICAL/Thermometer/Thermometer-2.jpg,ALL; MEDICAL,
DUP-00114,d0c75c2c8bedca4a2108847459a1d7c83c2fc0c9de3d412b1ac80f6ee399a26f,2,171731,AST-000114; AST-000921,ALL/Transportation_img.jpg; TRANSPORTATION/Aircraft Interior/Transportation_img.jpg,ALL; TRANSPORTATION,
DUP-00115,b229252c10ea0a2312f0c850d3b71d6d3d037d8a70463d92ced19293800f75e7,2,126701,AST-000115; AST-000990,ALL/Tutor My Kid 2.jpg; WEB DESIGN/Tutor My Kid/Tutor My Kid 2.jpg,ALL; WEB DESIGN,
DUP-00116,34a65c67da292cce2df2f0a031c470336f93fc1fe4b3983708a999bd9bf75734,2,95426,AST-000116; AST-000277,ALL/Vacuum_Cleaner-1.jpg; APPLIANCES/Vacuum Cleaner/Vacuum_Cleaner-1.jpg,ALL; APPLIANCES,
DUP-00117,9dda49aba6af66e2d962a527015c5b148ef4bda5da98ee336745434752a6a7e9,2,12755,AST-000117; AST-000278,ALL/Vacuum_Cleaner-2.jpg; APPLIANCES/Vacuum Cleaner/Vacuum_Cleaner-2.jpg,ALL; APPLIANCES,
DUP-00118,f347e201ca4fec46130bf93610de0a2f5f78e35e5ce65e194cb796618ac0a6b9,2,39743,AST-000118; AST-000329,ALL/Walkie_Talkie-1.jpg; COMMUNICATION/Walkie Talkie/Walkie_Talkie-1.jpg,ALL; COMMUNICATION,
DUP-00119,6b242ca94ee3dd06a7958e1bc68f32c42280ace37bcc12f218c8a3d3672c4868,2,39395,AST-000119; AST-000330,ALL/Walkie_Talkie-2.jpg; COMMUNICATION/Walkie Talkie/Walkie_Talkie-2.jpg,ALL; COMMUNICATION,
DUP-00120,b9c73e0e1ac3d95fa732b727040807f37b3740bb464a22e3686a4450260bb03a,2,27025,AST-000120; AST-000353,ALL/Wireless_Tower_1.jpg; CONSUMER ELECTRONICS/Wireless Tower/Wireless_Tower_1.jpg,ALL; CONSUMER ELECTRONICS,
DUP-00121,f367b6d1857bb4eeaa4d3f9439b43880e8a581336d16d91a417a971e98a58b76,2,22441,AST-000121; AST-000354,ALL/Wireless_Tower_2.jpg; CONSUMER ELECTRONICS/Wireless Tower/Wireless_Tower_2.jpg,ALL; CONSUMER ELECTRONICS,
DUP-00122,36477ec9a36e6c88741d4a57dbea283d4d34ceb1253078aa231eec3b564f1657,2,149480,AST-000122; AST-000937,ALL/Yacht_Interior-1.jpg; TRANSPORTATION/Yacht Interior/Yacht_Interior-1.jpg,ALL; TRANSPORTATION,
DUP-00123,cbe91eef43ae16a847ddbaa7e7477d3fe9a0427528cafd930d0f0fb0052fd86b,2,89705,AST-000123; AST-000938,ALL/Yacht_Interior-2.jpg; TRANSPORTATION/Yacht Interior/Yacht_Interior-2.jpg,ALL; TRANSPORTATION,
DUP-00124,f0d52bb66ca5f22056f677716f932fb67d34b9f30a2092b5806a9c92ebe42309,2,124228,AST-000124; AST-000992,ALL/Your Lucky Eye 2.jpg; WEB DESIGN/Your Lucky Eye/Your Lucky Eye 2.jpg,ALL; WEB DESIGN,
DUP-00125,46b6951ee9cd4d6f19f3ffc01f4bcc4af3b5e492a94dbb9a4c8d74464a16e7e1,2,61668,AST-000125; AST-000371,ALL/adagio1.jpg; HOME GOODS/Adagio/adagio1.jpg,ALL; HOME GOODS,
DUP-00126,a8238dc481d48a6933ab109aea74fa50e16596eefa2672075fc02408ebe26e7e,2,18627,AST-000126; AST-000372,ALL/adagio2.jpg; HOME GOODS/Adagio/adagio2.jpg,ALL; HOME GOODS,
DUP-00127,ae9eb0f26443a7eff863e00e137be8f76d5737c6472deec23798a590bc9801f5,2,77918,AST-000127; AST-000400,ALL/aesthetic_1.jpg; MEDICAL/Aesthetic Treatment Machine/aesthetic_1.jpg,ALL; MEDICAL,
DUP-00128,8bb40885cc442ec0df35c6c3b8f2a7300628db31e878e24658430276dd3f9713,2,81256,AST-000128; AST-000401,ALL/aesthetic_2.jpg; MEDICAL/Aesthetic Treatment Machine/aesthetic_2.jpg,ALL; MEDICAL,
DUP-00129,8604d3c889180306b4a6e28222b3cb75aaf89c7aa059e3a204bfeaea5cbd5896,2,25114,AST-000129; AST-000457,ALL/binocular_01.jpg; MILITARY/Tac-Eye Binocular/binocular_01.jpg,ALL; MILITARY,
DUP-00130,e4338610b4a1ee0d8f668329eef7a4e6a70d5a3dbe990c2f78394ce5b540319c,2,14124,AST-000130; AST-000458,ALL/binocular_02.jpg; MILITARY/Tac-Eye Binocular/binocular_02.jpg,ALL; MILITARY,
DUP-00131,8cb994303614c54a196d7bd4d67a6fe5d0a28524cd5104780df3447ea79ed8a6,2,15153,AST-000131; AST-000425,ALL/bomb_squad_remote-1.jpg; MILITARY/Bomb Squad Remote/bomb_squad_remote-1.jpg,ALL; MILITARY,
DUP-00132,25423311b6141ab0cb088265364b3dd16bf8f7f5c78b89eb966b7f03db85e30f,2,28324,AST-000132; AST-000426,ALL/bomb_squad_remote-2.jpg; MILITARY/Bomb Squad Remote/bomb_squad_remote-2.jpg,ALL; MILITARY,
DUP-00133,ee53bd260589caf1634278915c2fd83dda1308aceb0d61d7eaa3fb53d649869e,2,23555,AST-000133; AST-000402,ALL/bpm_1.jpg; MEDICAL/Blood Pressure Monitor/bpm_1.jpg,ALL; MEDICAL,
DUP-00134,6c074ca2d7021e218b5495347871afc98c9d70e581e38cf902ba39a3d8bbe2fa,2,17363,AST-000134; AST-000403,ALL/bpm_2.jpg; MEDICAL/Blood Pressure Monitor/bpm_2.jpg,ALL; MEDICAL,
DUP-00135,75954f29c97a7b7fdff570d7dfd4930ffe8d6b5ea0b0557327baa95c4de5ba31,2,27213,AST-000135; AST-000920,ALL/brass-balls6.jpg; TOYS GAMES JUVENILE/Wild Peas/brass-balls6.jpg,ALL; TOYS GAMES JUVENILE,
DUP-00136,d8f8736a5a4ce46789f82b632428dfcafb24b20d5648553491077954583b417d,2,8171,AST-000136; AST-000303,ALL/bs.jpg; COMMERCIAL/Barcode Scanner/bs.jpg,ALL; COMMERCIAL,
DUP-00137,6feae0c532ccbf8a6f70aa2c9c62c76e09a2b16364a777538e53c58602c500e1,2,67978,AST-000137; AST-000304,ALL/bs_2.jpg; COMMERCIAL/Barcode Scanner/bs_2.jpg,ALL; COMMERCIAL,
DUP-00138,e3d17ed2d40ef47cdba09071c04d4b0734303bc74e02135277adc1483728ad64,2,23939,AST-000138; AST-000333,ALL/cd_player_1.jpg; CONSUMER ELECTRONICS/CD Player/cd_player_1.jpg,ALL; CONSUMER ELECTRONICS,
DUP-00139,383ba20e5af27e90b2ca6d92455f3fa68adca62660650a31ad5bf8862048b6a4,2,13837,AST-000139; AST-000334,ALL/cd_player_2.jpg; CONSUMER ELECTRONICS/CD Player/cd_player_2.jpg,ALL; CONSUMER ELECTRONICS,
DUP-00140,ec069c905263dcad15e724bd808a2f97b9e53f4f38493a61a3a3768600e51057,2,69414,AST-000140; AST-000271,ALL/coffee.jpg; APPLIANCES/Coffee Maker/coffee.jpg,ALL; APPLIANCES,
DUP-00141,73fcf1812c22260347e40425d695a104d2cbfa4cec88844a060d78f2886dfa77,2,42758,AST-000141; AST-000272,ALL/coffee2.jpg; APPLIANCES/Coffee Maker/coffee2.jpg,ALL; APPLIANCES,
DUP-00142,7cd482ec3aa22d016506f6f9f16f23faffa322c04c815e535303f11c055efd7b,2,88108,AST-000142; AST-000357,ALL/da_Benito_2.jpg; GRAPHIC/Da Benito/da_Benito_2.jpg,ALL; GRAPHIC,
DUP-00143,e315f19a149f1bdf00e8dcab4c12bedc89aae832870475798a71ff5e5ae56103,2,128035,AST-000143; AST-000358,ALL/da_benito-1.jpg; GRAPHIC/Da Benito/da_benito-1.jpg,ALL; GRAPHIC,
DUP-00144,e76aec46ff61c303a7bd74c6779b6520ce1e744bd0a2a6834bbf52e9c010cc2c,2,21635,AST-000144; AST-000373,ALL/dehumidifier.jpg; HOME GOODS/Dehumidifier/dehumidifier.jpg,ALL; HOME GOODS,
DUP-00145,6318bc495187655d5bf3c30ab726417f3df55559317ccef155be02fc2253fad6,2,24690,AST-000145; AST-000374,ALL/dehumidifier2.jpg; HOME GOODS/Dehumidifier/dehumidifier2.jpg,ALL; HOME GOODS,
DUP-00146,dcdd5e9b9e6ec8a037e6a9e5031ae23f64aff028298a619e56a638b08dc25594,2,18178,AST-000146; AST-000406,ALL/dental-1.jpg; MEDICAL/Dental Jet/dental-1.jpg,ALL; MEDICAL,
DUP-00147,d7ca0fd131a8378a9ce4a0400298e59801e13dd3ca1b07530d41d2240d0ed621,2,13941,AST-000147; AST-000407,ALL/dental-2.jpg; MEDICAL/Dental Jet/dental-2.jpg,ALL; MEDICAL,
DUP-00148,167ad182be454c173ad9e06a2d7f09666e90187b1f6176ef8cef0c1f5ba2b68f,2,50383,AST-000148; AST-000461,ALL/dubai_boat_show1.jpg; MISCELLANEOUS/Dubai International Boat Show/dubai_boat_show1.jpg,ALL; MISCELLANEOUS,
DUP-00149,7e386e459463600e520dadf486f9448abfec0e58f61a5719b0613e09006996cc,2,48739,AST-000149; AST-000462,ALL/dubai_boat_show2.jpg; MISCELLANEOUS/Dubai International Boat Show/dubai_boat_show2.jpg,ALL; MISCELLANEOUS,
DUP-00150,ad65dd3f4f698c1f7e7ef1aad3c9bcb85a98683f56195f778a411a0bf8d5d558,2,47781,AST-000150; AST-000463,ALL/dubai_boat_show3.jpg; MISCELLANEOUS/Dubai International Boat Show/dubai_boat_show3.jpg,ALL; MISCELLANEOUS,
DUP-00151,c0b994fe903754f14c91b4191cada474918d5d899318b185152daccba53454da,2,17153,AST-000151; AST-000408,ALL/dynamometer-1.jpg; MEDICAL/Dynamometer/dynamometer-1.jpg,ALL; MEDICAL,
DUP-00152,cf3a3c59a18774e51b1066d4afa034a26b229ae408994b1b56105fabd5ee252d,2,15255,AST-000152; AST-000409,ALL/dynamometer-2.jpg; MEDICAL/Dynamometer/dynamometer-2.jpg,ALL; MEDICAL,
DUP-00153,52e2b992dabc54c21cf7ffc87c4e3ca01cb92e170deefa2394a5847d828184d1,2,48251,AST-000153; AST-000429,ALL/emergency_beacon-1.jpg; MILITARY/Emergency Beacon/emergency_beacon-1.jpg,ALL; MILITARY,
DUP-00154,896b052c3fdfc63d0e4ba9439606c9e1400a6008d022fdc8ed634be670a888cd,2,17577,AST-000154; AST-000430,ALL/emergency_beacon-2.jpg; MILITARY/Emergency Beacon/emergency_beacon-2.jpg,ALL; MILITARY,
DUP-00155,adaad50a5ae9139916e1c780bd7b86dbab8f15c944f17c6275c584878c1d3f07,2,28685,AST-000155; AST-000433,ALL/flight_box-2.jpg; MILITARY/Flight Box/flight_box-2.jpg,ALL; MILITARY,
DUP-00156,91cc2bdf2a3c0486505fde9c151196bbc106661489539604eb8273166f4ff4c2,2,22549,AST-000156; AST-000434,ALL/flight_box.jpg; MILITARY/Flight Box/flight_box.jpg,ALL; MILITARY,
DUP-00157,6d9ba91f3ac397f2b0ced8e2db79182f2167f764fe98457c6e2c9093f18e61e3,3,190348,AST-000157; AST-000309; AST-000435,ALL/flight_planner-1.jpg; COMMERCIAL/Flight Planner/flight_planner-1.jpg; MILITARY/Flight Planner/flight_planner-1.jpg,ALL; COMMERCIAL; MILITARY,
DUP-00158,a9a87c2849a88c88f71fde8e6c62c85939a0a0694cc1faa3199a0aaf4573f5b2,3,214106,AST-000158; AST-000310; AST-000436,ALL/flight_planner-2.jpg; COMMERCIAL/Flight Planner/flight_planner-2.jpg; MILITARY/Flight Planner/flight_planner-2.jpg,ALL; COMMERCIAL; MILITARY,
DUP-00159,9b3111d5c1ca6d6fef1e7af6009b0f5317eeacf756ae33393fbf690814c81353,3,15030,AST-000159; AST-000307; AST-000431,ALL/fps_1.jpg; COMMERCIAL/Finger-Print Scanner/fps_1.jpg; MILITARY/Finger-Print Scanner/fps_1.jpg,ALL; COMMERCIAL; MILITARY,
DUP-00160,08812cc8682f375120128eac8c322cf987c030c8cc727ef8a0b1bd74da67850f,3,149888,AST-000160; AST-000308; AST-000432,ALL/fps_2.jpg; COMMERCIAL/Finger-Print Scanner/fps_2.jpg; MILITARY/Finger-Print Scanner/fps_2.jpg,ALL; COMMERCIAL; MILITARY,
DUP-00161,a66779d765ac20e3bb99ace89adda6819417d20eae386457f57ce47109eb16c6,2,25695,AST-000161; AST-000834,ALL/goggles1.jpg; OUTDOORS/Diving Goggle (with Camera)/goggles1.jpg,ALL; OUTDOORS,
DUP-00162,06e95472a7e8e07ac173033c65834adbe3b6fb3b25445162b1c5be28a70e4031,2,23573,AST-000162; AST-000835,ALL/goggles2.jpg; OUTDOORS/Diving Goggle (with Camera)/goggles2.jpg,ALL; OUTDOORS,
DUP-00163,38532d8e2f662a889c35aa5ccdfe2f0b47aeb0cb478fdea23889b6c15dfddf4d,2,83169,AST-000163; AST-000836,ALL/goggles3.jpg; OUTDOORS/Diving Goggle (with Camera)/goggles3.jpg,ALL; OUTDOORS,
DUP-00164,98de278414fc34c94c3f4f1d23eaca6a6a56ed3039a5d5dfd8d1a09598ec4af0,2,24164,AST-000164; AST-000904,ALL/golf_caddy-1.jpg; SPORT/Golf Caddy/golf_caddy-1.jpg,ALL; SPORT,
DUP-00165,acb023ab04d68f371d5b06a41f569391957bc13fc91730c08c74c7cf98d86b61,2,33812,AST-000165; AST-000905,ALL/golf_caddy-2.jpg; SPORT/Golf Caddy/golf_caddy-2.jpg,ALL; SPORT,
DUP-00166,d80da0cc65f4325e04771b339160b6b66431d3a9f9fdfb22303f117d4f6daf4d,2,32527,AST-000166; AST-000394,ALL/greencan.jpg; KITCHENWARE/Recycle Bin/greencan.jpg,ALL; KITCHENWARE,
DUP-00167,93e5e40fc008cc1448991131f39302245c675c266f2bfcad896e34741f357a31,2,42232,AST-000167; AST-000395,ALL/greencan2.jpg; KITCHENWARE/Recycle Bin/greencan2.jpg,ALL; KITCHENWARE,
DUP-00168,5ebba028da49c0d6bee419062c5e6d155a552a72a8eb388c14e987b4cd331e32,2,160861,AST-000168; AST-000311,ALL/hand_dryer_1.jpg; COMMERCIAL/Hand Dryer/hand_dryer_1.jpg,ALL; COMMERCIAL,
DUP-00169,4cd183c886527b09eedf3f4804a6a36f68b4b2beb9b149feed1a84272e6871ab,2,52165,AST-000169; AST-000312,ALL/hand_dryer_2.jpg; COMMERCIAL/Hand Dryer/hand_dryer_2.jpg,ALL; COMMERCIAL,
DUP-00170,8c1e8efa14ad25ae49d361f3f84d56321e16169b59bbe68b17b835fd5838ae66,2,19632,AST-000170; AST-000341,ALL/hard_drive_tower_1.jpg; CONSUMER ELECTRONICS/Hard Drive Tower/hard_drive_tower_1.jpg,ALL; CONSUMER ELECTRONICS,
DUP-00171,dfab14ad09477a54e52f4cad7b8d688041f75023ad86a2500c051e2bb5fe922a,2,43803,AST-000171; AST-000342,ALL/hard_drive_tower_2.jpg; CONSUMER ELECTRONICS/Hard Drive Tower/hard_drive_tower_2.jpg,ALL; CONSUMER ELECTRONICS,
DUP-00172,08c78184bd9e61c8028e836ade672b163a33a894a4a93fa643e776fbaa91921d,2,31117,AST-000172; AST-000380,ALL/hydraulic1.jpg; INDUSTRIAL/Hydraulic Cross-section/hydraulic1.jpg,ALL; INDUSTRIAL,
DUP-00173,ef6be522a944ca80f52bfd0d2bea857a58682326704dc2c46d422d2e9acc631c,2,35508,AST-000173; AST-000381,ALL/hydraulic2.jpg; INDUSTRIAL/Hydraulic Cross-section/hydraulic2.jpg,ALL; INDUSTRIAL,
DUP-00174,5dbe573fe774beee29565fa41777a88cbc41b6d3855313d533296da59f5ee933,3,95262,AST-000175; AST-000319; AST-000459,ALL/iaMedium-1.jpg; COMMERCIAL/iaMedium/iaMedium-1.jpg; MILITARY/iaMedium/iaMedium-1.jpg,ALL; COMMERCIAL; MILITARY,
DUP-00175,07bb177fb0647ccd5ef20e844cbe397e1f618ba04ec2994d0fb141eeb7400a35,2,149660,AST-000176; AST-000320,ALL/iaMedium-2.jpg; COMMERCIAL/iaMedium/iaMedium-2.jpg,ALL; COMMERCIAL,
DUP-00176,bee2d7403007b55664ffafcfaa2e1611c409841c8679138cab8cd039796e4a2d,3,40610,AST-000177; AST-000321; AST-000460,ALL/iaMedium-3.jpg; COMMERCIAL/iaMedium/iaMedium-3.jpg; MILITARY/iaMedium/iaMedium-3.jpg,ALL; COMMERCIAL; MILITARY,
DUP-00177,befde98d1e970d8a07ba7d19b5a9787805cf218fb21370169a61be3020e8e136,2,51032,AST-000178; AST-000382,ALL/infrared1.jpg; INDUSTRIAL/Infrared Window/infrared1.jpg,ALL; INDUSTRIAL,
DUP-00178,3e904c9686cc86dca784decb2d87e05ff130ec8d97f19ba8301b0a6de1b837b5,2,66123,AST-000179; AST-000383,ALL/infrared2.jpg; INDUSTRIAL/Infrared Window/infrared2.jpg,ALL; INDUSTRIAL,
DUP-00179,3a5adbc21746abce6293dc3bcf5b45fcd4feeb973ec08ad3844f721309919789,2,65867,AST-000180; AST-000468,ALL/ipm-008_LR.jpg; MISCELLANEOUS/iPad Cover/ipm-008_LR.jpg,ALL; MISCELLANEOUS,
DUP-00180,9c15538374c1ffc6460223972f9eabcf80f97985f9d539af7485ae8adc75a134,2,63233,AST-000181; AST-000843,ALL/ipm_prototype1.jpg; PROTOTYPING/ABS + RTV Tooling/ipm_prototype1.jpg,ALL; PROTOTYPING,
DUP-00181,9fff11bc76099f39cae7c69f63189be7eaa18a8757cf115267ed718a530cc2a7,2,57995,AST-000182; AST-000844,ALL/ipm_prototype2.jpg; PROTOTYPING/ABS + RTV Tooling/ipm_prototype2.jpg,ALL; PROTOTYPING,
DUP-00182,6908bb10b3a341e7a4c74c567e890e10bf472542eed8f837ef0e5f9f08facdc0,2,85196,AST-000183; AST-000845,ALL/ipm_prototype3.jpg; PROTOTYPING/ABS + RTV Tooling/ipm_prototype3.jpg,ALL; PROTOTYPING,
DUP-00183,545b91e9e6f8180d1839f17fe3729c74e8a1a1a465105938e139b2b964a80b78,2,166704,AST-000184; AST-000360,ALL/jewelry.jpg; GRAPHIC/Jewelry/jewelry.jpg,ALL; GRAPHIC,
DUP-00184,888930ce6067a6283ec1dc4e29473e6c950f2268f28c7f3b9b2e177616fe7d17,2,79557,AST-000185; AST-000361,ALL/jewelry_2.jpg; GRAPHIC/Jewelry/jewelry_2.jpg,ALL; GRAPHIC,
DUP-00185,a4c323fcc81bf8ae02fbd1aa666575dc3d318c6462cbc95d1042972d8686c690,2,46515,AST-000186; AST-000906,ALL/knee_board-1.jpg; SPORT/Knee Board/knee_board-1.jpg,ALL; SPORT,
DUP-00186,d999a37de7b6f91cb9f603b011e15bc86c2b899307b6029672d86622063ddf32,2,41526,AST-000187; AST-000907,ALL/knee_board-2.jpg; SPORT/Knee Board/knee_board-2.jpg,ALL; SPORT,
DUP-00187,00379d2c07a68e2f1aab282100ef2afef761d7429c65499c90e6c3c97a423159,2,29159,AST-000188; AST-000390,ALL/knife.jpg; KITCHENWARE/Kitchen Knife/knife.jpg,ALL; KITCHENWARE,
DUP-00188,f9cab07ba368e930c3af34637eeca2fd03d0892cad11785ee8511ba4b51a2a5f,2,21125,AST-000189; AST-000391,ALL/knife33.jpg; KITCHENWARE/Kitchen Knife/knife33.jpg,ALL; KITCHENWARE,
DUP-00189,12e7dc7ed6283f7dcfa896a4aa032282dea9ba6fcf231a2edbe5cac19f8f5579,2,9288,AST-000190; AST-000384,ALL/labeler-1.jpg; INDUSTRIAL/Labeler/labeler-1.jpg,ALL; INDUSTRIAL,
DUP-00190,f10fc5c961e45603e67b95d0b1c43a281cd94d9d01f3d7c9cd07c57daec0de71,2,68766,AST-000191; AST-000385,ALL/labeler-2.jpg; INDUSTRIAL/Labeler/labeler-2.jpg,ALL; INDUSTRIAL,
DUP-00191,83e6858bd7227ba04d88f35bf89f705006b4c0ef9b046a1147e14bc291a4f339,2,73441,AST-000192; AST-000464,ALL/ladderrack.jpg; MISCELLANEOUS/Ladder Rack/ladderrack.jpg,ALL; MISCELLANEOUS,
DUP-00192,2e8176066330da1016ccd351139f293831f2bba80a8598e60a60a47b51c41369,2,69380,AST-000193; AST-000465,ALL/ladderrack2.jpg; MISCELLANEOUS/Ladder Rack/ladderrack2.jpg,ALL; MISCELLANEOUS,
DUP-00193,28ce231a27c6c10b905c3d9cefa724ae39a2604810f3c55a497d18ecca0c9e55,2,144380,AST-000194; AST-000404,ALL/medical_1.jpg; MEDICAL/Defibrillator/medical_1.jpg,ALL; MEDICAL,
DUP-00194,86878ea2a617b7722b98770746b31bf30b6e8fbadcc863c78fa7a80899bb9c4b,2,76512,AST-000195; AST-000405,ALL/medical_2.jpg; MEDICAL/Defibrillator/medical_2.jpg,ALL; MEDICAL,
DUP-00195,762b6c5395a2cd7239a9eebb2fd85767296cfaaa9c461c160e6c7fd5f93cf386,2,82572,AST-000196; AST-000365,ALL/medical_Advertising_1.jpg; GRAPHIC/Medical Advertising/medical_Advertising_1.jpg,ALL; GRAPHIC,
DUP-00196,5698084e59dad3e4f82f8475ec89cc411a79b2da2b66b091fd62b2589c2b9bd7,2,34879,AST-000197; AST-000366,ALL/medical_Advertising_2.jpg; GRAPHIC/Medical Advertising/medical_Advertising_2.jpg,ALL; GRAPHIC,
DUP-00197,e54bb5af170207a0c7377c5819e810a5635488eaeb7dfbc2d478d67d2aa20430,2,22093,AST-000198; AST-000410,ALL/medical_scale-1.jpg; MEDICAL/Medical Hospital Scale/medical_scale-1.jpg,ALL; MEDICAL,
DUP-00198,f8a74a9145fa7c0bc4eb3ebae7154fdb80cf1efb66fe9d9444f907b018e408e8,2,11530,AST-000199; AST-000411,ALL/medical_scale-2.jpg; MEDICAL/Medical Hospital Scale/medical_scale-2.jpg,ALL; MEDICAL,
DUP-00199,e747120f49d6a42cd94471689d50dbf6942c1f0ea576d48e3fa9d0315d472fb0,2,16415,AST-000200; AST-000441,ALL/military_phone-1.jpg; MILITARY/Military Phone/military_phone-1.jpg,ALL; MILITARY,
DUP-00200,74f763d8753aecc95bfcd81bcb1be822cd01e572320e89e9d540bd7efe067df9,2,44538,AST-000201; AST-000442,ALL/military_phone-2.jpg; MILITARY/Military Phone/military_phone-2.jpg,ALL; MILITARY,
DUP-00201,48e5458584d5972beb19ac74d9c51137c328e7128514ac9b65ceaf1bd87ebac0,2,47454,AST-000202; AST-000289,ALL/misquamicut.jpg; ARCHITECTURE/Misquamicut Beach Club/misquamicut.jpg,ALL; ARCHITECTURE,
DUP-00202,e19b4aba1888c95ee0ef896cf0fe686fbbbab376eedbfd9b9719d28867dbf30f,2,63464,AST-000203; AST-000290,ALL/misquamicut1.jpg; ARCHITECTURE/Misquamicut Beach Club/misquamicut1.jpg,ALL; ARCHITECTURE,
DUP-00203,3d206c804e430b35ad44bce7e95b855afb63a15c9a8c6fa781cd73cf3c4c9800,2,47881,AST-000204; AST-000291,ALL/misquamicut2.jpg; ARCHITECTURE/Misquamicut Beach Club/misquamicut2.jpg,ALL; ARCHITECTURE,
DUP-00204,9fdba08f7939c00a7b220b157928e9e36e1e1ddbf2bba16d1bb93b1b82788cc6,2,70331,AST-000205; AST-000292,ALL/misquamicut3.jpg; ARCHITECTURE/Misquamicut Beach Club/misquamicut3.jpg,ALL; ARCHITECTURE,
DUP-00205,22098f560ca0733d1370b169b95872c1170b084141496feead820eb2c548b02d,2,40440,AST-000206; AST-000859,ALL/pap2.jpg; PROTOTYPING/Sheet Metal + RTV Tooling/pap2.jpg,ALL; PROTOTYPING,
DUP-00206,3d70143163c3569bdbb43fd172a9ecc1a8bf2be7a45fd7e146f6c881441c77dd,2,43788,AST-000207; AST-000860,ALL/pap3.jpg; PROTOTYPING/Sheet Metal + RTV Tooling/pap3.jpg,ALL; PROTOTYPING,
DUP-00207,c5afa1e5caef7423d2a476777d1696984a08dd978be7007f3cc5f863e275f2a4,2,32796,AST-000208; AST-000861,ALL/pap4.jpg; PROTOTYPING/Sheet Metal + RTV Tooling/pap4.jpg,ALL; PROTOTYPING,
DUP-00208,c0ca61f09208a331f5347288378fcb042b7377e1e11d5d74e9fb07f717849fb9,2,33994,AST-000209; AST-000862,ALL/pap5.jpg; PROTOTYPING/Sheet Metal + RTV Tooling/pap5.jpg,ALL; PROTOTYPING,
DUP-00209,e1cd50257d640cf8559e05ca48897c1a5965642bb80e4770581752a3c9fbc688,2,37006,AST-000210; AST-000863,ALL/pap6.jpg; PROTOTYPING/Sheet Metal + RTV Tooling/pap6.jpg,ALL; PROTOTYPING,
DUP-00210,44de03969a83e5fc90a93ea4828da9c5e647bb1f677e117bf76aa68032796653,2,81269,AST-000211; AST-000328,ALL/payphone.jpg; COMMUNICATION/Payphone/payphone.jpg,ALL; COMMUNICATION,
DUP-00211,becb7d812d19a19e27886cb3f74b7d28c5619f56934edd358b4f7c22a78d2b59,2,25194,AST-000212; AST-000908,ALL/pedometer-1.jpg; SPORT/Pedometer/pedometer-1.jpg,ALL; SPORT,
DUP-00212,e33040c436943b94857d13ec2e5ba0ca08001af30d8c0eb0feffc9ccc570422c,2,32599,AST-000213; AST-000909,ALL/pedometer-2.jpg; SPORT/Pedometer/pedometer-2.jpg,ALL; SPORT,
DUP-00213,a0b388bea1998f30df8b239f54687cb690196f9a1b31c36a79b54840b02f1c1c,2,76461,AST-000214; AST-000343,ALL/portable_shredder_1.jpg; CONSUMER ELECTRONICS/Portable Shredder/portable_shredder_1.jpg,ALL; CONSUMER ELECTRONICS,
DUP-00214,e2f8c85105dcd985eb89a4aa91349f099af217e01a043898f3e95a4ca34cdcc5,2,48591,AST-000215; AST-000344,ALL/portable_shredder_2.jpg; CONSUMER ELECTRONICS/Portable Shredder/portable_shredder_2.jpg,ALL; CONSUMER ELECTRONICS,
DUP-00215,c307239ae2a2029da8c50cd84b6515291074cd4a8fdf2e836e927919a54ad289,2,52214,AST-000216; AST-000923,ALL/profile.jpg; TRANSPORTATION/Boat Profile/profile.jpg,ALL; TRANSPORTATION,
DUP-00216,5fb36a0bec40c6a1869e6de3ad4f5fa227097f8174cf30522ec6a5483b5891c2,2,53445,AST-000217; AST-000924,ALL/profile_2.jpg; TRANSPORTATION/Boat Profile/profile_2.jpg,ALL; TRANSPORTATION,
DUP-00217,5ed521a78177fef320cc81d4897bceae4a660ede67563716937de4db7317ff18,2,35919,AST-000218; AST-000853,"ALL/prototype_camera_hd.jpg; PROTOTYPING/Rubber Coating, Silkscreening/prototype_camera_hd.jpg",ALL; PROTOTYPING,
DUP-00218,468e715e1b83f7c2c0d2ceab3825789ad424e843bd274721fec88cde73611b88,2,38041,AST-000219; AST-000848,ALL/prototype_carbon_fiber.jpg; PROTOTYPING/Carbon Fiber Molding/prototype_carbon_fiber.jpg,ALL; PROTOTYPING,
DUP-00219,5a780e0225662f45b668a3e9e88d4ae85ed914fc14b5f613dee1af773ae34166,2,51351,AST-000220; AST-000849,ALL/prototype_carbon_fiber2.jpg; PROTOTYPING/Carbon Fiber Molding/prototype_carbon_fiber2.jpg,ALL; PROTOTYPING,
DUP-00220,dbd0d5ae6c8904fd217ad406453229bdc8dc27f9a1ca4d2b645686456d70c17e,2,27403,AST-000221; AST-000857,ALL/prototype_clip_fdm.jpg; PROTOTYPING/SLA  SLS/prototype_clip_fdm.jpg,ALL; PROTOTYPING,
DUP-00221,95cc8bd61063f059d33cd8459d724aafa82f39322d66521ada09ba95fa36a6d8,2,27204,AST-000222; AST-000850,ALL/prototype_fdm.jpg; PROTOTYPING/FDM Printing/prototype_fdm.jpg,ALL; PROTOTYPING,
DUP-00222,1bfb598aaad1b91adf452c75817380552a18739ae6ac2e8eac1dd1e884c99269,2,29374,AST-000223; AST-000846,ALL/prototype_guitar_support.jpg; PROTOTYPING/Acrylic FormingBending/prototype_guitar_support.jpg,ALL; PROTOTYPING,
DUP-00223,c292bb7d3a576828bae74f632ff95b73ce1cd92f72fad8f62c19d719cab8d9d4,2,33552,AST-000224; AST-000847,ALL/prototype_guitar_support2.jpg; PROTOTYPING/Acrylic FormingBending/prototype_guitar_support2.jpg,ALL; PROTOTYPING,
DUP-00224,201f56ec6897dc4f1c305cc328b69f58ebfa48e552a2ce5fc8d22b6c0f2a8e24,2,26893,AST-000225; AST-000854,"ALL/prototype_remote1.jpg; PROTOTYPING/Rubber Coating, Silkscreening/prototype_remote1.jpg",ALL; PROTOTYPING,
DUP-00225,d0f79379f6ebb35a2a4cc4a6f3b26ea4220b5afd5d4ee5ec3eed9a6f7d757ce7,2,32725,AST-000226; AST-000855,"ALL/prototype_remote2.jpg; PROTOTYPING/Rubber Coating, Silkscreening/prototype_remote2.jpg",ALL; PROTOTYPING,
DUP-00226,4a118629f1af84383a317b2a7239974ad562c1fb0ce9411595a81cdf2e209fda,2,21136,AST-000227; AST-000856,"ALL/prototype_remote3.jpg; PROTOTYPING/Rubber Coating, Silkscreening/prototype_remote3.jpg",ALL; PROTOTYPING,
DUP-00227,2912e3738923e711b33a100b585f324beaafb5bcd5b37f474764c696c8a5e766,2,72720,AST-000228; AST-000910,ALL/putter_1.jpg; SPORT/Putter/putter_1.jpg,ALL; SPORT,
DUP-00228,19dc60d42cc74dce500bcb570cd14ab20db10769d139fa4fe7e354206cc213f1,2,68828,AST-000229; AST-000911,ALL/putter_2.jpg; SPORT/Putter/putter_2.jpg,ALL; SPORT,
DUP-00229,eccc2308f8e0b779d58b8805f3d442c128e95e38745763cda262a3aff39c6946,2,47655,AST-000230; AST-000349,ALL/remote.jpg; CONSUMER ELECTRONICS/Universal Remote Control/remote.jpg,ALL; CONSUMER ELECTRONICS,
DUP-00230,a16e8a2a5ba43af476126b4a8d87e9135ed8c7bb8ccfd1a6066e0f7e4f510143,2,66182,AST-000231; AST-000392,ALL/rollie1.jpg; KITCHENWARE/Paper HolderDispenser/rollie1.jpg,ALL; KITCHENWARE,
DUP-00231,ae8903e32c02cf633d6c0539a40148b096c646deeb50a67de8ae965c00d95179,2,70663,AST-000232; AST-000393,ALL/rollie2.jpg; KITCHENWARE/Paper HolderDispenser/rollie2.jpg,ALL; KITCHENWARE,
DUP-00232,8074987258c89c00000b1b42a2d70d9dafc8b7ec4cafb030c80ba018128b62e3,2,45652,AST-000233; AST-000397,ALL/salt1.jpg; KITCHENWARE/Salt and Pepper Shaker/salt1.jpg,ALL; KITCHENWARE,
DUP-00233,d8b61330d14f75aa034ceb1a71ad3d01755fd97c69b4b817a330de732adde8ed,2,53725,AST-000234; AST-000398,ALL/scale1.jpg; KITCHENWARE/Scale/scale1.jpg,ALL; KITCHENWARE,
DUP-00234,46d9c53fb5c7e3c30e0868afeaff3a95acc652f854223210963f7e17f9072d8e,2,19585,AST-000235; AST-000399,ALL/scale2.jpg; KITCHENWARE/Scale/scale2.jpg,ALL; KITCHENWARE,
DUP-00235,dca1dfe9b88db32c778c30a851c3d2d799fcaf5b9f261002974d7ef3cb95a26e,2,115547,AST-000236; AST-000453,ALL/security_wand-1.jpg; MILITARY/Security Wand/security_wand-1.jpg,ALL; MILITARY,
DUP-00236,bb18b888e928b50f0d043683168c06ba43d9fdd7a20925d19bb815f6a6b459b6,2,35908,AST-000237; AST-000454,ALL/security_wand-2.jpg; MILITARY/Security Wand/security_wand-2.jpg,ALL; MILITARY,
DUP-00237,915cd92dcb86963470728da28e64da90b0d308d3ee2e329dc8f7fbca4a80646c,2,15450,AST-000238; AST-000914,ALL/sports_bottle.jpg; SPORT/Sports Bottle/sports_bottle.jpg,ALL; SPORT,
DUP-00238,16fc229ea1f1500ec6aefa20eac4c9177aa5ebfa111a1367cbc049de140ba122,2,13834,AST-000239; AST-000915,ALL/sports_bottle_2.jpg; SPORT/Sports Bottle/sports_bottle_2.jpg,ALL; SPORT,
DUP-00239,f54fb3553b84a174d26bebf01056cc4530a25c412ad19f10c46f2c880580ab6a,2,60627,AST-000240; AST-000415,ALL/stretcher-1.jpg; MEDICAL/Spine Board/stretcher-1.jpg,ALL; MEDICAL,
DUP-00240,4c518e5143340d02f2de8257242ba35b94aca46dd23ee2c5900109f63ff8f42b,2,17469,AST-000241; AST-000416,ALL/stretcher-2.jpg; MEDICAL/Spine Board/stretcher-2.jpg,ALL; MEDICAL,
DUP-00241,f49746eda5cfa5fc06bfea36b6fe0a971befc374c8ec5ebb77d4d9606ebabe2a,2,80713,AST-000242; AST-000345,ALL/submersible_tablet_1.jpg; CONSUMER ELECTRONICS/Submersible Tablet/submersible_tablet_1.jpg,ALL; CONSUMER ELECTRONICS,
DUP-00242,1774f2ddbec18e01f552c149433a0b21f68ee940fe5dd275b9ff6893065123c6,2,46186,AST-000243; AST-000346,ALL/submersible_tablet_2.jpg; CONSUMER ELECTRONICS/Submersible Tablet/submersible_tablet_2.jpg,ALL; CONSUMER ELECTRONICS,
DUP-00243,f6baf1210b52d5d748bc01ea98de2806e83153ea7b837529a69107c02438dd02,2,29315,AST-000244; AST-000455,ALL/suitcase-1.jpg; MILITARY/Suitcase/suitcase-1.jpg,ALL; MILITARY,
DUP-00244,e7afb84fd68b4717bcc26b92e5c68375f6f8559157706134ee2a6923c4a38c46,2,26774,AST-000245; AST-000456,ALL/suitcase-2.jpg; MILITARY/Suitcase/suitcase-2.jpg,ALL; MILITARY,
DUP-00245,0333d4ab91f25380dc0fd6b3a42c9a339e079a6cf9e00f28f59c00ffb19bf0dd,2,67935,AST-000246; AST-000388,ALL/synergix-1.jpg; INDUSTRIAL/Synergix/synergix-1.jpg,ALL; INDUSTRIAL,
DUP-00246,23113db6726ec8bb95e3bfb61fe999cfffe06ff4bcdc7bfc757fcfacf1df9abd,2,52397,AST-000247; AST-000389,ALL/synergix-2.jpg; INDUSTRIAL/Synergix/synergix-2.jpg,ALL; INDUSTRIAL,
DUP-00247,7596e229577bc223a3c6959da78d8f758d0d4230cfad8ecf6f9372f406249034,2,115075,AST-000248; AST-000347,ALL/tablet_1.jpg; CONSUMER ELECTRONICS/Tablet/tablet_1.jpg,ALL; CONSUMER ELECTRONICS,
DUP-00248,d8a1567e8abae011310a81d811c47b7d6e23e24016af2d66fe9e6d41409523cb,2,91124,AST-000249; AST-000348,ALL/tablet_2.jpg; CONSUMER ELECTRONICS/Tablet/tablet_2.jpg,ALL; CONSUMER ELECTRONICS,
DUP-00249,dc4460143975188fb0fcbb846e733792e83990d26ce95575ef9ff68a3ea31477,2,164585,AST-000250; AST-000299,ALL/tam-main-elevs-front.jpg; ARCHITECTURE/Tamarack Country Club/tam-main-elevs-front.jpg,ALL; ARCHITECTURE,
DUP-00250,ba2fada30c67f4ee0f10e5aa1ebc3faebaf37e6c13dec0dab1e838e6c46a4244,2,104391,AST-000251; AST-000300,ALL/tam-main-elevs-side.jpg; ARCHITECTURE/Tamarack Country Club/tam-main-elevs-side.jpg,ALL; ARCHITECTURE,
DUP-00251,2d307ff649d4ccc1adc032e1043422d5d2c2545b7545de350bb1d129f92fd750,2,48943,AST-000252; AST-000919,ALL/teether.jpg; TOYS GAMES JUVENILE/Massaging Vibrating Teether/teether.jpg,ALL; TOYS GAMES JUVENILE,
DUP-00252,ca596e36bf4eb7327e809186696cd504d1fd8cd4bb3642e22973bcc37b2bf6a6,2,20982,AST-000253; AST-000916,ALL/tennis_ball_machine-1.jpg; SPORT/Tennis Ball Machine/tennis_ball_machine-1.jpg,ALL; SPORT,
DUP-00253,ac2d1f5f4ae8b7bc458a295e991fe025e7070e1f1fccea6f9b2298be348a54c6,2,16202,AST-000254; AST-000917,ALL/tennis_ball_machine-2.jpg; SPORT/Tennis Ball Machine/tennis_ball_machine-2.jpg,ALL; SPORT,
DUP-00254,d206e3eb036a74d6b3ff4ba7624eb985bdc19034658280bff302c2d930c61f52,2,76699,AST-000255; AST-000851,ALL/therapy_bike.jpg; PROTOTYPING/Multi Level Prototyping/therapy_bike.jpg,ALL; PROTOTYPING,
DUP-00255,eda058e906a6676a6d1901cb327c53a2b72727d1b92fbd01bc240361a968030c,2,68869,AST-000256; AST-000852,ALL/therapy_bike2.jpg; PROTOTYPING/Multi Level Prototyping/therapy_bike2.jpg,ALL; PROTOTYPING,
DUP-00256,a77e0fc81f1a4811041bf883560a5302ce764fd721f610a70d23f9dadae9da6f,2,13906,AST-000257; AST-000417,ALL/therapy_system-1.jpg; MEDICAL/Therapy System/therapy_system-1.jpg,ALL; MEDICAL,
DUP-00257,c60b864436f2194450967cd20cc57447c935f4e9ab78458798acb06c89cffb9f,2,10130,AST-000258; AST-000418,ALL/therapy_system-2.jpg; MEDICAL/Therapy System/therapy_system-2.jpg,ALL; MEDICAL,
DUP-00258,cf4032ef16fddb3425fe5d557cecd7a1fe406db6830cb59831696d425595c695,2,124597,AST-000259; AST-000991,ALL/tmk.jpg; WEB DESIGN/Tutor My Kid/tmk.jpg,ALL; WEB DESIGN,
DUP-00259,3a4972c1fe87d77320cf18e9cee33e9c8d25ecbdb23264088ac8082bd323490f,2,107758,AST-000260; AST-000922,ALL/transportation_2.jpg; TRANSPORTATION/Aircraft Interior/transportation_2.jpg,ALL; TRANSPORTATION,
DUP-00260,04aaab344930f9da11e89f114050875ee818099f49beb1b3e1cf359e496c9eb1,2,126766,AST-000261; AST-000350,ALL/universal_remote_control.jpg; CONSUMER ELECTRONICS/Universal Remote Control/universal_remote_control.jpg,ALL; CONSUMER ELECTRONICS,
DUP-00261,5c23a730c47c2a224d7fd8ec070e08579205efeca04f7c813f9dd641ed44c0d3,2,21776,AST-000262; AST-000351,ALL/video_player_1.jpg; CONSUMER ELECTRONICS/Video Player/video_player_1.jpg,ALL; CONSUMER ELECTRONICS,
DUP-00262,71a9f47d46b6238afbac1aa01a3ed3b81da1f8d54c5edee3d51f6585201fa5dd,2,15303,AST-000263; AST-000352,ALL/video_player_2.jpg; CONSUMER ELECTRONICS/Video Player/video_player_2.jpg,ALL; CONSUMER ELECTRONICS,
DUP-00263,584f92f9091fcb5f4db6ba404d0a7a288681c4c74327c45728990b20137b24e9,2,33765,AST-000264; AST-000841,ALL/waterproof_case-1.jpg; OUTDOORS/Waterproof Case/waterproof_case-1.jpg,ALL; OUTDOORS,
DUP-00264,9fb79a622cafef5b18631474ba820bb65d178e36fab0a1e2a1975489ac86f523,2,69295,AST-000265; AST-000837,ALL/windsor30.jpg; OUTDOORS/LED Street Light/windsor30.jpg,ALL; OUTDOORS,
DUP-00265,6c38306a523999b2d60b01da002b1227bdeebbd39004205cd6dfb8b66eafffda,2,22209,AST-000266; AST-000838,ALL/windsor30_1.jpg; OUTDOORS/LED Street Light/windsor30_1.jpg,ALL; OUTDOORS,
DUP-00266,571b4436ea8cbca9c3de17374643650ebb42d29505de4c41a908ac97bfda3e02,2,99020,AST-000267; AST-000993,ALL/your_lucky_eye.jpg; WEB DESIGN/Your Lucky Eye/your_lucky_eye.jpg,ALL; WEB DESIGN,
DUP-00267,b8462b6b63ede8cceb9ead2be731b2d9586b034c86eef9403cdcc912eed3c5f3,4,7092927,AST-000475; AST-000476; AST-000477; AST-000666,OLD/13 (2) - Copy - Copy.jpg; OLD/13 (2) - Copy.jpg; OLD/13 (2).jpg; OLD/OUTSOURCE 60/13 (2).jpg,OLD,
DUP-00268,9a58ffac50a66970112b2128f8369de2a034a1416a314551231b6d029b50675f,3,4481058,AST-000479; AST-000480; AST-000481,OLD/14 - Copy - Copy.jpg; OLD/14 - Copy.jpg; OLD/14.jpg,OLD,
DUP-00269,a912fede1139fe3d479df6c5273aa6d7c300519b65a57e115f8db639333fc17b,2,9204916,AST-000488; AST-000667,OLD/5.png; OLD/OUTSOURCE 60/5.png,OLD,
DUP-00270,055a8edeaa5c8039ee06c6e73154228b4900ec14da990961c94484d92bb2810e,2,6263,AST-000495; AST-000818,OLD/ADAGIO/1images.jpg; OLD/images.jpg,OLD,
DUP-00271,77926efaf21076ccd731a85a369a25f6e792f38828b18095a4a4d0cdd0fa9755,3,757202,AST-000500; AST-000501; AST-000502,OLD/AIL-R020 - Copy - Copy.jpg; OLD/AIL-R020 - Copy.jpg; OLD/AIL-R020.jpg,OLD,
DUP-00272,3e0d76fea25561220a50274e4368ff6b0fbfa2317f0b2c638369c56f10723a3d,2,1203204,AST-000504; AST-000668,OLD/AIL-R028.JPG; OLD/OUTSOURCE 60/AIL-R028.JPG,OLD,
DUP-00273,222ce18ea25cdf0dd90dff5597ac50ac1c9b21bce5f3f713c643015ef9e686a2,4,815838,AST-000505; AST-000506; AST-000507; AST-000669,OLD/AIL-R029 - Copy - Copy.JPG; OLD/AIL-R029 - Copy.JPG; OLD/AIL-R029.JPG; OLD/OUTSOURCE 60/AIL-R029.JPG,OLD,
DUP-00274,9fe6354729ec01aa24e71957ba74800e50c1627cbdd30f9fb8ca0ea8cd1dba27,2,304627,AST-000517; AST-000518,OLD/BIR-BELT-R038 - Copy.JPG; OLD/BIR-BELT-R038.JPG,OLD,
DUP-00275,dc9b9bb20274fd217cd7048239d2323ccbf26585814f73aa4a911c266345b0b6,2,736254,AST-000519; AST-000520,OLD/BIR-ORTHO - Copy.jpg; OLD/BIR-ORTHO.jpg,OLD,
DUP-00276,3b2b3893405c77dd88c7def89a435dc01c5a4b3543f527d5bbef86adaf0caf25,2,239771,AST-000521; AST-000522,OLD/BIR-R009 - Copy.jpg; OLD/BIR-R009.jpg,OLD,
DUP-00277,45a016f66fdabbaedf8e8bbedad5bd8f709ed11c73681f25b5b829c1eb898322,2,190732,AST-000523; AST-000670,OLD/BIR-R087-2.jpg; OLD/OUTSOURCE 60/BIR-R087-2.jpg,OLD,
DUP-00278,36ac69ae6508684738c34d89594371b612b9b1b6f189105c54203b55dc175645,3,1079454,AST-000524; AST-000525; AST-000671,OLD/BIR-R096 - Copy.JPG; OLD/BIR-R096.JPG; OLD/OUTSOURCE 60/BIR-R096.JPG,OLD,
DUP-00279,3926c7e14dcf36facbc3018130350d6e988eeb509d35da0032da941fb4a400ae,2,1443243,AST-000526; AST-000527,OLD/BIR-R108 - Copy.JPG; OLD/BIR-R108.JPG,OLD,
DUP-00280,80b46e96e8e8e6bf124b06ff9b3106fdea5f99719db902ff1b96106430a6d47c,2,990182,AST-000529; AST-000672,OLD/BLO-R027.jpg; OLD/OUTSOURCE 60/BLO-R027.jpg,OLD,
DUP-00281,c0d51ed3608a4bbde884e395c5610fccc9f3b95c52cdf4985431ba2009f12a0e,2,1025647,AST-000530; AST-000673,OLD/BLO-R029.jpg; OLD/OUTSOURCE 60/BLO-R029.jpg,OLD,
DUP-00282,f089c1bd26d6b55f468ccf245e854013ebbe25ede69b097b7b8a02b7c55087b8,2,1794222,AST-000531; AST-000674,OLD/BLO-R032.jpg; OLD/OUTSOURCE 60/BLO-R032.jpg,OLD,
DUP-00283,028f207d98b61d72777fcf7fd92426089eb90cb18495b7c779edea71f9e0f783,2,823661,AST-000532; AST-000675,OLD/BLO-R035.jpg; OLD/OUTSOURCE 60/BLO-R035.jpg,OLD,
DUP-00284,17c7a13cdeb08acf789aba2c65c6bb920d0cdc88a2377a61cd68e931d58e5e50,2,1054998,AST-000533; AST-000676,OLD/BLO-R037.jpg; OLD/OUTSOURCE 60/BLO-R037.jpg,OLD,
DUP-00285,e2978eeb3ac39b849c41576c935ddad8adb2cb026fb72d7527a0c9b0af172676,2,336561,AST-000534; AST-000677,OLD/BLO-R039-2.jpg; OLD/OUTSOURCE 60/BLO-R039-2.jpg,OLD,
DUP-00286,ef2b2c67740bf4afcf209673f20b1bd80dec6d2af7f05c8b4b755e7d694a1a5d,2,302966,AST-000535; AST-000678,OLD/BLO-R041-2.jpg; OLD/OUTSOURCE 60/BLO-R041-2.jpg,OLD,
DUP-00287,ea39507109e49871b47721acce7ed06d1edd31759ab2d7715147be92adbf806b,2,1221441,AST-000539; AST-000679,OLD/BMY-R001-8.jpg; OLD/OUTSOURCE 60/BMY-R001-8.jpg,OLD,
DUP-00288,5529c36156fa57922ebec8a98a4021fcbcf6346b7f69bc4c997e74f99f399170,2,818516,AST-000544; AST-000680,OLD/CAT-035.jpg; OLD/OUTSOURCE 60/CAT-035.jpg,OLD,
DUP-00289,f6318a0c463a2eceb9a43f2cb77e1b46bcc87aecf8b5d85c67af84df1798e322,2,437851,AST-000552; AST-000681,OLD/COV-P047.jpg; OLD/OUTSOURCE 60/COV-P047.jpg,OLD,
DUP-00290,523ddf14c6de3eeb986fa64593fd049212dbe1a864dd8fc581f6478c7604b0c4,2,1151499,AST-000553; AST-000682,OLD/COV_0000_O15.jpg; OLD/OUTSOURCE 60/COV_0000_O15.jpg,OLD,
DUP-00291,ba547d4c4e9135864217784f9b74b06ddba8c0208c57e15d68314ad677b7e348,2,51931,AST-000559; AST-000683,OLD/DIR-R021.jpg; OLD/OUTSOURCE 60/DIR-R021.jpg,OLD,
DUP-00292,1bbab20b732424b46a9fbb2f20cb9cd52934d1a48c928ff719eb3b677e383ed4,2,1358409,AST-000562; AST-000684,OLD/DSCF0969.JPG; OLD/OUTSOURCE 60/DSCF0969.JPG,OLD,
DUP-00293,a86c2b7ac9a99a2203b773307d54d4ba3cfb31f2a5ccaf245e614f94d3fb812a,2,2511328,AST-000563; AST-000685,OLD/DSC_0305.JPG; OLD/OUTSOURCE 60/DSC_0305.JPG,OLD,
DUP-00294,02e18c789088d71046fee887fa0303cc5dca7229e99cf0b992b7c63e78e1e1da,2,2743893,AST-000564; AST-000686,OLD/DSC_0418.JPG; OLD/OUTSOURCE 60/DSC_0418.JPG,OLD,
DUP-00295,e9eb5658066c222a0c1dc3d21dc008d3c02beb8b0b28ac631811c390ce2d17c1,2,690871,AST-000565; AST-000687,OLD/ECH-R018.JPG; OLD/OUTSOURCE 60/ECH-R018.JPG,OLD,
DUP-00296,d732a68ee2e3c1f7752247b2e83042a61f07cb5c3e1b634be2e59284f836dc0d,2,910127,AST-000566; AST-000688,OLD/ECH-R019.JPG; OLD/OUTSOURCE 60/ECH-R019.JPG,OLD,
DUP-00297,919931db83eb921787e9160138fac2fd12772cf3bb4e0335d8cb0823f88dc4a5,2,540916,AST-000581; AST-000689,OLD/GLF-36.jpg; OLD/OUTSOURCE 60/GLF-36.jpg,OLD,
DUP-00298,088677e3720833ab6be1eab0d4394686be575335b5f186ab0823217c61ee77c0,2,677570,AST-000584; AST-000690,OLD/GRO-R036-2.jpg; OLD/OUTSOURCE 60/GRO-R036-2.jpg,OLD,
DUP-00299,4e7b68f201edbeee66e4e79c23a4fd728760af04adb2adcc7f7059acdd4722f5,2,1183420,AST-000590; AST-000691,OLD/GSL-013-1.JPG; OLD/OUTSOURCE 60/GSL-013-1.JPG,OLD,
DUP-00300,8f8ae7a675e3495e904bed3c8035f720a8df00a62d4ecfdf2783f63828e44c5c,2,859611,AST-000591; AST-000692,OLD/GSL-014-1.JPG; OLD/OUTSOURCE 60/GSL-014-1.JPG,OLD,
DUP-00301,05eab0b98083ffd12ab7946ce0d907e618ce542853cefa91c4d864b595d56c73,2,92703,AST-000595; AST-000693,OLD/GUN-R026-2.jpg; OLD/OUTSOURCE 60/GUN-R026-2.jpg,OLD,
DUP-00302,4bb590efe981151d14dcd3d5ea0f38a367fb7ab2218772478da4ba5f738afd5a,2,621988,AST-000597; AST-000694,OLD/HED-P015a.jpg; OLD/OUTSOURCE 60/HED-P015a.jpg,OLD,
DUP-00303,4672b26e7f754d5948e7fc1191e7242a0aac29bf5b5c0c762af21ddc4cc0c445,2,1311527,AST-000598; AST-000695,OLD/HED-P016b.jpg; OLD/OUTSOURCE 60/HED-P016b.jpg,OLD,
DUP-00304,0d963285f7337a97bd506e886692784d535129140feb8e5ffc5116c6948f7ee2,2,741649,AST-000600; AST-000696,OLD/HED-P018a.jpg; OLD/OUTSOURCE 60/HED-P018a.jpg,OLD,
DUP-00305,20484ef55eb6b42f52240c2da37fd265c8475ebb040feae9b60557668a1c2e69,2,772931,AST-000604; AST-000697,OLD/HED-R004.jpg; OLD/OUTSOURCE 60/HED-R004.jpg,OLD,
DUP-00306,61f084064593d3d5cafe857460f568fb31d07f8085eaa11d470e1ada230d291c,2,677937,AST-000607; AST-000698,OLD/HPS-019.JPG; OLD/OUTSOURCE 60/HPS-019.JPG,OLD,
DUP-00307,5c9929bbe7675a425f4f3d61bc5b7fa18a63ea3366bd5be0d9d1058ea0453d07,2,829280,AST-000611; AST-000699,OLD/HPS-031.jpg; OLD/OUTSOURCE 60/HPS-031.jpg,OLD,
DUP-00308,f8b5846843232f2c020e7cdee1cd626445f10eb3f7a925eba1e6ea702553d28c,2,497001,AST-000612; AST-000700,OLD/HPS-032.jpg; OLD/OUTSOURCE 60/HPS-032.jpg,OLD,
DUP-00309,c2aa9a6a85f3d741cb8971863b93f9c8ee3fcec5bcf9b5e920d3ee577f476979,2,1009485,AST-000613; AST-000701,OLD/HPS-033.JPG; OLD/OUTSOURCE 60/HPS-033.JPG,OLD,
DUP-00310,6069da92c014d343a75d104da20a057e8d9286db6f48171e9921d53d7f542714,2,665791,AST-000614; AST-000702,OLD/HPS-034.jpg; OLD/OUTSOURCE 60/HPS-034.jpg,OLD,
DUP-00311,eac2fea168c9eb63e3e59f0bebd29a0a5a11116d4cf3822b1b4c5d3044b58ff9,2,61615,AST-000638; AST-000703,OLD/IPM-001_BTD.jpg; OLD/OUTSOURCE 60/IPM-001_BTD.jpg,OLD,
DUP-00312,41e4960f32719890938be040e6c3d53218bf6cce815f24afbd02738e46eea48b,2,207685,AST-000639; AST-000704,OLD/IPM-009_LR.JPG; OLD/OUTSOURCE 60/IPM-009_LR.JPG,OLD,
DUP-00313,4204c9dc057833485603633d8936dae7a8d2561704f2c34b3cdace3eadafb364,2,1575297,AST-000640; AST-000705,OLD/IPM-010_LR.JPG; OLD/OUTSOURCE 60/IPM-010_LR.JPG,OLD,
DUP-00314,864d11087dce7f5e64cad686a91483b7aaf32a6655a0d417b5dbdbe4bc5021d2,2,900051,AST-000642; AST-000706,OLD/IPM-1_LR.jpg; OLD/OUTSOURCE 60/IPM-1_LR.jpg,OLD,
DUP-00315,8a18eecc0384ff42c4c7e3df71e9134d273c6294d77d66e6d07d1dc406f6038b,2,1722806,AST-000643; AST-000707,OLD/IPM-2_LR.jpg; OLD/OUTSOURCE 60/IPM-2_LR.jpg,OLD,
DUP-00316,ecfe2d662dc39f46fa3204d849d0ea1e2cf8718100751cd96eb0e22082afe64c,2,634739,AST-000652; AST-000708,OLD/LAS-R045.JPG; OLD/OUTSOURCE 60/LAS-R045.JPG,OLD,
DUP-00317,2e05dc41938004f0e06e2f446bf747cd3b3898f87ad3f451b6b6337a289eb8e6,2,151707,AST-000653; AST-000709,OLD/LAS-R046.JPG; OLD/OUTSOURCE 60/LAS-R046.JPG,OLD,
DUP-00318,16ca24de622de3bcadf467c02ab1b3d16bb4dfac844f6d787bdbf9bfe3c9d9c8,2,561400,AST-000654; AST-000710,OLD/MCA-R022-2.jpg; OLD/OUTSOURCE 60/MCA-R022-2.jpg,OLD,
DUP-00319,96d2cfc6a93c4750db548268f169d8dd4c8d86b1837fe00fee0947d2ad6bb009,2,197938,AST-000655; AST-000711,OLD/MCA-R027.jpg; OLD/OUTSOURCE 60/MCA-R027.jpg,OLD,
DUP-00320,0d47b70e171d40dde4fedbb7fc3979dfd9559a6b2fe1024d349e061492aabe72,2,1626773,AST-000657; AST-000712,OLD/MCA-R032-2.jpg; OLD/OUTSOURCE 60/MCA-R032-2.jpg,OLD,
DUP-00321,ea7ba4e0d0410bf8336c8d32a6801fa912089abb4c53bccf74c3138b0023911e,2,2021807,AST-000658; AST-000713,OLD/MCA-R033.jpg; OLD/OUTSOURCE 60/MCA-R033.jpg,OLD,
DUP-00322,ff55b0214e43f10316dd0582e5fb874d3c579b2452bda31f5099b328315ff170,2,1285722,AST-000659; AST-000714,OLD/MCA-R034.jpg; OLD/OUTSOURCE 60/MCA-R034.jpg,OLD,
DUP-00323,a567910afbb075c333b721d1db7f57945690a2b499325ac84b5f8595eff2bc98,2,3210292,AST-000660; AST-000715,OLD/MCA-R035.jpg; OLD/OUTSOURCE 60/MCA-R035.jpg,OLD,
DUP-00324,e601c6f5d94fe281b318feec428fdf1d6c4d2b411157e4487210a78754a6e463,2,390255,AST-000661; AST-000716,OLD/MEA-R001-51-2014-07-03.jpg; OLD/OUTSOURCE 60/MEA-R001-51-2014-07-03.jpg,OLD,
DUP-00325,efb8aa1b7576b92f00aaa77b799669b619d46f752248e2762f8dd567fd1f0a68,2,413522,AST-000662; AST-000717,OLD/MEA-R001-52-2014-07-03.jpg; OLD/OUTSOURCE 60/MEA-R001-52-2014-07-03.jpg,OLD,
DUP-00326,4efaad9efe2f5183467fd5953509b7252a276bc349b8638f8125185c83135bfd,2,1140880,AST-000664; AST-000718,OLD/MEA-R001-62-2014-07-03.jpg; OLD/OUTSOURCE 60/MEA-R001-62-2014-07-03.jpg,OLD,
DUP-00327,8a00814d4ee6732d23a63350604867bd55401be269d15251f8c2ec360279f1d3,3,3548548,AST-000720; AST-000748; AST-000749,OLD/OUTSOURCE 60/SHE-R021.jpg; OLD/SHE-R021 - Copy.jpg; OLD/SHE-R021.jpg,OLD,
DUP-00328,0390e7f94f735c72a52699dd040cfa1715f177577c2443b7fca820907827f5fb,4,5020254,AST-000721; AST-000753; AST-000754; AST-000755,OLD/OUTSOURCE 60/SHE-R024.jpg; OLD/SHE-R024 - Copy - Copy.jpg; OLD/SHE-R024 - Copy.jpg; OLD/SHE-R024.jpg,OLD,
DUP-00329,c456254ac2d8c6262d7d2f7cd22007fae76a89e4ca7f38d189898c8571121f54,2,924434,AST-000722; AST-000770,OLD/OUTSOURCE 60/TRA-R109.jpg; OLD/TRA-R109.jpg,OLD,
DUP-00330,032b3e34d7be5534ab4769bd8075e592e22c70a011ca8e151714764489c5d84c,2,381696,AST-000723; AST-000771,OLD/OUTSOURCE 60/TRA-R114.JPG; OLD/TRA-R114.JPG,OLD,
DUP-00331,2f31b3e3731a38066e1ae8e509ec4c4b7aacc22ba628212a415cb15aec2dfa7a,2,437404,AST-000724; AST-000773,OLD/OUTSOURCE 60/TRA-R121.jpg; OLD/TRA-R121.jpg,OLD,
DUP-00332,7b3d08e78509cf6e54f22839130c9397fcf3bcf888424343307e60067462fcd3,2,716151,AST-000725; AST-000775,OLD/OUTSOURCE 60/TRB-R086.jpg; OLD/TRB-R086.jpg,OLD,
DUP-00333,0b730be6c07e69609ba5ebea54cb0d87cb7f6432c59cf5ba4ca5794fa054a899,2,161430,AST-000726; AST-000777,OLD/OUTSOURCE 60/TRB-R094.JPG; OLD/TRB-R094.JPG,OLD,
DUP-00334,75b86631ab308cfc80742f59051e34cc698a83e57bec28179f560124e6590d31,2,1978274,AST-000727; AST-000780,OLD/OUTSOURCE 60/TRC-R052.jpg; OLD/TRC-R052.jpg,OLD,
DUP-00335,b4d10216e8dc844d83e2a35fbc4ebb76029162f140b3e3473bc41ec5616645dd,2,141967,AST-000728; AST-000782,OLD/OUTSOURCE 60/TRD-R066-2.jpg; OLD/TRD-R066-2.jpg,OLD,
DUP-00336,7832cebd8e87f41759a95eaafd35ccf53c4f9d6c8f302138c203d06edabe6a11,3,301840,AST-000729; AST-000783; AST-000784,OLD/OUTSOURCE 60/TRD-R067-2.jpg; OLD/TRD-R067-2 - Copy.jpg; OLD/TRD-R067-2.jpg,OLD,
DUP-00337,2fc7dc7dfd284ee6ff587fc3615018ae68fdd35e587fc240c74e835e7071c84c,2,292061,AST-000730; AST-000787,OLD/OUTSOURCE 60/TRY-R026.jpg; OLD/TRY-R026.jpg,OLD,
DUP-00338,8df2d13c46096751991e0714bb51003982a46c9dbbd429964e8dc12a0eb4a6b3,2,227398,AST-000731; AST-000788,OLD/OUTSOURCE 60/TRY-R032.jpg; OLD/TRY-R032.jpg,OLD,
DUP-00339,1205b4262e54de36f2351ab095c2fed0cdbb8f25afa6a5eeab2da4c084d42967,2,1268186,AST-000732; AST-000789,OLD/OUTSOURCE 60/TRY-R033.JPG; OLD/TRY-R033.JPG,OLD,
DUP-00340,461b6ad8c7d032c48a33d8a280685286366deab06ef424d09cba9ea21e9bf1be,2,276701,AST-000733; AST-000790,OLD/OUTSOURCE 60/TRY-R038.jpg; OLD/TRY-R038.jpg,OLD,
DUP-00341,2ad044513632196a7ce0149f15a934f9819ef54d4a3802506bbeffa4aa801597,2,1572153,AST-000734; AST-000793,OLD/OUTSOURCE 60/VEN-rendering.jpg; OLD/VEN-rendering.jpg,OLD,
DUP-00342,b6c31f20a618ffd4197477343550c96a1acf3d68ccd6135a33b758602379d0c4,2,2374296,AST-000735; AST-000794,OLD/OUTSOURCE 60/VEN-rendering2.jpg; OLD/VEN-rendering2.jpg,OLD,
DUP-00343,2a5ab6301540c23506eb791ad13f90f7f5bc29ca719f38552f6291d0e78add78,2,483458,AST-000736; AST-000795,OLD/OUTSOURCE 60/VEN-rendering9.jpg; OLD/VEN-rendering9.jpg,OLD,
DUP-00344,ec1218f48023f31af876823b0304338925db33b717fa92b905f9466b1b19d8a4,2,718916,AST-000737; AST-000799,OLD/OUTSOURCE 60/bot-002a.jpg; OLD/bot-002a.jpg,OLD,
DUP-00345,5894ea54427f36aa0fe8c6d54e2b8a3725a816e0f32b33cf00ead818f92b093d,2,396784,AST-000738; AST-000800,OLD/OUTSOURCE 60/bot-004.jpg; OLD/bot-004.jpg,OLD,
DUP-00346,4faf3ed47faed1850d43b82d2a398e28a9b39d18bd86ea74c61109dc8ee43225,2,2191098,AST-000739; AST-000803,OLD/OUTSOURCE 60/carseat.jpg; OLD/carseat.jpg,OLD,
DUP-00347,38c3e6546e72c20f77d47d6fae5f96ef30428724fc1b5c3f219014733f9e9330,2,608885,AST-000740; AST-000809,OLD/OUTSOURCE 60/gun-p018.jpg; OLD/gun-p018.jpg,OLD,
DUP-00348,626d3e90c3ba03cd875f95c2178191f80b126deab2b6187917692d41b6287382,2,465971,AST-000741; AST-000811,OLD/OUTSOURCE 60/gun-p021.jpg; OLD/gun-p021.jpg,OLD,
DUP-00349,d1ba180d98ac3deecf0fdb5eb78aaca26725be4997e7f1233c387d961d4aaf52,2,507939,AST-000742; AST-000812,OLD/OUTSOURCE 60/gun-p023.jpg; OLD/gun-p023.jpg,OLD,
DUP-00350,3d6dbb726df315c99983bc1363056dc9dd6b49b5eca193344ae50c41a56ecb37,2,709860,AST-000743; AST-000813,OLD/OUTSOURCE 60/gun-p047.jpg; OLD/gun-p047.jpg,OLD,
DUP-00351,5fac91cf05291af479a58ce813b65a17a6f2c71defdc31a92cddbab93b14bc4f,2,1572515,AST-000744; AST-000819,OLD/OUTSOURCE 60/ipm-008_LR.jpg; OLD/ipm-008_LR.jpg,OLD,
DUP-00352,6da8e91a644b29fefeec66807f9c74ab9d7bafd60cddd62f286a2a381642d17a,2,633182,AST-000745; AST-000820,OLD/OUTSOURCE 60/ipm-011_LR.jpg; OLD/ipm-011_LR.jpg,OLD,
DUP-00353,7b765293ce8b78a1d7e3e4f80870bdea7f14ea50934c141148e75371ceff092a,2,793451,AST-000746; AST-000830,OLD/OUTSOURCE 60/unnamed.jpg; OLD/unnamed.jpg,OLD,
DUP-00354,77a4b067fb3eaabfe70e69533677d04c9e75d6735698cfb843ea22e6458f2b2f,3,3232880,AST-000750; AST-000751; AST-000752,OLD/SHE-R022 - Copy - Copy.jpg; OLD/SHE-R022 - Copy.jpg; OLD/SHE-R022.jpg,OLD,
DUP-00355,4c6275defe600ec032793d9e41bba0ad04d8a92256fff0ad1178ea282ebdfcc3,2,157937,AST-000785; AST-000786,OLD/TRD-R068-2 - Copy.jpg; OLD/TRD-R068-2.jpg,OLD,
DUP-00356,4e416e3e9c80b954b8d03cd26391097370409c9254f7e5a8e00608f696c369ba,2,6222119,AST-000872; AST-000873,SPEC/DBLL/AdobeStock_214657508.jpg; SPEC/DBLL/AdobeStock_214657508_tmp14089,SPEC,
DUP-00357,d3bd08060ce106bcc71562402cfa9f3cc9ecb9ef147f3db66d9ab90de85a018c,2,3563771,AST-000875; AST-000876,SPEC/DBLL/AdobeStock_268562538.jpg; SPEC/DBLL/AdobeStock_268562538_tmp29848,SPEC,
DUP-00358,41f68bf1a310c96e6f02fc77cab84e70ba8acef88d9ae4c3350b80a7da6f5fd5,2,11694803,AST-000976; AST-000977,VIDEO/42.mp4; VIDEO/42A.mp4,VIDEO,
