asset_id,filename,relative_path,source_category,parent_folder,size_bytes,size_mb,width,height,aspect_ratio,orientation,duration_seconds,video_codec,video_fps,audio_present,sha256,notes
AST-000939,1.mp4,VIDEO/1.mp4,VIDEO,VIDEO,3359094,3.2035,,,,,,,,,58e38dbc0005110faf1f9e97ff9cda7fdc02b349eb856b0d2b07e3d82ae233c7,
AST-000940,10.mp4,VIDEO/10.mp4,VIDEO,VIDEO,1591519,1.5178,,,,,,,,,84a02909ef9f79b26d45a8e917133ff982423985843c8dcd97abb94ead93e425,
AST-000941,11.mp4,VIDEO/11.mp4,VIDEO,VIDEO,1128975,1.0767,,,,,,,,,51ce9d60b3f22534c96648b84d8f4cee42d40880148809f9a430178e7f719125,
AST-000942,12.mp4,VIDEO/12.mp4,VIDEO,VIDEO,1504444,1.4347,,,,,,,,,74f6fce38d172a0c91c59fc45aaea44b46fd13d8331d9556b7104424761d7e55,
AST-000943,13.mp4,VIDEO/13.mp4,VIDEO,VIDEO,1936930,1.8472,,,,,,,,,af816a975576d71b5c1004e774e7ee4019e801b0c997153dc9cb3f0f8717de10,
AST-000944,14.mp4,VIDEO/14.mp4,VIDEO,VIDEO,1486392,1.4175,,,,,,,,,acd64588a83a7ab7926ed7e1964832ea927ac65c9aec4bb43a06759316358b33,
AST-000945,15.mp4,VIDEO/15.mp4,VIDEO,VIDEO,4790778,4.5688,,,,,,,,,7a75c4acf8593b0431273717aebd6b92491d30aeaee41e7202ab8ff3549354e4,
AST-000946,16.mp4,VIDEO/16.mp4,VIDEO,VIDEO,925147,0.8823,,,,,,,,,cdcf84e58053ae16abbe2f3eb8c08e20d2020c49fde14197a6c20751b5b16b61,
AST-000947,17.mp4,VIDEO/17.mp4,VIDEO,VIDEO,403967,0.3853,,,,,,,,,db541ad9572147a71404c6fdc4db05dd1a95af48f3500e538e7a22c27339573c,
AST-000948,18.mp4,VIDEO/18.mp4,VIDEO,VIDEO,978490,0.9332,,,,,,,,,54c0124da49cb53152daf3eaeb4292ad71da80e85d1fa4ccd0ccfce579e5f0d2,
AST-000949,19.mp4,VIDEO/19.mp4,VIDEO,VIDEO,1844719,1.7593,,,,,,,,,6a00bc8a123e380c090c707910dff1f3860ace451c7c4def9cc9fd5b0e3f18c9,
AST-000950,2.mp4,VIDEO/2.mp4,VIDEO,VIDEO,3405640,3.2479,,,,,,,,,decd0bd23d1e4597360dedbe2102f86b77c8caa7d91dc3feb18dbb1009910a61,
AST-000951,20.mp4,VIDEO/20.mp4,VIDEO,VIDEO,1926419,1.8372,,,,,,,,,713117d2520a9e7b09802c90a683012729f0033ea110b87956fabee42660a74d,
AST-000952,21.mp4,VIDEO/21.mp4,VIDEO,VIDEO,2186540,2.0852,,,,,,,,,3dc31466270115a31895699849df0a0c6d2734ed32199822aa0501de301ea80c,
AST-000953,22.mp4,VIDEO/22.mp4,VIDEO,VIDEO,3191827,3.044,,,,,,,,,df523ad39e67aec3bf2c05408e18f9cfad7565f19f3f008a6f181c6dd912216b,
AST-000954,23.mp4,VIDEO/23.mp4,VIDEO,VIDEO,2734091,2.6074,,,,,,,,,f0b7be595a6338cc5f815b2506946488e111ae5c004ecfa1e84ac8657e2ef070,
AST-000955,24.mp4,VIDEO/24.mp4,VIDEO,VIDEO,2824621,2.6938,,,,,,,,,e98add0a736340811658820c36e79ae8dac9dcee2ea87d766526650ed7ce19d8,
AST-000956,25.mp4,VIDEO/25.mp4,VIDEO,VIDEO,5051454,4.8174,,,,,,,,,dba659a75386cc359251bbc221db11976457961bca2261ca61df4fb91ca0ce63,
AST-000957,26.mp4,VIDEO/26.mp4,VIDEO,VIDEO,1254957,1.1968,,,,,,,,,ba93ddd97ee7e14bffabde8a3fc3a1d1e27ca6780f98f45305653f860eef7b2a,
AST-000958,27.mp4,VIDEO/27.mp4,VIDEO,VIDEO,2189345,2.0879,,,,,,,,,2f0ad6646a8200282252cbc5ddc1380f67610b47dece58ca3c2fd51688ac8b6e,
AST-000959,28.mp4,VIDEO/28.mp4,VIDEO,VIDEO,26165067,24.953,,,,,,,,,d6080e46aadea3fba51ddffa70b3c430cf5359321e4ff6ace112b77c47f5547f,
AST-000960,28a.mp4,VIDEO/28a.mp4,VIDEO,VIDEO,26746593,25.5075,,,,,,,,,9f693d25e335f8f86236244f3418c5ade0804623e6f62d007c9b6c0abe3009e1,
AST-000961,29.mp4,VIDEO/29.mp4,VIDEO,VIDEO,9158036,8.7338,,,,,,,,,7561935703354c78775b4f1a6c7e808c6d2009ed017326563d5feb48acd29f2a,
AST-000962,3.mp4,VIDEO/3.mp4,VIDEO,VIDEO,5234362,4.9919,,,,,,,,,f57f6761c2b444554f6230726ac94f337f2e5eaecc30f450409dfafcf5a29736,
AST-000963,30.mp4,VIDEO/30.mp4,VIDEO,VIDEO,3453458,3.2935,,,,,,,,,d15c72a63c0ad0e0140ad874a818b17b4c75ded02960066abaec5f1b67900c8d,
AST-000964,31.mp4,VIDEO/31.mp4,VIDEO,VIDEO,4560318,4.3491,,,,,,,,,821f99ea79db1f5ac284cd4f439220e19da8041cef80d569267b0f06048e4a18,
AST-000965,32.mp4,VIDEO/32.mp4,VIDEO,VIDEO,7692770,7.3364,,,,,,,,,1fce0247a8113d12e5b85a23361943f68c1e80f02146fc2454111bfea43710f3,
AST-000966,33.mp4,VIDEO/33.mp4,VIDEO,VIDEO,9758859,9.3068,,,,,,,,,2e3105ee7fdc447a78d603af8f9eadfeaaff7cf99ee4624891e94c481800c515,
AST-000967,34.mp4,VIDEO/34.mp4,VIDEO,VIDEO,6388819,6.0929,,,,,,,,,16fc968c7ca0742a0b43fdb10e3c22a90f445800435fef1b9e79cb4f5b268c37,
AST-000968,35.mp4,VIDEO/35.mp4,VIDEO,VIDEO,4701147,4.4834,,,,,,,,,9839577b76f708c132c3c680f048944b63fe9d0ff1b25a9f25b62313ff085489,
AST-000969,36.mp4,VIDEO/36.mp4,VIDEO,VIDEO,5792115,5.5238,,,,,,,,,2f9704e1ef639c5aba6c0b46309abe5e6ee20c96abade3eab3883fb1fe69d201,
AST-000970,37.mp4,VIDEO/37.mp4,VIDEO,VIDEO,3776454,3.6015,,,,,,,,,80d026a378e062aceaea38b18da15a9ba71e89ecda0e3241be64ce43886052e9,
AST-000971,38.mp4,VIDEO/38.mp4,VIDEO,VIDEO,18650449,17.7865,,,,,,,,,9c6ece697019926cf97c2f27992777a583a3e2e8261ef9b59158df4f8b52be26,
AST-000972,39.mp4,VIDEO/39.mp4,VIDEO,VIDEO,2304164,2.1974,,,,,,,,,61c1833dab3846cd2603ae4fab9d92f37054391ca7f667943713e08a1a4f474c,
AST-000973,4.mp4,VIDEO/4.mp4,VIDEO,VIDEO,3585090,3.419,,,,,,,,,070ce1b4245003af82065993a57e49efd1bdd60327a37a455ddc2f7f19061e8d,
AST-000974,40.mp4,VIDEO/40.mp4,VIDEO,VIDEO,1023920,0.9765,,,,,,,,,17620269b26e0c59d75115fa5bc33171697eb7baca28a20bda2fe7c177315351,
AST-000975,41.mp4,VIDEO/41.mp4,VIDEO,VIDEO,2225971,2.1229,,,,,,,,,662d394b198398763a991741b02f29c4e7e678c8d815a0c2bec3bb1ab114fbba,
AST-000976,42.mp4,VIDEO/42.mp4,VIDEO,VIDEO,11694803,11.153,,,,,,,,,41f68bf1a310c96e6f02fc77cab84e70ba8acef88d9ae4c3350b80a7da6f5fd5,
AST-000977,42A.mp4,VIDEO/42A.mp4,VIDEO,VIDEO,11694803,11.153,,,,,,,,,41f68bf1a310c96e6f02fc77cab84e70ba8acef88d9ae4c3350b80a7da6f5fd5,
AST-000978,43.mp4,VIDEO/43.mp4,VIDEO,VIDEO,6959259,6.6369,,,,,,,,,ccc2c79f110789a9ebb40b5a4db90e72d301facc16ee038832fe0266a74fc2bb,
AST-000979,5.mp4,VIDEO/5.mp4,VIDEO,VIDEO,3237871,3.0879,,,,,,,,,c46504b1dcc15fb920e5b55b3a01d727e60df7d5ef9438b3c984390b13f3e9f2,
AST-000980,6.mp4,VIDEO/6.mp4,VIDEO,VIDEO,5552422,5.2952,,,,,,,,,d9bcd22dd14aa74107f244c0e74cef54dda460c57583a83c50ff4155cbb84402,
AST-000981,7.mp4,VIDEO/7.mp4,VIDEO,VIDEO,3571228,3.4058,,,,,,,,,90ae9b7690640aff7fec0d63ea68628263bc6f3cc6a48ef4cb0e2f208551ab05,
AST-000982,8.mp4,VIDEO/8.mp4,VIDEO,VIDEO,1610133,1.5355,,,,,,,,,73fd8542fd0bddd71e88f15204790465f223a201cd2008982d6515675e3b2286,
AST-000983,9.mp4,VIDEO/9.mp4,VIDEO,VIDEO,4378251,4.1754,,,,,,,,,abf90814b8b5451f0b9935771a771b3d690f6f652b123c1a15b819e53b66038f,
