candidate_name,source_category,folder_path,file_count,image_count,video_count,total_size,evidence_strength,possible_existing_phase0a_project,notes
520 Madison Avenue NY,ARCHITECTURE,ARCHITECTURE/520 Madison Avenue NY,1,1,0,144835,FOLDER_NAME,,
ABS + RTV Tooling,PROTOTYPING,PROTOTYPING/ABS + RTV Tooling,3,3,0,206424,FOLDER_NAME,,
ADAGIO,OLD,OLD/ADAGIO,5,5,0,101857,FOLDER_NAME,,
Acrylic FormingBending,PROTOTYPING,PROTOTYPING/Acrylic FormingBending,2,2,0,62926,FOLDER_NAME,,
Adagio,HOME GOODS,HOME GOODS/Adagio,2,2,0,80295,FOLDER_NAME,,
Aesthetic Treatment Machine,MEDICAL,MEDICAL/Aesthetic Treatment Machine,2,2,0,159174,FOLDER_NAME,,
Air Conditioning Fan,APPLIANCES,APPLIANCES/Air Conditioning Fan,3,3,0,135189,FOLDER_NAME,,
Aircraft Interior,TRANSPORTATION,TRANSPORTATION/Aircraft Interior,2,2,0,279489,FOLDER_NAME,,
All-in-One Grill,OUTDOORS,OUTDOORS/All-in-One Grill,2,2,0,126376,FOLDER_NAME,,
Armored Vehicle Camera,MILITARY,MILITARY/Armored Vehicle Camera,2,2,0,74330,FOLDER_NAME,,
Barcode Scanner,COMMERCIAL,COMMERCIAL/Barcode Scanner,2,2,0,76149,FOLDER_NAME,,
Binoculars,MILITARY,MILITARY/Binoculars,2,2,0,61058,FOLDER_NAME,,
Blood Pressure Monitor,MEDICAL,MEDICAL/Blood Pressure Monitor,2,2,0,40918,FOLDER_NAME,,
Boat Profile,TRANSPORTATION,TRANSPORTATION/Boat Profile,2,2,0,105659,FOLDER_NAME,,
Bomb Squad Remote,MILITARY,MILITARY/Bomb Squad Remote,2,2,0,43477,FOLDER_NAME,,
Bomb Squad Robot,MILITARY,MILITARY/Bomb Squad Robot,2,2,0,48709,FOLDER_NAME,,
Business Phone,COMMUNICATION,COMMUNICATION/Business Phone,2,2,0,178027,FOLDER_NAME,,
CD Player,CONSUMER ELECTRONICS,CONSUMER ELECTRONICS/CD Player,2,2,0,37776,FOLDER_NAME,,
Cam Corder (Portable Camera),CONSUMER ELECTRONICS,CONSUMER ELECTRONICS/Cam Corder (Portable Camera),2,2,0,45331,FOLDER_NAME,,
Carbon Fiber Molding,PROTOTYPING,PROTOTYPING/Carbon Fiber Molding,2,2,0,89392,FOLDER_NAME,,
Catamaran,TRANSPORTATION,TRANSPORTATION/Catamaran,2,2,0,204837,FOLDER_NAME,,
Charlotte Office Interior,ARCHITECTURE,ARCHITECTURE/Charlotte Office Interior,3,3,0,174873,FOLDER_NAME,,
Cleanser,GRAPHIC,GRAPHIC/Cleanser,2,2,0,142677,FOLDER_NAME,,
Coffee Maker,APPLIANCES,APPLIANCES/Coffee Maker,2,2,0,112172,FOLDER_NAME,,
Convent of the Sacred Heart,ARCHITECTURE,ARCHITECTURE/Convent of the Sacred Heart,3,3,0,195610,FOLDER_NAME,,
DBLL,SPEC,SPEC/DBLL,15,13,0,37138055,FOLDER_NAME,,
DVD Player,CONSUMER ELECTRONICS,CONSUMER ELECTRONICS/DVD Player,2,2,0,186583,FOLDER_NAME,,
Da Benito,GRAPHIC,GRAPHIC/Da Benito,2,2,0,216143,FOLDER_NAME,,
Defibrillator,MEDICAL,MEDICAL/Defibrillator,2,2,0,220892,FOLDER_NAME,,
Dehumidifier,HOME GOODS,HOME GOODS/Dehumidifier,2,2,0,46325,FOLDER_NAME,,
Dental Jet,MEDICAL,MEDICAL/Dental Jet,2,2,0,32119,FOLDER_NAME,,
Diamond,TRANSPORTATION,TRANSPORTATION/Diamond,2,2,0,266540,FOLDER_NAME,,
Dictaphone,COMMERCIAL,COMMERCIAL/Dictaphone,2,2,0,151859,FOLDER_NAME,,
Diving Goggle (with Camera),OUTDOORS,OUTDOORS/Diving Goggle (with Camera),3,3,0,132437,FOLDER_NAME,,
Dubai International Boat Show,MISCELLANEOUS,MISCELLANEOUS/Dubai International Boat Show,3,3,0,146903,FOLDER_NAME,,
Dumbbells,SPORT,SPORT/Dumbbells,2,2,0,46511,FOLDER_NAME,,
Dynamometer,MEDICAL,MEDICAL/Dynamometer,2,2,0,32408,FOLDER_NAME,,
Emergency Beacon,MILITARY,MILITARY/Emergency Beacon,2,2,0,65828,FOLDER_NAME,,
FDM Printing,PROTOTYPING,PROTOTYPING/FDM Printing,1,1,0,27204,FOLDER_NAME,,
Fan Tower,HOME GOODS,HOME GOODS/Fan Tower,2,2,0,51813,FOLDER_NAME,,
Finger-Print Scanner,COMMERCIAL,COMMERCIAL/Finger-Print Scanner,2,2,0,82459,FOLDER_NAME,,
Finger-Print Scanner,MILITARY,MILITARY/Finger-Print Scanner,2,2,0,82459,FOLDER_NAME,,
Flight Box,MILITARY,MILITARY/Flight Box,2,2,0,51234,FOLDER_NAME,,
Flight Planner,COMMERCIAL,COMMERCIAL/Flight Planner,2,2,0,202227,FOLDER_NAME,,
Flight Planner,MILITARY,MILITARY/Flight Planner,2,2,0,202227,FOLDER_NAME,,
GKV Law Firm,WEB DESIGN,WEB DESIGN/GKV Law Firm,2,2,0,222789,FOLDER_NAME,,
GPS Navigator,COMMUNICATION,COMMUNICATION/GPS Navigator,2,2,0,198074,FOLDER_NAME,,
Golf Caddy,SPORT,SPORT/Golf Caddy,2,2,0,57976,FOLDER_NAME,,
Gyrocam,MILITARY,MILITARY/Gyrocam,2,2,0,55487,FOLDER_NAME,,
Hand Dryer,COMMERCIAL,COMMERCIAL/Hand Dryer,2,2,0,213026,FOLDER_NAME,,
Handheld Massager,CONSUMER ELECTRONICS,CONSUMER ELECTRONICS/Handheld Massager,2,2,0,34877,FOLDER_NAME,,
Hard Drive Tower,CONSUMER ELECTRONICS,CONSUMER ELECTRONICS/Hard Drive Tower,2,2,0,63435,FOLDER_NAME,,
Hayderabad Phase II Project,ARCHITECTURE,ARCHITECTURE/Hayderabad Phase II Project,3,3,0,174395,FOLDER_NAME,,
Heavenly,GRAPHIC,GRAPHIC/Heavenly,1,1,0,53043,FOLDER_NAME,,
Hydra,TRANSPORTATION,TRANSPORTATION/Hydra,2,2,0,128991,FOLDER_NAME,,
Hydraulic Cross-section,INDUSTRIAL,INDUSTRIAL/Hydraulic Cross-section,2,2,0,66625,FOLDER_NAME,,
Infrared Window,INDUSTRIAL,INDUSTRIAL/Infrared Window,2,2,0,117155,FOLDER_NAME,,
Ionizer,HOME GOODS,HOME GOODS/Ionizer,2,2,0,51813,FOLDER_NAME,,
Jewelry,GRAPHIC,GRAPHIC/Jewelry,2,2,0,246261,FOLDER_NAME,,
Kitchen Knife,KITCHENWARE,KITCHENWARE/Kitchen Knife,2,2,0,50284,FOLDER_NAME,,
Knee Board,SPORT,SPORT/Knee Board,2,2,0,88041,FOLDER_NAME,,
LED Street Light,OUTDOORS,OUTDOORS/LED Street Light,2,2,0,91504,FOLDER_NAME,,
Labeler,INDUSTRIAL,INDUSTRIAL/Labeler,2,2,0,78054,FOLDER_NAME,,
Ladder Rack,MISCELLANEOUS,MISCELLANEOUS/Ladder Rack,2,2,0,142821,FOLDER_NAME,,
Luxury Yacht,TRANSPORTATION,TRANSPORTATION/Luxury Yacht,2,2,0,164420,FOLDER_NAME,,
MBA Air,WEB DESIGN,WEB DESIGN/MBA Air,2,2,0,254578,FOLDER_NAME,,
MCL Cafeteria,GRAPHIC,GRAPHIC/MCL Cafeteria,2,2,0,145533,FOLDER_NAME,,
Mail Extraction Machine,INDUSTRIAL,INDUSTRIAL/Mail Extraction Machine,2,2,0,31981,FOLDER_NAME,,
Manpack,MILITARY,MILITARY/Manpack,2,2,0,73331,FOLDER_NAME,,
Massaging Vibrating Teether,TOYS GAMES JUVENILE,TOYS GAMES JUVENILE/Massaging Vibrating Teether,2,2,0,93125,FOLDER_NAME,,
Mastique,GRAPHIC,GRAPHIC/Mastique,1,1,0,83925,FOLDER_NAME,,
Medical Advertising,GRAPHIC,GRAPHIC/Medical Advertising,2,2,0,117451,FOLDER_NAME,,
Medical Hospital Scale,MEDICAL,MEDICAL/Medical Hospital Scale,2,2,0,33623,FOLDER_NAME,,
Mega Yacht,TRANSPORTATION,TRANSPORTATION/Mega Yacht,2,2,0,132320,FOLDER_NAME,,
Military Phone,MILITARY,MILITARY/Military Phone,2,2,0,60953,FOLDER_NAME,,
Misquamicut Beach Club,ARCHITECTURE,ARCHITECTURE/Misquamicut Beach Club,4,4,0,229130,FOLDER_NAME,,
Mosquito Deleto,OUTDOORS,OUTDOORS/Mosquito Deleto,2,2,0,68234,FOLDER_NAME,,
Multi Level Prototyping,PROTOTYPING,PROTOTYPING/Multi Level Prototyping,2,2,0,145568,FOLDER_NAME,,
Naples Lumber,GRAPHIC,GRAPHIC/Naples Lumber,2,2,0,194399,FOLDER_NAME,,
OUTSOURCE 60,OLD,OLD/OUTSOURCE 60,81,80,0,160267475,FOLDER_NAME,,
PDA,COMMUNICATION,COMMUNICATION/PDA,2,2,0,188383,FOLDER_NAME,,
POD for UAV,MILITARY,MILITARY/POD for UAV,2,2,0,188801,FOLDER_NAME,,
Paper HolderDispenser,KITCHENWARE,KITCHENWARE/Paper HolderDispenser,2,2,0,136845,FOLDER_NAME,,
Payphone,COMMUNICATION,COMMUNICATION/Payphone,1,1,0,81269,FOLDER_NAME,,
Pedometer,SPORT,SPORT/Pedometer,2,2,0,57793,FOLDER_NAME,,
Portable Scanner,MEDICAL,MEDICAL/Portable Scanner,2,2,0,99445,FOLDER_NAME,,
Portable Shredder,CONSUMER ELECTRONICS,CONSUMER ELECTRONICS/Portable Shredder,2,2,0,125052,FOLDER_NAME,,
Putter,SPORT,SPORT/Putter,2,2,0,141548,FOLDER_NAME,,
RACK,SPEC,SPEC/RACK,7,7,0,677346,FOLDER_NAME,,
Rackmount Enclosure,MILITARY,MILITARY/Rackmount Enclosure,2,2,0,101271,FOLDER_NAME,,
Recycle Bin,KITCHENWARE,KITCHENWARE/Recycle Bin,2,2,0,74759,FOLDER_NAME,,
Refrigerator 1,APPLIANCES,APPLIANCES/Refrigerator 1,2,2,0,91594,FOLDER_NAME,,
Refrigerator 2,APPLIANCES,APPLIANCES/Refrigerator 2,2,2,0,83098,FOLDER_NAME,,
Rifle Scope,MILITARY,MILITARY/Rifle Scope,2,2,0,130833,FOLDER_NAME,,
Roller Blades,SPORT,SPORT/Roller Blades,2,2,0,116109,FOLDER_NAME,,
"Rubber Coating, Silkscreening",PROTOTYPING,"PROTOTYPING/Rubber Coating, Silkscreening",4,4,0,116673,FOLDER_NAME,,
Rugged Computer,MILITARY,MILITARY/Rugged Computer,2,2,0,39158,FOLDER_NAME,,
SLA  SLS,PROTOTYPING,PROTOTYPING/SLA  SLS,1,1,0,27403,FOLDER_NAME,,
SPON,SPEC,SPEC/SPON,15,15,0,4432511,FOLDER_NAME,,
Salt and Pepper Shaker,KITCHENWARE,KITCHENWARE/Salt and Pepper Shaker,2,2,0,60981,FOLDER_NAME,,
Scale,KITCHENWARE,KITCHENWARE/Scale,2,2,0,73310,FOLDER_NAME,,
Security Scanner,COMMERCIAL,COMMERCIAL/Security Scanner,2,2,0,22116,FOLDER_NAME,,
Security Scanner,MILITARY,MILITARY/Security Scanner,2,2,0,22116,FOLDER_NAME,,
Security Wand,MILITARY,MILITARY/Security Wand,2,2,0,151455,FOLDER_NAME,,
Sheet Metal + RTV Tooling,PROTOTYPING,PROTOTYPING/Sheet Metal + RTV Tooling,6,6,0,217964,FOLDER_NAME,,
Sioux City Sarsaparilla,GRAPHIC,GRAPHIC/Sioux City Sarsaparilla,2,2,0,206671,FOLDER_NAME,,
Soup Server,COMMERCIAL,COMMERCIAL/Soup Server,2,2,0,216373,FOLDER_NAME,,
Speaker Tower,HOME GOODS,HOME GOODS/Speaker Tower,1,1,0,66116,FOLDER_NAME,,
Spine Board,MEDICAL,MEDICAL/Spine Board,3,3,0,156521,FOLDER_NAME,,
Sports Bottle,SPORT,SPORT/Sports Bottle,2,2,0,29284,FOLDER_NAME,,
Staircase,COMMERCIAL,COMMERCIAL/Staircase,2,2,0,295881,FOLDER_NAME,,
Submersible Tablet,CONSUMER ELECTRONICS,CONSUMER ELECTRONICS/Submersible Tablet,2,2,0,126899,FOLDER_NAME,,
Suitcase,MILITARY,MILITARY/Suitcase,2,2,0,56089,FOLDER_NAME,,
Suna Salon,WEB DESIGN,WEB DESIGN/Suna Salon,2,2,0,225626,FOLDER_NAME,,
Super Yacht,TRANSPORTATION,TRANSPORTATION/Super Yacht,2,2,0,416358,FOLDER_NAME,,
Synergix,INDUSTRIAL,INDUSTRIAL/Synergix,2,2,0,120332,FOLDER_NAME,,
Tablet,CONSUMER ELECTRONICS,CONSUMER ELECTRONICS/Tablet,2,2,0,206199,FOLDER_NAME,,
Tac-Eye Binocular,MILITARY,MILITARY/Tac-Eye Binocular,2,2,0,39238,FOLDER_NAME,,
Tamarack Country Club,ARCHITECTURE,ARCHITECTURE/Tamarack Country Club,8,8,0,580001,FOLDER_NAME,,
Tamarack Pool House,ARCHITECTURE,ARCHITECTURE/Tamarack Pool House,2,2,0,146709,FOLDER_NAME,,
Tennis Ball Machine,SPORT,SPORT/Tennis Ball Machine,2,2,0,37184,FOLDER_NAME,,
Therapy System,MEDICAL,MEDICAL/Therapy System,2,2,0,24036,FOLDER_NAME,,
Thermometer,MEDICAL,MEDICAL/Thermometer,2,2,0,31137,FOLDER_NAME,,
Tutor My Kid,WEB DESIGN,WEB DESIGN/Tutor My Kid,2,2,0,251298,FOLDER_NAME,,
Universal Remote Control,CONSUMER ELECTRONICS,CONSUMER ELECTRONICS/Universal Remote Control,2,2,0,174421,FOLDER_NAME,,
VIRT,SPEC,SPEC/VIRT,1,1,0,286096,FOLDER_NAME,,
Vacuum Cleaner,APPLIANCES,APPLIANCES/Vacuum Cleaner,2,2,0,108181,FOLDER_NAME,,
Video Player,CONSUMER ELECTRONICS,CONSUMER ELECTRONICS/Video Player,2,2,0,37079,FOLDER_NAME,,
Walkie Talkie,COMMUNICATION,COMMUNICATION/Walkie Talkie,2,2,0,79138,FOLDER_NAME,,
Waterproof Case,OUTDOORS,OUTDOORS/Waterproof Case,2,2,0,100471,FOLDER_NAME,,
Wild Peas,TOYS GAMES JUVENILE,TOYS GAMES JUVENILE/Wild Peas,1,1,0,27213,FOLDER_NAME,,
Wireless Tower,CONSUMER ELECTRONICS,CONSUMER ELECTRONICS/Wireless Tower,2,2,0,49466,FOLDER_NAME,,
Yacht Interior,TRANSPORTATION,TRANSPORTATION/Yacht Interior,2,2,0,239185,FOLDER_NAME,,
Your Lucky Eye,WEB DESIGN,WEB DESIGN/Your Lucky Eye,2,2,0,223248,FOLDER_NAME,,
iPad Cover,MISCELLANEOUS,MISCELLANEOUS/iPad Cover,3,3,0,168703,FOLDER_NAME,,
iPhone Case,COMMUNICATION,COMMUNICATION/iPhone Case,2,2,0,131505,FOLDER_NAME,,
iaMedium,COMMERCIAL,COMMERCIAL/iaMedium,3,3,0,217596,FOLDER_NAME,,
iaMedium,MILITARY,MILITARY/iaMedium,2,2,0,67936,FOLDER_NAME,,
