local_project_id,project_name,display_name,category,evidence_level,total_assets,unique_assets,image_count,video_count,total_size_bytes,source_folders,identification_status,curation_priority,case_study_potential,website_featured_candidate,owner_review_needed,notes
PRJ-LOCAL-0001,Tamarack Country Club,Tamarack Country Club,ARCHITECTURE,LEVEL_1,10,10,10,0,726710,ARCHITECTURE/Tamarack Country Club; ARCHITECTURE/Tamarack Pool House,LOCAL_VERIFIED,P0,HIGH,FEATURE_CANDIDATE_A,NO,"8+2 assets. Exteriors, interiors, details, elevation drawings. Strongest architecture set."
PRJ-LOCAL-0002,Misquamicut Beach Club,Misquamicut Beach Club,ARCHITECTURE,LEVEL_1,4,4,4,0,229130,ARCHITECTURE/Misquamicut Beach Club,LOCAL_VERIFIED,P0,MEDIUM_HIGH,FEATURE_CANDIDATE_B,NO,"4 assets. Coastal architecture, wood-and-white palette."
PRJ-LOCAL-0003,Charlotte Office Interior,Charlotte Office Interior,ARCHITECTURE,LEVEL_1,3,3,3,0,174873,ARCHITECTURE/Charlotte Office Interior,LOCAL_VERIFIED,P1,LOW,SUPPORTING_PROJECT,NO,3 assets. Office interior photography.
PRJ-LOCAL-0004,Convent of the Sacred Heart,Convent of the Sacred Heart,ARCHITECTURE,LEVEL_1,3,3,3,0,195610,ARCHITECTURE/Convent of the Sacred Heart,LOCAL_VERIFIED,P1,LOW,SUPPORTING_PROJECT,NO,3 assets. Architectural photography.
PRJ-LOCAL-0005,Hayderabad Phase II Project,Hayderabad Phase II Project,ARCHITECTURE,LEVEL_1,3,3,3,0,174395,ARCHITECTURE/Hayderabad Phase II Project,LOCAL_VERIFIED,P1,LOW,SUPPORTING_PROJECT,NO,3 assets. Architectural photography.
PRJ-LOCAL-0006,520 Madison Avenue NY,520 Madison Avenue NY,ARCHITECTURE,LEVEL_1,1,1,1,0,144835,ARCHITECTURE/520 Madison Avenue NY,LOCAL_VERIFIED,P1,MINIMAL,ARCHIVE,NO,1 asset. Single architectural photo.
PRJ-LOCAL-0010,Yacht Design Portfolio,Yacht Design Portfolio,TRANSPORTATION,LEVEL_2,16,16,16,0,1658310,TRANSPORTATION/Diamond; TRANSPORTATION/Hydra; TRANSPORTATION/Luxury Yacht; TRANSPORTATION/Mega Yacht; TRANSPORTATION/Super Yacht; TRANSPORTATION/Catamaran; TRANSPORTATION/Boat Profile; TRANSPORTATION/Yacht Interior,LOCAL_STRONG_MATCH,P1,MEDIUM_HIGH,FEATURE_CANDIDATE_A,YES,Multiple yacht/marine vessels. Consistent naval architecture rendering style. Grouped as portfolio.
PRJ-LOCAL-0011,Aircraft Interior,Aircraft Interior,TRANSPORTATION,LEVEL_1,2,2,2,0,279489,TRANSPORTATION/Aircraft Interior,LOCAL_VERIFIED,P1,LOW,SUPPORTING_PROJECT,NO,2 assets. Aircraft cabin interior design.
PRJ-LOCAL-0012,Dubai International Boat Show,Dubai International Boat Show,TRANSPORTATION,LEVEL_1,3,3,3,0,146903,MISCELLANEOUS/Dubai International Boat Show,LOCAL_VERIFIED,P1,LOW,SUPPORTING_PROJECT,NO,3 assets. Boat show photography/composites.
PRJ-LOCAL-0020,SPON - SPOONY Smart Spoon,SPON - SPOONY Smart Spoon,PRODUCT_DESIGN,LEVEL_1,15,15,15,0,4432511,SPEC/SPON,LOCAL_VERIFIED,P0,HIGH,FEATURE_CANDIDATE_A,NO,"15 assets. 'SPOONY' branding on handle. Multiple color variants, USB charging, food photography."
PRJ-LOCAL-0021,DBLL - Adjustable Dumbbell,DBLL - Adjustable Dumbbell,PRODUCT_DESIGN,LEVEL_1,15,13,15,0,37138055,SPEC/DBLL,LOCAL_VERIFIED,P0,MEDIUM_HIGH,FEATURE_CANDIDATE_B,NO,13 assets (incl. some AdobeStock). Product renders + app mockup. Stock photos need separation.
PRJ-LOCAL-0022,RACK - Rackmount System,RACK - Rackmount System,PRODUCT_DESIGN,LEVEL_1,7,7,7,0,677346,SPEC/RACK,LOCAL_VERIFIED,P0,MEDIUM,FEATURE_CANDIDATE_B,NO,7 assets. Rackmount enclosure product documentation.
PRJ-LOCAL-0023,VIRT,VIRT,PRODUCT_DESIGN,LEVEL_1,1,1,1,0,286096,SPEC/VIRT,LOCAL_VERIFIED,P0,MINIMAL,ARCHIVE,NO,1 asset. Single large image.
PRJ-LOCAL-0030,Crestron Adagio,Crestron Adagio,CONSUMER_ELECTRONICS,LEVEL_1,7,7,7,0,182152,OLD/ADAGIO; HOME GOODS/Adagio,LOCAL_VERIFIED,P0,HIGH,FEATURE_CANDIDATE_A,NO,5+2=7 assets. High-end audio equipment. Clear 'ADAGIO' branding. Cross-folder project.
PRJ-LOCAL-0031,iPad Cover (IPM),iPad Cover (IPM),CONSUMER_ELECTRONICS,LEVEL_2,6,6,6,0,375127,MISCELLANEOUS/iPad Cover; PROTOTYPING/ABS + RTV Tooling,LOCAL_STRONG_MATCH,P1,MEDIUM,SUPPORTING_PROJECT,YES,3+3=6 assets. Lifestyle photography in MISCELLANEOUS + prototype docs in PROTOTYPING. IPM branding.
PRJ-LOCAL-0040,Medical Device Portfolio,Medical Device Portfolio,MEDICAL,LEVEL_2,21,21,21,0,830273,MEDICAL/Aesthetic Treatment Machine; MEDICAL/Blood Pressure Monitor; MEDICAL/Dental Jet; MEDICAL/Defibrillator; MEDICAL/Dynamometer; MEDICAL/Medical Hospital Scale; MEDICAL/Portable Scanner; MEDICAL/Spine Board; MEDICAL/Therapy System; MEDICAL/Thermometer,LOCAL_STRONG_MATCH,P1,MEDIUM,SUPPORTING_PROJECT,YES,"10 subfolders, ~20 assets. Diverse medical products. Consistent product photography style."
PRJ-LOCAL-0050,Military/Defense Portfolio,Military/Defense Portfolio,MILITARY,LEVEL_2,32,32,32,0,1241252,MILITARY/Armored Vehicle Camera; MILITARY/Binoculars; MILITARY/Bomb Squad Remote; MILITARY/Bomb Squad Robot; MILITARY/Emergency Beacon; MILITARY/Flight Box; MILITARY/Gyrocam; MILITARY/Manpack; MILITARY/Military Phone; MILITARY/POD for UAV; MILITARY/Rackmount Enclosure; MILITARY/Rifle Scope; MILITARY/Rugged Computer; MILITARY/Security Wand; MILITARY/Suitcase; MILITARY/Tac-Eye Binocular,LOCAL_STRONG_MATCH,P1,MEDIUM,SUPPORTING_PROJECT,YES,"16 subfolders, ~32 assets. Diverse defense products. Consistent industrial design style."
PRJ-LOCAL-0051,iaMedium (Dual Category),iaMedium,MILITARY,LEVEL_1,5,3,5,0,285532,COMMERCIAL/iaMedium; MILITARY/iaMedium,LOCAL_VERIFIED,P1,LOW,SUPPORTING_PROJECT,NO,3+2=5 assets. Appears in both COMMERCIAL and MILITARY. Cross-category project.
PRJ-LOCAL-0052,Finger-Print Scanner (Dual),Finger-Print Scanner,COMMERCIAL,LEVEL_1,4,2,4,0,164918,COMMERCIAL/Finger-Print Scanner; MILITARY/Finger-Print Scanner,LOCAL_VERIFIED,P1,LOW,SUPPORTING_PROJECT,NO,Same 2 assets in both COMMERCIAL and MILITARY. Exact duplicate across categories.
PRJ-LOCAL-0053,Flight Planner (Dual),Flight Planner,MILITARY,LEVEL_1,4,2,4,0,404454,COMMERCIAL/Flight Planner; MILITARY/Flight Planner,LOCAL_VERIFIED,P1,LOW,SUPPORTING_PROJECT,NO,Same 2 assets in both COMMERCIAL and MILITARY. Exact duplicate across categories.
PRJ-LOCAL-0054,Security Scanner (Dual),Security Scanner,COMMERCIAL,LEVEL_1,4,2,4,0,44232,COMMERCIAL/Security Scanner; MILITARY/Security Scanner,LOCAL_VERIFIED,P1,LOW,SUPPORTING_PROJECT,NO,Same 2 assets in both COMMERCIAL and MILITARY. Exact duplicate across categories.
PRJ-LOCAL-0060,Web Design Portfolio,Web Design Portfolio,WEB_DESIGN,LEVEL_2,10,10,10,0,1177539,WEB DESIGN/GKV Law Firm; WEB DESIGN/MBA Air; WEB DESIGN/Suna Salon; WEB DESIGN/Tutor My Kid; WEB DESIGN/Your Lucky Eye,LOCAL_STRONG_MATCH,P1,MEDIUM,SUPPORTING_PROJECT,YES,"5 projects, ~10 assets. Website screenshots and mockups."
PRJ-LOCAL-0070,Graphic Design Portfolio,Graphic Design Portfolio,GRAPHIC,LEVEL_2,16,16,16,0,1406103,GRAPHIC/Cleanser; GRAPHIC/Da Benito; GRAPHIC/Heavenly; GRAPHIC/Jewelry; GRAPHIC/MCL Cafeteria; GRAPHIC/Mastique; GRAPHIC/Medical Advertising; GRAPHIC/Naples Lumber; GRAPHIC/Sioux City Sarsaparilla,LOCAL_STRONG_MATCH,P1,MEDIUM,SUPPORTING_PROJECT,YES,"9 projects, ~17 assets. Branding, packaging, print design."
PRJ-LOCAL-0080,Prototyping Capabilities,Prototyping Capabilities,PROTOTYPING,LEVEL_2,18,18,18,0,687130,"PROTOTYPING/Acrylic FormingBending; PROTOTYPING/Carbon Fiber Molding; PROTOTYPING/FDM Printing; PROTOTYPING/Multi Level Prototyping; PROTOTYPING/Rubber Coating, Silkscreening; PROTOTYPING/Sheet Metal + RTV Tooling; PROTOTYPING/SLA  SLS",LOCAL_STRONG_MATCH,P1,MEDIUM,SUPPORTING_PROJECT,YES,"7 process folders, ~18 assets. Manufacturing/process documentation."
PRJ-LOCAL-0085,Commercial Products Portfolio,Commercial Products Portfolio,COMMERCIAL,LEVEL_2,10,10,10,0,953288,COMMERCIAL/Barcode Scanner; COMMERCIAL/Dictaphone; COMMERCIAL/Hand Dryer; COMMERCIAL/Soup Server; COMMERCIAL/Staircase,LOCAL_STRONG_MATCH,P1,MEDIUM,SUPPORTING_PROJECT,YES,"5 remaining COMMERCIAL folders, ~10 assets. Diverse commercial products."
PRJ-LOCAL-0090,Consumer Electronics Portfolio,Consumer Electronics Portfolio,CONSUMER_ELECTRONICS,LEVEL_2,22,22,22,0,1087118,CONSUMER ELECTRONICS/CD Player; CONSUMER ELECTRONICS/Cam Corder (Portable Camera); CONSUMER ELECTRONICS/DVD Player; CONSUMER ELECTRONICS/Handheld Massager; CONSUMER ELECTRONICS/Hard Drive Tower; CONSUMER ELECTRONICS/Portable Shredder; CONSUMER ELECTRONICS/Submersible Tablet; CONSUMER ELECTRONICS/Tablet; CONSUMER ELECTRONICS/Universal Remote Control; CONSUMER ELECTRONICS/Video Player; CONSUMER ELECTRONICS/Wireless Tower,LOCAL_STRONG_MATCH,P1,MEDIUM,SUPPORTING_PROJECT,YES,"11 subfolders, ~22 assets. Diverse consumer electronics."
PRJ-LOCAL-0091,Communication Devices Portfolio,Communication Devices Portfolio,COMMUNICATION,LEVEL_2,11,11,11,0,856396,COMMUNICATION/Business Phone; COMMUNICATION/GPS Navigator; COMMUNICATION/PDA; COMMUNICATION/Payphone; COMMUNICATION/Walkie Talkie; COMMUNICATION/iPhone Case,LOCAL_STRONG_MATCH,P1,MEDIUM,SUPPORTING_PROJECT,YES,"6 subfolders, ~12 assets. Communication products."
PRJ-LOCAL-0092,Appliances Portfolio,Appliances Portfolio,APPLIANCES,LEVEL_2,11,11,11,0,530234,APPLIANCES/Air Conditioning Fan; APPLIANCES/Coffee Maker; APPLIANCES/Refrigerator 1; APPLIANCES/Refrigerator 2; APPLIANCES/Vacuum Cleaner,LOCAL_STRONG_MATCH,P1,MEDIUM,SUPPORTING_PROJECT,YES,"5 subfolders, ~11 assets. Home/commercial appliances."
PRJ-LOCAL-0093,Home Goods Portfolio,Home Goods Portfolio,HOME_GOODS,LEVEL_2,7,5,7,0,216067,HOME GOODS/Dehumidifier; HOME GOODS/Fan Tower; HOME GOODS/Ionizer; HOME GOODS/Speaker Tower,LOCAL_STRONG_MATCH,P1,MEDIUM,SUPPORTING_PROJECT,YES,"4 subfolders, ~7 assets. Home products (excluding Adagio which is separate)."
PRJ-LOCAL-0094,Outdoor & Sports Portfolio,Outdoor & Sports Portfolio,OUTDOORS_SPORTS,LEVEL_2,27,27,27,0,1093468,OUTDOORS/All-in-One Grill; OUTDOORS/Diving Goggle (with Camera); OUTDOORS/LED Street Light; OUTDOORS/Mosquito Deleto; OUTDOORS/Waterproof Case; SPORT/Dumbbells; SPORT/Golf Caddy; SPORT/Knee Board; SPORT/Pedometer; SPORT/Putter; SPORT/Roller Blades; SPORT/Sports Bottle; SPORT/Tennis Ball Machine,LOCAL_STRONG_MATCH,P1,MEDIUM,SUPPORTING_PROJECT,YES,"13 subfolders, ~26 assets. Outdoor and sports products."
PRJ-LOCAL-0095,Industrial Equipment Portfolio,Industrial Equipment Portfolio,INDUSTRIAL,LEVEL_2,10,10,10,0,414147,INDUSTRIAL/Hydraulic Cross-section; INDUSTRIAL/Infrared Window; INDUSTRIAL/Labeler; INDUSTRIAL/Mail Extraction Machine; INDUSTRIAL/Synergix,LOCAL_STRONG_MATCH,P1,MEDIUM,SUPPORTING_PROJECT,YES,"5 subfolders, ~10 assets. Industrial equipment."
PRJ-LOCAL-0096,Kitchenware Portfolio,Kitchenware Portfolio,KITCHENWARE,LEVEL_2,10,10,10,0,396179,KITCHENWARE/Kitchen Knife; KITCHENWARE/Paper HolderDispenser; KITCHENWARE/Recycle Bin; KITCHENWARE/Salt and Pepper Shaker; KITCHENWARE/Scale,LOCAL_STRONG_MATCH,P1,MEDIUM,SUPPORTING_PROJECT,YES,"5 subfolders, ~10 assets. Kitchen products."
PRJ-LOCAL-0097,Toys & Juvenile Portfolio,Toys & Juvenile Portfolio,TOYS_JUVENILE,LEVEL_2,3,3,3,0,120338,TOYS GAMES JUVENILE/Massaging Vibrating Teether; TOYS GAMES JUVENILE/Wild Peas,LOCAL_STRONG_MATCH,P1,LOW,SUPPORTING_PROJECT,YES,"2 subfolders, ~3 assets. Children's products."
PRJ-LOCAL-0098,Ladder Rack,Ladder Rack,MISCELLANEOUS,LEVEL_1,2,2,2,0,142821,MISCELLANEOUS/Ladder Rack,LOCAL_VERIFIED,P1,LOW,SUPPORTING_PROJECT,NO,2 assets. Ladder rack product.
PRJ-LOCAL-0100,OUTSOURCE 60,OUTSOURCE 60,MULTI_CLIENT,LEVEL_1,81,81,81,0,160267475,OLD/OUTSOURCE 60,LOCAL_VERIFIED,P1,MEDIUM,SUPPORTING_PROJECT,NO,"80 assets. Multi-client outsourced contract work. Project codes: BLD, BRH, CAT, etc. Needs per-project decomposition."
PRJ-LOCAL-0900,OLD Archive (Unclassified),OLD Archive (Unclassified),ARCHIVE,LEVEL_4,277,257,277,0,333046804,OLD,UNIDENTIFIED,P2,MEDIUM,ARCHIVE,YES,Remaining OLD assets not assigned to ADAGIO or OUTSOURCE 60. Heterogeneous dump.
PRJ-LOCAL-0901,ALL Root (Unique Only),ALL Root (Unique Only),AGGREGATE,LEVEL_4,267,267,267,0,15765128,ALL,UNIDENTIFIED,P2,MEDIUM,ARCHIVE,YES,Assets in ALL/ that have no duplicate in a category folder. Very few expected.
