duplicate_group,sha256,copy_count,canonical_asset_id,canonical_path,canonical_category,redundant_asset_ids,redundant_paths,selection_reason,redundant_bytes_recoverable
DUP-00001,9be4100b68b5a4e02346225963da4adeb313c913f6bec84354cc3da89cc9c62d,2,AST-000918,TOYS GAMES JUVENILE/Massaging Vibrating Teether/5717newpoohsmall.jpg,TOYS GAMES JUVENILE,AST-000001,ALL/5717newpoohsmall.jpg,CANONICAL_SELECT(non-ALL; category=TOYS GAMES JUVENILE),44182
DUP-00002,c3078ef5463172749adc37038be70c522872aa3dbb5dbec50dca374aa8e988c8,2,AST-000421,MILITARY/Armored Vehicle Camera/ArmoredVehicleCamera-1.jpg,MILITARY,AST-000002,ALL/ArmoredVehicleCamera-1.jpg,CANONICAL_SELECT(non-ALL; category=MILITARY; name-matches-folder),48130
DUP-00003,80e743e3de727ae0fc01cfa145487464ec5b88339c84ccf04d071a8935c71477,2,AST-000422,MILITARY/Armored Vehicle Camera/ArmoredVehicleCamera-2.jpg,MILITARY,AST-000003,ALL/ArmoredVehicleCamera-2.jpg,CANONICAL_SELECT(non-ALL; category=MILITARY; name-matches-folder),26200
DUP-00004,0de2b587c5ae8291385fff6a5ac3ffaf9836dffdf217f1db11ec0f0e738ef28f,2,AST-000423,MILITARY/Binoculars/Binoculars-1.jpg,MILITARY,AST-000004,ALL/Binoculars-1.jpg,CANONICAL_SELECT(non-ALL; category=MILITARY; name-matches-folder),19627
DUP-00005,44127fe064b15e725ed3396d342da4d33a591dc2f8baf68fafb8c09973b17028,2,AST-000424,MILITARY/Binoculars/Binoculars-2.jpg,MILITARY,AST-000005,ALL/Binoculars-2.jpg,CANONICAL_SELECT(non-ALL; category=MILITARY; name-matches-folder),41431
DUP-00006,924db7e4495b3b8269106c2a92873587af984c2af5268951a13e9b64e84509b1,2,AST-000427,MILITARY/Bomb Squad Robot/Bomb_Squad_Robot-1.jpg,MILITARY,AST-000006,ALL/Bomb_Squad_Robot-1.jpg,CANONICAL_SELECT(non-ALL; category=MILITARY),19081
DUP-00007,54267d1f90429c605f401fa6197c360232382610ad4eb2f6be90e7a539d748ce,2,AST-000428,MILITARY/Bomb Squad Robot/Bomb_Squad_Robot-2.jpg,MILITARY,AST-000007,ALL/Bomb_Squad_Robot-2.jpg,CANONICAL_SELECT(non-ALL; category=MILITARY),29628
DUP-00008,91b97451b22ab15406f23971ae820a8902519fec6b6159e904d0172cf8bcdbbc,2,AST-000322,COMMUNICATION/Business Phone/Business_phone-1.jpg,COMMUNICATION,AST-000008,ALL/Business_phone-1.jpg,CANONICAL_SELECT(non-ALL; category=COMMUNICATION),72622
DUP-00009,da5c7dfbc9484c3f9503fe414d27aa75554708e94190a7f1d105b31db472d71f,2,AST-000335,CONSUMER ELECTRONICS/Cam Corder (Portable Camera)/Camcorder-1.jpg,CONSUMER ELECTRONICS,AST-000009,ALL/Camcorder-1.jpg,CANONICAL_SELECT(non-ALL; category=CONSUMER ELECTRONICS),22887
DUP-00010,89a3318ff5fcbe76f301ec5799f68dc6abdcc423ef8e5031d517ca3fc1bef46c,2,AST-000336,CONSUMER ELECTRONICS/Cam Corder (Portable Camera)/Camcorder-2.jpg,CONSUMER ELECTRONICS,AST-000010,ALL/Camcorder-2.jpg,CANONICAL_SELECT(non-ALL; category=CONSUMER ELECTRONICS),22444
DUP-00011,45e11a481d9d017f89e3bc34067ac065c85128a5f01efdb010224892dbe49ef4,2,AST-000925,TRANSPORTATION/Catamaran/Catamaran-1.jpg,TRANSPORTATION,AST-000011,ALL/Catamaran-1.jpg,CANONICAL_SELECT(non-ALL; category=TRANSPORTATION; name-matches-folder),172442
DUP-00012,3f208e6637346bfe47882f7d9ea87810087c6cc83ed7424d9d6d54b6b0418c0d,2,AST-000926,TRANSPORTATION/Catamaran/Catamaran-2.jpg,TRANSPORTATION,AST-000012,ALL/Catamaran-2.jpg,CANONICAL_SELECT(non-ALL; category=TRANSPORTATION; name-matches-folder),32395
DUP-00013,0f8b5deb9d4f4a097f22029bbfbfbfdf95953b4c3b18f786ef188a4dad9f6a6b,2,AST-000280,ARCHITECTURE/Charlotte Office Interior/Charlotte  photos 11-20-09 084 (2).jpg,ARCHITECTURE,AST-000013,ALL/Charlotte  photos 11-20-09 084 (2).jpg,CANONICAL_SELECT(non-ALL; category=ARCHITECTURE),66502
DUP-00014,a0daff7d2a6588596785185e7e8e7c3283e2cac1978e4f69a5fd85da627b9956,2,AST-000281,ARCHITECTURE/Charlotte Office Interior/Charlotte  photos 11-20-09 087 (2).jpg,ARCHITECTURE,AST-000014,ALL/Charlotte  photos 11-20-09 087 (2).jpg,CANONICAL_SELECT(non-ALL; category=ARCHITECTURE),61145
DUP-00015,46e5cd4dc973ef9d608409b0059de87f397e54a4d5daa6323b799cb2b7586a99,2,AST-000282,ARCHITECTURE/Charlotte Office Interior/Charlotte  photos 11-20-09 092 (2).jpg,ARCHITECTURE,AST-000015,ALL/Charlotte  photos 11-20-09 092 (2).jpg,CANONICAL_SELECT(non-ALL; category=ARCHITECTURE),47226
DUP-00016,46488437230e895410982df44877420fbc9a5d5a920aae28a9ce1c8d49f55deb,2,AST-000355,GRAPHIC/Cleanser/Cleanser-1.jpg,GRAPHIC,AST-000016,ALL/Cleanser-1.jpg,CANONICAL_SELECT(non-ALL; category=GRAPHIC; name-matches-folder),64706
DUP-00017,d6648d556e9e81d21a7a4335bfc6f4e231b32b40ff82e30ccc6d199d5abe44d0,2,AST-000356,GRAPHIC/Cleanser/Cleanser-2.jpg,GRAPHIC,AST-000017,ALL/Cleanser-2.jpg,CANONICAL_SELECT(non-ALL; category=GRAPHIC; name-matches-folder),77971
DUP-00018,9e1efacaf729b5da7b62337fdc448fa74ca7ddefc16d5f5b61f6310deee3de92,3,AST-000313,COMMERCIAL/Security Scanner/Commercia_img.jpg,COMMERCIAL,AST-000018; AST-000451,ALL/Commercia_img.jpg; MILITARY/Security Scanner/Commercia_img.jpg,CANONICAL_SELECT(non-ALL; category=COMMERCIAL),26640
DUP-00019,6aa0440675b066b3cb6821bf08bcc68d997c809d09d07064ace65bb3d810d090,2,AST-000331,COMMUNICATION/iPhone Case/Communication_main_2.jpg,COMMUNICATION,AST-000019,ALL/Communication_main_2.jpg,CANONICAL_SELECT(non-ALL; category=COMMUNICATION),47272
DUP-00020,71fac3a1d246cf8a5e3cad5662d7937e221fff37368600568af4edc49af6ade7,2,AST-000332,COMMUNICATION/iPhone Case/Communication_main_img.jpg,COMMUNICATION,AST-000020,ALL/Communication_main_img.jpg,CANONICAL_SELECT(non-ALL; category=COMMUNICATION),84233
DUP-00021,9dc56a96783def73f5ddca9c84f230f1fe68b5da56b7a72fe89f3da9da82654d,2,AST-000279,ARCHITECTURE/520 Madison Avenue NY/DSC02427.JPG,ARCHITECTURE,AST-000021,ALL/DSC02427.JPG,CANONICAL_SELECT(non-ALL; category=ARCHITECTURE),144835
DUP-00022,264aa0361495bcebc83046634c3e27537f638630c31814bb65e327b593570458,2,AST-000337,CONSUMER ELECTRONICS/DVD Player/DVD Player.jpg,CONSUMER ELECTRONICS,AST-000022,ALL/DVD Player.jpg,CANONICAL_SELECT(non-ALL; category=CONSUMER ELECTRONICS; name-matches-folder),129884
DUP-00023,6e50e5eaf8e9694f2ccfbe2b71eda88ef469bb35265995e9b09691a9f629c3bc,2,AST-000338,CONSUMER ELECTRONICS/DVD Player/DVD Player_2.jpg,CONSUMER ELECTRONICS,AST-000023,ALL/DVD Player_2.jpg,CANONICAL_SELECT(non-ALL; category=CONSUMER ELECTRONICS; name-matches-folder),56699
DUP-00024,78fb978a6c4bcce42b3ccfe461cc62c2f45321a3c3b1b43d4df778f7248530ba,2,AST-000927,TRANSPORTATION/Diamond/Diamond-1.jpg,TRANSPORTATION,AST-000024,ALL/Diamond-1.jpg,CANONICAL_SELECT(non-ALL; category=TRANSPORTATION; name-matches-folder),163581
DUP-00025,0a3a52852817f41ac98efc54631602a29719439f159ae771406ba076cb28b605,2,AST-000928,TRANSPORTATION/Diamond/Diamond-2.jpg,TRANSPORTATION,AST-000025,ALL/Diamond-2.jpg,CANONICAL_SELECT(non-ALL; category=TRANSPORTATION; name-matches-folder),102959
DUP-00026,bf8f31842a0a28693ee05d86252583c1e944a91f4e1225b9a308e1d5de114a97,2,AST-000305,COMMERCIAL/Dictaphone/Dictaphone-1.jpg,COMMERCIAL,AST-000026,ALL/Dictaphone-1.jpg,CANONICAL_SELECT(non-ALL; category=COMMERCIAL; name-matches-folder),80411
DUP-00027,90aafc85b7fdd84faa4d81dcbe61e7f90073b1356894c654b5bca14a8c08b430,2,AST-000306,COMMERCIAL/Dictaphone/Dictaphone-2.jpg,COMMERCIAL,AST-000027,ALL/Dictaphone-2.jpg,CANONICAL_SELECT(non-ALL; category=COMMERCIAL; name-matches-folder),71448
DUP-00028,ea264e3e2ceebcd409de7db45f3e286878042765261d220ab2b6edb10c894677,2,AST-000902,SPORT/Dumbbells/Dumbbells-1.jpg,SPORT,AST-000028,ALL/Dumbbells-1.jpg,CANONICAL_SELECT(non-ALL; category=SPORT; name-matches-folder),23686
DUP-00029,25890463753eb88acc1629e54d45a623a8e1f78dce37f8be051094f5787eb84e,2,AST-000903,SPORT/Dumbbells/Dumbbells-2.jpg,SPORT,AST-000029,ALL/Dumbbells-2.jpg,CANONICAL_SELECT(non-ALL; category=SPORT; name-matches-folder),22825
DUP-00030,9fb502a451097bebc29639a354d62a237b6bb993f0098ff040aea5e83f297736,2,AST-000268,APPLIANCES/Air Conditioning Fan/FAN1.jpg,APPLIANCES,AST-000030,ALL/FAN1.jpg,CANONICAL_SELECT(non-ALL; category=APPLIANCES),44337
DUP-00031,7613e7b41b05fd809cb10184ab65d5d0c5328d0614c9173c000c13484659c879,2,AST-000269,APPLIANCES/Air Conditioning Fan/FAN2.jpg,APPLIANCES,AST-000031,ALL/FAN2.jpg,CANONICAL_SELECT(non-ALL; category=APPLIANCES),62180
DUP-00032,21c9041323e8d79318d4acff52a52ba3a79722735c8371efdf2ebeeaed52a538,2,AST-000270,APPLIANCES/Air Conditioning Fan/FAN3.jpg,APPLIANCES,AST-000032,ALL/FAN3.jpg,CANONICAL_SELECT(non-ALL; category=APPLIANCES),28672
DUP-00033,6ba2420ad4b8a92c65e4f5c0f930d515e13e0ed38b31575fb712344b746d3cb3,2,AST-000984,WEB DESIGN/GKV Law Firm/GKV Law Firm 2.jpg,WEB DESIGN,AST-000033,ALL/GKV Law Firm 2.jpg,CANONICAL_SELECT(non-ALL; category=WEB DESIGN; name-matches-folder),124931
DUP-00034,2a97ab9e5f76c83b7d59fb8638a114ce3bb28f3e1acb2b088d5a5bfa2f5f1a28,2,AST-000985,WEB DESIGN/GKV Law Firm/GKVLawFirm.jpg,WEB DESIGN,AST-000034,ALL/GKVLawFirm.jpg,CANONICAL_SELECT(non-ALL; category=WEB DESIGN; name-matches-folder),97858
DUP-00035,ac2f101003535d5764863b017a1b34222b9fedd1ce1208bc6514b6ca479143e1,2,AST-000324,COMMUNICATION/GPS Navigator/GPS_Navigator-1.jpg,COMMUNICATION,AST-000035,ALL/GPS_Navigator-1.jpg,CANONICAL_SELECT(non-ALL; category=COMMUNICATION),103306
DUP-00036,7bd86e1f21f3d75483a93487391cfa073a14aec12ad445bc84cfdb04662fe83a,2,AST-000325,COMMUNICATION/GPS Navigator/GPS_Navigator-2.jpg,COMMUNICATION,AST-000036,ALL/GPS_Navigator-2.jpg,CANONICAL_SELECT(non-ALL; category=COMMUNICATION),94768
DUP-00037,a16aac5fd68ae4dcbe345fd5a4d7e6576d9bd8de85ab01fdb903444fbd888fd4,2,AST-000437,MILITARY/Gyrocam/Gyrocam-1.jpg,MILITARY,AST-000037,ALL/Gyrocam-1.jpg,CANONICAL_SELECT(non-ALL; category=MILITARY; name-matches-folder),41073
DUP-00038,89fd1e5daff9a52b99e16c7805fb9b75a6c770e98663b8533efdba739e61c585,2,AST-000438,MILITARY/Gyrocam/Gyrocam-2.jpg,MILITARY,AST-000038,ALL/Gyrocam-2.jpg,CANONICAL_SELECT(non-ALL; category=MILITARY; name-matches-folder),14414
DUP-00039,4f80f1bf310aa7d1815a8e89d950b99614ede40ae81529af7ab361ff48668062,2,AST-000339,CONSUMER ELECTRONICS/Handheld Massager/Handheld_Massager-1.jpg,CONSUMER ELECTRONICS,AST-000039,ALL/Handheld_Massager-1.jpg,CANONICAL_SELECT(non-ALL; category=CONSUMER ELECTRONICS),23330
DUP-00040,c176b831f0e137e6a17ee3ab027960006657d182bb66a027cf2b94837cc7c744,2,AST-000340,CONSUMER ELECTRONICS/Handheld Massager/Handheld_Massager-2.jpg,CONSUMER ELECTRONICS,AST-000040,ALL/Handheld_Massager-2.jpg,CANONICAL_SELECT(non-ALL; category=CONSUMER ELECTRONICS),11547
DUP-00041,67710c0ba4f9c50c247449f222b040f8c797b37bafcc5a48159b80efcffffc30,2,AST-000286,ARCHITECTURE/Hayderabad Phase II Project/Haydar1.jpg,ARCHITECTURE,AST-000041,ALL/Haydar1.jpg,CANONICAL_SELECT(non-ALL; category=ARCHITECTURE),55118
DUP-00042,ebd802c7942ce7a2e935881cfe947ccbe84b41d2e2aa73a92d40b8e64564ebf1,2,AST-000287,ARCHITECTURE/Hayderabad Phase II Project/Haydar2.jpg,ARCHITECTURE,AST-000042,ALL/Haydar2.jpg,CANONICAL_SELECT(non-ALL; category=ARCHITECTURE),54796
DUP-00043,3d5f082c4151f809096390edf3162556ba3a612ca28aada812cbeae41d295267,2,AST-000288,ARCHITECTURE/Hayderabad Phase II Project/Haydar3.jpg,ARCHITECTURE,AST-000043,ALL/Haydar3.jpg,CANONICAL_SELECT(non-ALL; category=ARCHITECTURE),64481
DUP-00044,f555b0bc179a8f15b105475b7c18c3865a16110979af976479a08716bdf696a8,2,AST-000359,GRAPHIC/Heavenly/Heavenly_Cigar-1.jpg,GRAPHIC,AST-000044,ALL/Heavenly_Cigar-1.jpg,CANONICAL_SELECT(non-ALL; category=GRAPHIC; name-matches-folder),53043
DUP-00045,b3f937367401128792fa1846c81fa677a8ac38a91e538c4053b01670502af45e,2,AST-000929,TRANSPORTATION/Hydra/Hydra-1.jpg,TRANSPORTATION,AST-000045,ALL/Hydra-1.jpg,CANONICAL_SELECT(non-ALL; category=TRANSPORTATION; name-matches-folder),22158
DUP-00046,da8d325339cd240db4723f5edcdaa25acc6b97d685dbc02aa8625b99578ed44a,2,AST-000930,TRANSPORTATION/Hydra/Hydra-2.jpg,TRANSPORTATION,AST-000046,ALL/Hydra-2.jpg,CANONICAL_SELECT(non-ALL; category=TRANSPORTATION; name-matches-folder),106833
DUP-00047,d3edf1611d0dc9548d7f8f8e1437eb20d2a208987ce892d45d43a855e556d90d,2,AST-000466,MISCELLANEOUS/iPad Cover/IPM-009_LR.jpg,MISCELLANEOUS,AST-000047,ALL/IPM-009_LR.jpg,CANONICAL_SELECT(non-ALL; category=MISCELLANEOUS),36976
DUP-00048,601c8849638275f4495d46c843d66aab93df3ebf1ff7c369ba5aee2fdc99636e,2,AST-000467,MISCELLANEOUS/iPad Cover/IPM-010_LR.jpg,MISCELLANEOUS,AST-000048,ALL/IPM-010_LR.jpg,CANONICAL_SELECT(non-ALL; category=MISCELLANEOUS),65860
DUP-00049,31c0d8fce4b097c5a4cec5e73090690b5a81b5df780eb1fcf231cf077be3d6a8,3,AST-000377,HOME GOODS/Ionizer/Ionizer-1.jpg,HOME GOODS,AST-000049; AST-000375,ALL/Ionizer-1.jpg; HOME GOODS/Fan Tower/Ionizer-1.jpg,CANONICAL_SELECT(non-ALL; category=HOME GOODS; name-matches-folder),50576
DUP-00050,bcf27c5ba16f4d4da22f7191c86f086f74f553153aa892df77e9ad62d4878726,3,AST-000378,HOME GOODS/Ionizer/Ionizer-2.jpg,HOME GOODS,AST-000050; AST-000376,ALL/Ionizer-2.jpg; HOME GOODS/Fan Tower/Ionizer-2.jpg,CANONICAL_SELECT(non-ALL; category=HOME GOODS; name-matches-folder),53050
DUP-00051,ce512766205c9a64c45eba5a5c8a8bbe8be87bacee11e968b39aa59887e1851b,2,AST-000931,TRANSPORTATION/Luxury Yacht/Luxury_Yacht-1.jpg,TRANSPORTATION,AST-000051,ALL/Luxury_Yacht-1.jpg,CANONICAL_SELECT(non-ALL; category=TRANSPORTATION),39734
DUP-00052,426584c3d46099516331b1a90310beca82d98c70a3cba30744ab09d00cbb31f1,2,AST-000932,TRANSPORTATION/Luxury Yacht/Luxury_Yacht-2.jpg,TRANSPORTATION,AST-000052,ALL/Luxury_Yacht-2.jpg,CANONICAL_SELECT(non-ALL; category=TRANSPORTATION),124686
DUP-00053,cd7b9fcbc0f6f6645fa2d31ae81264556d6c7399b3e0af45bca81a96899650b0,2,AST-000986,WEB DESIGN/MBA Air/MBA Air 2.jpg,WEB DESIGN,AST-000053,ALL/MBA Air 2.jpg,CANONICAL_SELECT(non-ALL; category=WEB DESIGN; name-matches-folder),157165
DUP-00054,8007d782df17ff84d8eef426bc8585151604687d34707127fcb32e2d3a8bba3b,2,AST-000987,WEB DESIGN/MBA Air/MBA_Air.jpg,WEB DESIGN,AST-000054,ALL/MBA_Air.jpg,CANONICAL_SELECT(non-ALL; category=WEB DESIGN),97413
DUP-00055,88ec9fa0d5fff0924d5187abafc6e66521eb4ddae1943eb4a16a87b21625702f,2,AST-000362,GRAPHIC/MCL Cafeteria/MCL_Cafeteria-1.jpg,GRAPHIC,AST-000055,ALL/MCL_Cafeteria-1.jpg,CANONICAL_SELECT(non-ALL; category=GRAPHIC),96704
DUP-00056,30bc9ad0658cb4fc7d276368bbd6d47c252c0270a06df91b34264a9935bd1273,2,AST-000363,GRAPHIC/MCL Cafeteria/MCL_Cafeteria-2.jpg,GRAPHIC,AST-000056,ALL/MCL_Cafeteria-2.jpg,CANONICAL_SELECT(non-ALL; category=GRAPHIC),48829
DUP-00057,8ff701c5affde1f8b6ede6344ab1f72b00f5e0bfe58c8227ec50bb9eec78f723,2,AST-000386,INDUSTRIAL/Mail Extraction Machine/Mail_Extraction_Machine.jpg,INDUSTRIAL,AST-000057,ALL/Mail_Extraction_Machine.jpg,CANONICAL_SELECT(non-ALL; category=INDUSTRIAL),17025
DUP-00058,4bdf71b561e81f5f5a6ddea628409eb2efadc9af40459ae481025b617154bd5a,2,AST-000387,INDUSTRIAL/Mail Extraction Machine/Mail_Extraction_Machine_2.jpg,INDUSTRIAL,AST-000058,ALL/Mail_Extraction_Machine_2.jpg,CANONICAL_SELECT(non-ALL; category=INDUSTRIAL),14956
DUP-00059,adefd4ff61e711ece0bef82920a9da06771d7ca6aa4bb1fc3cf0838b8e86b809,2,AST-000439,MILITARY/Manpack/Manpack-1.jpg,MILITARY,AST-000059,ALL/Manpack-1.jpg,CANONICAL_SELECT(non-ALL; category=MILITARY; name-matches-folder),38893
DUP-00060,225d62ae354d44b2894b476481cfa242047816c2dd1e2ea1f632093f336df058,2,AST-000440,MILITARY/Manpack/Manpack-2.jpg,MILITARY,AST-000060,ALL/Manpack-2.jpg,CANONICAL_SELECT(non-ALL; category=MILITARY; name-matches-folder),34438
DUP-00061,83c4326daf405654568a06cf72d110e7856ec0d0b61063b7ec15b1114a5bf954,2,AST-000364,GRAPHIC/Mastique/Mastique-1.jpg,GRAPHIC,AST-000061,ALL/Mastique-1.jpg,CANONICAL_SELECT(non-ALL; category=GRAPHIC; name-matches-folder),83925
DUP-00062,1fff54423f767b146260c5ffe081f6e54449d96890fc7fae6207cac5291121c4,2,AST-000933,TRANSPORTATION/Mega Yacht/Mega Yacht-1.jpg,TRANSPORTATION,AST-000062,ALL/Mega Yacht-1.jpg,CANONICAL_SELECT(non-ALL; category=TRANSPORTATION; name-matches-folder),92928
DUP-00063,827cce193da44f4a8e400e3996cd4b27cf9eaa051ac44ea5ac6ef29c15282455,2,AST-000934,TRANSPORTATION/Mega Yacht/Mega Yacht-2.jpg,TRANSPORTATION,AST-000063,ALL/Mega Yacht-2.jpg,CANONICAL_SELECT(non-ALL; category=TRANSPORTATION; name-matches-folder),39392
DUP-00064,3422025b700df2a96f3bae554612b6f7b5410d2e5c35919044d9d67f9ee8ef6e,2,AST-000839,OUTDOORS/Mosquito Deleto/Mosquito_Deleto.jpg,OUTDOORS,AST-000064,ALL/Mosquito_Deleto.jpg,CANONICAL_SELECT(non-ALL; category=OUTDOORS),25354
DUP-00065,3d19c7a8ca28e54f688c1588219a8afdc139493e8485cc2a9b028f4b5a4708ee,2,AST-000840,OUTDOORS/Mosquito Deleto/Mosquito_Deleto_2.jpg,OUTDOORS,AST-000065,ALL/Mosquito_Deleto_2.jpg,CANONICAL_SELECT(non-ALL; category=OUTDOORS),42880
DUP-00066,f1d02882be19bbe3f689bb63892fc4291b6bb08bf96db064e3c00d2b994fbf8e,2,AST-000367,GRAPHIC/Naples Lumber/Naples_Lumber-1.jpg,GRAPHIC,AST-000066,ALL/Naples_Lumber-1.jpg,CANONICAL_SELECT(non-ALL; category=GRAPHIC),90742
DUP-00067,dfb2baa0fbc8c815b1e34c89e996fad5c3b0cde1f32e83f4b78e500dfec0de7d,2,AST-000368,GRAPHIC/Naples Lumber/Naples_Lumber-2.jpg,GRAPHIC,AST-000067,ALL/Naples_Lumber-2.jpg,CANONICAL_SELECT(non-ALL; category=GRAPHIC),103657
DUP-00068,cf190e35c3d200e01ba0e2d51a058da4b5d32f80571531b0c90af65bddb9e25d,2,AST-000833,OUTDOORS/All-in-One Grill/Outdoor Products_main_img.jpg,OUTDOORS,AST-000068,ALL/Outdoor Products_main_img.jpg,CANONICAL_SELECT(non-ALL; category=OUTDOORS),116019
DUP-00069,ec9c81726aafdeb7c7c4ca777c162af1dcff46bd754c4b378d447da1bd64376c,2,AST-000858,PROTOTYPING/Sheet Metal + RTV Tooling/PAP1.jpg,PROTOTYPING,AST-000069,ALL/PAP1.jpg,CANONICAL_SELECT(non-ALL; category=PROTOTYPING),29940
DUP-00070,40aa88da47b269781cfcdf32405940d57d12093769a8370c507a6672097e3adf,2,AST-000326,COMMUNICATION/PDA/PDA-1.jpg,COMMUNICATION,AST-000070,ALL/PDA-1.jpg,CANONICAL_SELECT(non-ALL; category=COMMUNICATION; name-matches-folder),114479
DUP-00071,8bedc9bb6e261bb64bae1e7cfbc1020f3d6f51b7be8a0a917697bcde12b3b9ad,2,AST-000327,COMMUNICATION/PDA/PDA-2.jpg,COMMUNICATION,AST-000071,ALL/PDA-2.jpg,CANONICAL_SELECT(non-ALL; category=COMMUNICATION; name-matches-folder),73904
DUP-00072,95411b998694be665716964716c49c120cab2d2c005ce9da729314177ff70adf,2,AST-000323,COMMUNICATION/Business Phone/PHONE-1.jpg,COMMUNICATION,AST-000072,ALL/PHONE-1.jpg,CANONICAL_SELECT(non-ALL; category=COMMUNICATION),105405
DUP-00073,80b0d2194ef5152d4b5c9af4dac16b3a361c97392b7144f48ef3b20a9b667063,2,AST-000443,MILITARY/POD for UAV/POD_1.jpg,MILITARY,AST-000073,ALL/POD_1.jpg,CANONICAL_SELECT(non-ALL; category=MILITARY),52291
DUP-00074,1a9b09d0016e5bf3e3c27a7ebd56a7187b8e9ef50c7aee284de968987c87b81c,2,AST-000444,MILITARY/POD for UAV/POD_2.jpg,MILITARY,AST-000074,ALL/POD_2.jpg,CANONICAL_SELECT(non-ALL; category=MILITARY),136510
DUP-00075,3215cef375671df0ecd3c0fb0a0b5ceff72ba777cf91929472aa16747c860d06,2,AST-000412,MEDICAL/Portable Scanner/Portable_Scanner-1.jpg,MEDICAL,AST-000075,ALL/Portable_Scanner-1.jpg,CANONICAL_SELECT(non-ALL; category=MEDICAL),36521
DUP-00076,4ca278617b722daa4d374e8c8306c5bbde8c0c944c2a10f35299c7b31db7a582,2,AST-000413,MEDICAL/Portable Scanner/Portable_Scanner-2.jpg,MEDICAL,AST-000076,ALL/Portable_Scanner-2.jpg,CANONICAL_SELECT(non-ALL; category=MEDICAL),62924
DUP-00077,3928b6f52e8dca063252e0ce0c4c33492d3b8667ef95b0d00c9ef71491885e8b,2,AST-000445,MILITARY/Rackmount Enclosure/Rackmount_Enclosure-1.jpg,MILITARY,AST-000077,ALL/Rackmount_Enclosure-1.jpg,CANONICAL_SELECT(non-ALL; category=MILITARY),28651
DUP-00078,50d93e9d8f3acd86f466b69f173afa342d5c5023acd9524bfc8761118c2a6ffe,2,AST-000446,MILITARY/Rackmount Enclosure/Rackmount_Enclosure-2.jpg,MILITARY,AST-000078,ALL/Rackmount_Enclosure-2.jpg,CANONICAL_SELECT(non-ALL; category=MILITARY),72620
DUP-00079,bdb51be6031793c646cf6ecbb1f1f67291b67e7260b29e2bf9f6147ca647841c,2,AST-000273,APPLIANCES/Refrigerator 1/Refrigerator_1.jpg,APPLIANCES,AST-000079,ALL/Refrigerator_1.jpg,CANONICAL_SELECT(non-ALL; category=APPLIANCES),48992
DUP-00080,eaa16c9a5f37b2b62735ac26c30b02c0ecd1471b212661aa70d96dc98ff4683e,2,AST-000274,APPLIANCES/Refrigerator 1/Refrigerator_1_b.jpg,APPLIANCES,AST-000080,ALL/Refrigerator_1_b.jpg,CANONICAL_SELECT(non-ALL; category=APPLIANCES),42602
DUP-00081,b61c379d701a8509f9f75fbab58727fbc7cb8df24c0901ec44b79810f67f8bbe,2,AST-000275,APPLIANCES/Refrigerator 2/Refrigerator_2-1.jpg,APPLIANCES,AST-000081,ALL/Refrigerator_2-1.jpg,CANONICAL_SELECT(non-ALL; category=APPLIANCES),41727
DUP-00082,77b6d4370238414236f5541e1cd6fb2644bc30fa8c224eb4fa4d2758e74ea93a,2,AST-000276,APPLIANCES/Refrigerator 2/Refrigerator_2-1_2.jpg,APPLIANCES,AST-000082,ALL/Refrigerator_2-1_2.jpg,CANONICAL_SELECT(non-ALL; category=APPLIANCES),41371
DUP-00083,ef6904cdb09a64cfaacc587153f62034c3a1967dac6e3a12324eba9f4a97d0d8,2,AST-000447,MILITARY/Rifle Scope/Rifle_Scope-1.jpg,MILITARY,AST-000083,ALL/Rifle_Scope-1.jpg,CANONICAL_SELECT(non-ALL; category=MILITARY),65611
DUP-00084,c6d32cf99adf8817fafc3a18fcfdfca095586f2e7ed19631dbfa20764424a5b1,2,AST-000448,MILITARY/Rifle Scope/Rifle_Scope-2.jpg,MILITARY,AST-000084,ALL/Rifle_Scope-2.jpg,CANONICAL_SELECT(non-ALL; category=MILITARY),65222
DUP-00085,f2d67dd5c0534ab7524510e0e7a2209bd031e0a3dffb0a3f4d0fde7a6c204bea,2,AST-000912,SPORT/Roller Blades/Roller_Blade-1.jpg,SPORT,AST-000085,ALL/Roller_Blade-1.jpg,CANONICAL_SELECT(non-ALL; category=SPORT),67697
DUP-00086,8fd404eb376f72105fdfbb7671de7a6d6b25803e0de23ed679d8c75ed24fe3bf,2,AST-000913,SPORT/Roller Blades/Roller_Blade-2.jpg,SPORT,AST-000086,ALL/Roller_Blade-2.jpg,CANONICAL_SELECT(non-ALL; category=SPORT),48412
DUP-00087,d5fe7532d8594eb2b527bf401293d20b1f70940f17c36ab39e7a651ed302b03c,2,AST-000449,MILITARY/Rugged Computer/Rugged_Computer-1.jpg,MILITARY,AST-000087,ALL/Rugged_Computer-1.jpg,CANONICAL_SELECT(non-ALL; category=MILITARY),23517
DUP-00088,a150287d7924a566ac67ab77407a8a38f562555ed96bfee30d3d7d16bbea305d,2,AST-000450,MILITARY/Rugged Computer/Rugged_Computer-2.jpg,MILITARY,AST-000088,ALL/Rugged_Computer-2.jpg,CANONICAL_SELECT(non-ALL; category=MILITARY),15641
DUP-00089,39d9571adf568e2dfb456883ea1809bda77af652cd36fcd2088319ab8d6b5180,2,AST-000396,KITCHENWARE/Salt and Pepper Shaker/SALT-017.jpg,KITCHENWARE,AST-000089,ALL/SALT-017.jpg,CANONICAL_SELECT(non-ALL; category=KITCHENWARE),15329
DUP-00090,ad50a17b58d6f0c64941abefa5d90ffe16acdd2a642fe4f287cc19a4716d3208,2,AST-000414,MEDICAL/Spine Board/STRE-050.jpg,MEDICAL,AST-000090,ALL/STRE-050.jpg,CANONICAL_SELECT(non-ALL; category=MEDICAL),78425
DUP-00091,2b7f55cb0aff6acb6f0404dccb53ff9d71a766baa2b43c10b240ad191018e271,2,AST-000284,ARCHITECTURE/Convent of the Sacred Heart/SacredHeart.jpg,ARCHITECTURE,AST-000091,ALL/SacredHeart.jpg,CANONICAL_SELECT(non-ALL; category=ARCHITECTURE),83825
DUP-00092,05b3ed6bc00697f25d68583fe3e967b26391cdd0745dce606ccbda6656fe50b9,2,AST-000285,ARCHITECTURE/Convent of the Sacred Heart/SacredHeart3.jpg,ARCHITECTURE,AST-000092,ALL/SacredHeart3.jpg,CANONICAL_SELECT(non-ALL; category=ARCHITECTURE),53529
DUP-00093,3ea1360eed8925c20b791411b09e1b0a321a3ac0bae2270478b0b9f45c7aa3e0,2,AST-000369,GRAPHIC/Sioux City Sarsaparilla/Sarsaparilla-1.jpg,GRAPHIC,AST-000093,ALL/Sarsaparilla-1.jpg,CANONICAL_SELECT(non-ALL; category=GRAPHIC),80866
DUP-00094,0abd93444e2cd1b409f1ce255ecd58dc22fe2d46306777f2eda492a046803259,2,AST-000370,GRAPHIC/Sioux City Sarsaparilla/Sarsaparilla-2.jpg,GRAPHIC,AST-000094,ALL/Sarsaparilla-2.jpg,CANONICAL_SELECT(non-ALL; category=GRAPHIC),125805
DUP-00095,bc57a53aac9f286ae82365a82ce3447cdbfe219806e548d7d16a1107bf2d7cee,3,AST-000314,COMMERCIAL/Security Scanner/Security_Scanner-2.jpg,COMMERCIAL,AST-000095; AST-000452,ALL/Security_Scanner-2.jpg; MILITARY/Security Scanner/Security_Scanner-2.jpg,CANONICAL_SELECT(non-ALL; category=COMMERCIAL),17592
DUP-00096,bbe4751e327aead60b37a884aee2d786a9427c70bd85be46977f012b391fa5c7,2,AST-000315,COMMERCIAL/Soup Server/Soup_Server-1.jpg,COMMERCIAL,AST-000096,ALL/Soup_Server-1.jpg,CANONICAL_SELECT(non-ALL; category=COMMERCIAL),103887
DUP-00097,78b967f8e43f6d0938be68edccc6accaaf183cc7631e40d0966eeafcc9998543,2,AST-000316,COMMERCIAL/Soup Server/Soup_Server-2.jpg,COMMERCIAL,AST-000097,ALL/Soup_Server-2.jpg,CANONICAL_SELECT(non-ALL; category=COMMERCIAL),112486
DUP-00098,ae4e73d5a8cfdeddab83a39537f76eb0f48bb43818a406dd02895f208228faa6,2,AST-000379,HOME GOODS/Speaker Tower/Speaker_Tower-1.jpg,HOME GOODS,AST-000098,ALL/Speaker_Tower-1.jpg,CANONICAL_SELECT(non-ALL; category=HOME GOODS),66116
DUP-00099,55b5f59eda0d8cb1dc2f9b20a041408be7b72d1f7d6eb12f2d2b0a54eb49726e,2,AST-000317,COMMERCIAL/Staircase/Staircase-1.jpg,COMMERCIAL,AST-000099,ALL/Staircase-1.jpg,CANONICAL_SELECT(non-ALL; category=COMMERCIAL; name-matches-folder),168155
DUP-00100,e34c920a0c6637f29c14c36e25078deaff12a9f7d52cd377c827bcc02661a74d,2,AST-000318,COMMERCIAL/Staircase/Staircase-2.jpg,COMMERCIAL,AST-000100,ALL/Staircase-2.jpg,CANONICAL_SELECT(non-ALL; category=COMMERCIAL; name-matches-folder),127726
DUP-00101,299eba391ffb26c097c95f103c6ff0027a05a69074c7f9c1464b54e6fee8d9d9,2,AST-000988,WEB DESIGN/Suna Salon/Suna Salon 2.jpg,WEB DESIGN,AST-000101,ALL/Suna Salon 2.jpg,CANONICAL_SELECT(non-ALL; category=WEB DESIGN; name-matches-folder),119304
DUP-00102,7109e0261431f6c63bff6b0ea85c463ae910b6a647ef1dcecbb6a4c9548c30b2,2,AST-000989,WEB DESIGN/Suna Salon/SunaSalon.jpg,WEB DESIGN,AST-000102,ALL/SunaSalon.jpg,CANONICAL_SELECT(non-ALL; category=WEB DESIGN; name-matches-folder),106322
DUP-00103,374405071acaea624cc1f768d2aaafb0baa85ab01b9dd417c4dfd60d91f55ca7,2,AST-000935,TRANSPORTATION/Super Yacht/Super_Yacht-1.jpg,TRANSPORTATION,AST-000103,ALL/Super_Yacht-1.jpg,CANONICAL_SELECT(non-ALL; category=TRANSPORTATION),245917
DUP-00104,982105b758277e5ed4d39a8095c28107a7a61ae863a5e433032dac8ecea0e6b8,2,AST-000936,TRANSPORTATION/Super Yacht/Super_Yacht-2.jpg,TRANSPORTATION,AST-000104,ALL/Super_Yacht-2.jpg,CANONICAL_SELECT(non-ALL; category=TRANSPORTATION),170441
DUP-00105,8b5619e60cb0b8859984a46d83a1d1640d578dd2028b3c9378b4c7069969aba1,2,AST-000293,ARCHITECTURE/Tamarack Country Club/TamarackCC1.jpg,ARCHITECTURE,AST-000105,ALL/TamarackCC1.jpg,CANONICAL_SELECT(non-ALL; category=ARCHITECTURE),43284
DUP-00106,d09492d80f2c22b9a71bb834ab00ae1b2bd96febaa35766b2b90204804fa5e4e,2,AST-000295,ARCHITECTURE/Tamarack Country Club/TamarackCC3.jpg,ARCHITECTURE,AST-000106,ALL/TamarackCC3.jpg,CANONICAL_SELECT(non-ALL; category=ARCHITECTURE),50312
DUP-00107,655ce75593d7647ffb0f22f19d9e61f45f31ccac0c6ba729acb3a235643f0429,2,AST-000296,ARCHITECTURE/Tamarack Country Club/TamarackCC4.jpg,ARCHITECTURE,AST-000107,ALL/TamarackCC4.jpg,CANONICAL_SELECT(non-ALL; category=ARCHITECTURE),68959
DUP-00108,e51288860ddd5e6ffed94996a9638b13c43590ff322b4dba311bbe997db7f3c2,2,AST-000297,ARCHITECTURE/Tamarack Country Club/TamarackCC5.jpg,ARCHITECTURE,AST-000108,ALL/TamarackCC5.jpg,CANONICAL_SELECT(non-ALL; category=ARCHITECTURE),56742
DUP-00109,70c6aa9a3ea8e44404491f8441fb39f2f8c8da27b70a3b19b7e961633ed93611,2,AST-000298,ARCHITECTURE/Tamarack Country Club/TamarackCountry.jpg,ARCHITECTURE,AST-000109,ALL/TamarackCountry.jpg,CANONICAL_SELECT(non-ALL; category=ARCHITECTURE),40277
DUP-00110,81acc65cc3d267238dd139a538f807bc663bf489694006eba5978f2e9e4b6309,2,AST-000301,ARCHITECTURE/Tamarack Pool House/TamarackPool.jpg,ARCHITECTURE,AST-000110,ALL/TamarackPool.jpg,CANONICAL_SELECT(non-ALL; category=ARCHITECTURE),76054
DUP-00111,05bc2aa3f01c7fbc2691aaebab1875a46691613941c4ec7cff57a35fc616dfe6,2,AST-000302,ARCHITECTURE/Tamarack Pool House/TamarackPool1.jpg,ARCHITECTURE,AST-000111,ALL/TamarackPool1.jpg,CANONICAL_SELECT(non-ALL; category=ARCHITECTURE),70655
DUP-00112,abc9e62ec9ad148d77f075d4d6c19a542c46aefa59c9b7d935409e93766130d8,2,AST-000419,MEDICAL/Thermometer/Thermometer-1.jpg,MEDICAL,AST-000112,ALL/Thermometer-1.jpg,CANONICAL_SELECT(non-ALL; category=MEDICAL; name-matches-folder),19908
DUP-00113,95391042f89530f5a6c838a9d85f882e22216f088a1599d2c338a7595ef44c51,2,AST-000420,MEDICAL/Thermometer/Thermometer-2.jpg,MEDICAL,AST-000113,ALL/Thermometer-2.jpg,CANONICAL_SELECT(non-ALL; category=MEDICAL; name-matches-folder),11229
DUP-00114,d0c75c2c8bedca4a2108847459a1d7c83c2fc0c9de3d412b1ac80f6ee399a26f,2,AST-000921,TRANSPORTATION/Aircraft Interior/Transportation_img.jpg,TRANSPORTATION,AST-000114,ALL/Transportation_img.jpg,CANONICAL_SELECT(non-ALL; category=TRANSPORTATION),171731
DUP-00115,b229252c10ea0a2312f0c850d3b71d6d3d037d8a70463d92ced19293800f75e7,2,AST-000990,WEB DESIGN/Tutor My Kid/Tutor My Kid 2.jpg,WEB DESIGN,AST-000115,ALL/Tutor My Kid 2.jpg,CANONICAL_SELECT(non-ALL; category=WEB DESIGN; name-matches-folder),126701
DUP-00116,34a65c67da292cce2df2f0a031c470336f93fc1fe4b3983708a999bd9bf75734,2,AST-000277,APPLIANCES/Vacuum Cleaner/Vacuum_Cleaner-1.jpg,APPLIANCES,AST-000116,ALL/Vacuum_Cleaner-1.jpg,CANONICAL_SELECT(non-ALL; category=APPLIANCES),95426
DUP-00117,9dda49aba6af66e2d962a527015c5b148ef4bda5da98ee336745434752a6a7e9,2,AST-000278,APPLIANCES/Vacuum Cleaner/Vacuum_Cleaner-2.jpg,APPLIANCES,AST-000117,ALL/Vacuum_Cleaner-2.jpg,CANONICAL_SELECT(non-ALL; category=APPLIANCES),12755
DUP-00118,f347e201ca4fec46130bf93610de0a2f5f78e35e5ce65e194cb796618ac0a6b9,2,AST-000329,COMMUNICATION/Walkie Talkie/Walkie_Talkie-1.jpg,COMMUNICATION,AST-000118,ALL/Walkie_Talkie-1.jpg,CANONICAL_SELECT(non-ALL; category=COMMUNICATION),39743
DUP-00119,6b242ca94ee3dd06a7958e1bc68f32c42280ace37bcc12f218c8a3d3672c4868,2,AST-000330,COMMUNICATION/Walkie Talkie/Walkie_Talkie-2.jpg,COMMUNICATION,AST-000119,ALL/Walkie_Talkie-2.jpg,CANONICAL_SELECT(non-ALL; category=COMMUNICATION),39395
DUP-00120,b9c73e0e1ac3d95fa732b727040807f37b3740bb464a22e3686a4450260bb03a,2,AST-000353,CONSUMER ELECTRONICS/Wireless Tower/Wireless_Tower_1.jpg,CONSUMER ELECTRONICS,AST-000120,ALL/Wireless_Tower_1.jpg,CANONICAL_SELECT(non-ALL; category=CONSUMER ELECTRONICS),27025
DUP-00121,f367b6d1857bb4eeaa4d3f9439b43880e8a581336d16d91a417a971e98a58b76,2,AST-000354,CONSUMER ELECTRONICS/Wireless Tower/Wireless_Tower_2.jpg,CONSUMER ELECTRONICS,AST-000121,ALL/Wireless_Tower_2.jpg,CANONICAL_SELECT(non-ALL; category=CONSUMER ELECTRONICS),22441
DUP-00122,36477ec9a36e6c88741d4a57dbea283d4d34ceb1253078aa231eec3b564f1657,2,AST-000937,TRANSPORTATION/Yacht Interior/Yacht_Interior-1.jpg,TRANSPORTATION,AST-000122,ALL/Yacht_Interior-1.jpg,CANONICAL_SELECT(non-ALL; category=TRANSPORTATION),149480
DUP-00123,cbe91eef43ae16a847ddbaa7e7477d3fe9a0427528cafd930d0f0fb0052fd86b,2,AST-000938,TRANSPORTATION/Yacht Interior/Yacht_Interior-2.jpg,TRANSPORTATION,AST-000123,ALL/Yacht_Interior-2.jpg,CANONICAL_SELECT(non-ALL; category=TRANSPORTATION),89705
DUP-00124,f0d52bb66ca5f22056f677716f932fb67d34b9f30a2092b5806a9c92ebe42309,2,AST-000992,WEB DESIGN/Your Lucky Eye/Your Lucky Eye 2.jpg,WEB DESIGN,AST-000124,ALL/Your Lucky Eye 2.jpg,CANONICAL_SELECT(non-ALL; category=WEB DESIGN; name-matches-folder),124228
DUP-00125,46b6951ee9cd4d6f19f3ffc01f4bcc4af3b5e492a94dbb9a4c8d74464a16e7e1,2,AST-000371,HOME GOODS/Adagio/adagio1.jpg,HOME GOODS,AST-000125,ALL/adagio1.jpg,CANONICAL_SELECT(non-ALL; category=HOME GOODS; name-matches-folder),61668
DUP-00126,a8238dc481d48a6933ab109aea74fa50e16596eefa2672075fc02408ebe26e7e,2,AST-000372,HOME GOODS/Adagio/adagio2.jpg,HOME GOODS,AST-000126,ALL/adagio2.jpg,CANONICAL_SELECT(non-ALL; category=HOME GOODS; name-matches-folder),18627
DUP-00127,ae9eb0f26443a7eff863e00e137be8f76d5737c6472deec23798a590bc9801f5,2,AST-000400,MEDICAL/Aesthetic Treatment Machine/aesthetic_1.jpg,MEDICAL,AST-000127,ALL/aesthetic_1.jpg,CANONICAL_SELECT(non-ALL; category=MEDICAL),77918
DUP-00128,8bb40885cc442ec0df35c6c3b8f2a7300628db31e878e24658430276dd3f9713,2,AST-000401,MEDICAL/Aesthetic Treatment Machine/aesthetic_2.jpg,MEDICAL,AST-000128,ALL/aesthetic_2.jpg,CANONICAL_SELECT(non-ALL; category=MEDICAL),81256
DUP-00129,8604d3c889180306b4a6e28222b3cb75aaf89c7aa059e3a204bfeaea5cbd5896,2,AST-000457,MILITARY/Tac-Eye Binocular/binocular_01.jpg,MILITARY,AST-000129,ALL/binocular_01.jpg,CANONICAL_SELECT(non-ALL; category=MILITARY),25114
DUP-00130,e4338610b4a1ee0d8f668329eef7a4e6a70d5a3dbe990c2f78394ce5b540319c,2,AST-000458,MILITARY/Tac-Eye Binocular/binocular_02.jpg,MILITARY,AST-000130,ALL/binocular_02.jpg,CANONICAL_SELECT(non-ALL; category=MILITARY),14124
DUP-00131,8cb994303614c54a196d7bd4d67a6fe5d0a28524cd5104780df3447ea79ed8a6,2,AST-000425,MILITARY/Bomb Squad Remote/bomb_squad_remote-1.jpg,MILITARY,AST-000131,ALL/bomb_squad_remote-1.jpg,CANONICAL_SELECT(non-ALL; category=MILITARY),15153
DUP-00132,25423311b6141ab0cb088265364b3dd16bf8f7f5c78b89eb966b7f03db85e30f,2,AST-000426,MILITARY/Bomb Squad Remote/bomb_squad_remote-2.jpg,MILITARY,AST-000132,ALL/bomb_squad_remote-2.jpg,CANONICAL_SELECT(non-ALL; category=MILITARY),28324
DUP-00133,ee53bd260589caf1634278915c2fd83dda1308aceb0d61d7eaa3fb53d649869e,2,AST-000402,MEDICAL/Blood Pressure Monitor/bpm_1.jpg,MEDICAL,AST-000133,ALL/bpm_1.jpg,CANONICAL_SELECT(non-ALL; category=MEDICAL),23555
DUP-00134,6c074ca2d7021e218b5495347871afc98c9d70e581e38cf902ba39a3d8bbe2fa,2,AST-000403,MEDICAL/Blood Pressure Monitor/bpm_2.jpg,MEDICAL,AST-000134,ALL/bpm_2.jpg,CANONICAL_SELECT(non-ALL; category=MEDICAL),17363
DUP-00135,75954f29c97a7b7fdff570d7dfd4930ffe8d6b5ea0b0557327baa95c4de5ba31,2,AST-000920,TOYS GAMES JUVENILE/Wild Peas/brass-balls6.jpg,TOYS GAMES JUVENILE,AST-000135,ALL/brass-balls6.jpg,CANONICAL_SELECT(non-ALL; category=TOYS GAMES JUVENILE),27213
DUP-00136,d8f8736a5a4ce46789f82b632428dfcafb24b20d5648553491077954583b417d,2,AST-000303,COMMERCIAL/Barcode Scanner/bs.jpg,COMMERCIAL,AST-000136,ALL/bs.jpg,CANONICAL_SELECT(non-ALL; category=COMMERCIAL),8171
DUP-00137,6feae0c532ccbf8a6f70aa2c9c62c76e09a2b16364a777538e53c58602c500e1,2,AST-000304,COMMERCIAL/Barcode Scanner/bs_2.jpg,COMMERCIAL,AST-000137,ALL/bs_2.jpg,CANONICAL_SELECT(non-ALL; category=COMMERCIAL),67978
DUP-00138,e3d17ed2d40ef47cdba09071c04d4b0734303bc74e02135277adc1483728ad64,2,AST-000333,CONSUMER ELECTRONICS/CD Player/cd_player_1.jpg,CONSUMER ELECTRONICS,AST-000138,ALL/cd_player_1.jpg,CANONICAL_SELECT(non-ALL; category=CONSUMER ELECTRONICS),23939
DUP-00139,383ba20e5af27e90b2ca6d92455f3fa68adca62660650a31ad5bf8862048b6a4,2,AST-000334,CONSUMER ELECTRONICS/CD Player/cd_player_2.jpg,CONSUMER ELECTRONICS,AST-000139,ALL/cd_player_2.jpg,CANONICAL_SELECT(non-ALL; category=CONSUMER ELECTRONICS),13837
DUP-00140,ec069c905263dcad15e724bd808a2f97b9e53f4f38493a61a3a3768600e51057,2,AST-000271,APPLIANCES/Coffee Maker/coffee.jpg,APPLIANCES,AST-000140,ALL/coffee.jpg,CANONICAL_SELECT(non-ALL; category=APPLIANCES),69414
DUP-00141,73fcf1812c22260347e40425d695a104d2cbfa4cec88844a060d78f2886dfa77,2,AST-000272,APPLIANCES/Coffee Maker/coffee2.jpg,APPLIANCES,AST-000141,ALL/coffee2.jpg,CANONICAL_SELECT(non-ALL; category=APPLIANCES),42758
DUP-00142,7cd482ec3aa22d016506f6f9f16f23faffa322c04c815e535303f11c055efd7b,2,AST-000357,GRAPHIC/Da Benito/da_Benito_2.jpg,GRAPHIC,AST-000142,ALL/da_Benito_2.jpg,CANONICAL_SELECT(non-ALL; category=GRAPHIC),88108
DUP-00143,e315f19a149f1bdf00e8dcab4c12bedc89aae832870475798a71ff5e5ae56103,2,AST-000358,GRAPHIC/Da Benito/da_benito-1.jpg,GRAPHIC,AST-000143,ALL/da_benito-1.jpg,CANONICAL_SELECT(non-ALL; category=GRAPHIC),128035
DUP-00144,e76aec46ff61c303a7bd74c6779b6520ce1e744bd0a2a6834bbf52e9c010cc2c,2,AST-000373,HOME GOODS/Dehumidifier/dehumidifier.jpg,HOME GOODS,AST-000144,ALL/dehumidifier.jpg,CANONICAL_SELECT(non-ALL; category=HOME GOODS; name-matches-folder),21635
DUP-00145,6318bc495187655d5bf3c30ab726417f3df55559317ccef155be02fc2253fad6,2,AST-000374,HOME GOODS/Dehumidifier/dehumidifier2.jpg,HOME GOODS,AST-000145,ALL/dehumidifier2.jpg,CANONICAL_SELECT(non-ALL; category=HOME GOODS; name-matches-folder),24690
DUP-00146,dcdd5e9b9e6ec8a037e6a9e5031ae23f64aff028298a619e56a638b08dc25594,2,AST-000406,MEDICAL/Dental Jet/dental-1.jpg,MEDICAL,AST-000146,ALL/dental-1.jpg,CANONICAL_SELECT(non-ALL; category=MEDICAL),18178
DUP-00147,d7ca0fd131a8378a9ce4a0400298e59801e13dd3ca1b07530d41d2240d0ed621,2,AST-000407,MEDICAL/Dental Jet/dental-2.jpg,MEDICAL,AST-000147,ALL/dental-2.jpg,CANONICAL_SELECT(non-ALL; category=MEDICAL),13941
DUP-00148,167ad182be454c173ad9e06a2d7f09666e90187b1f6176ef8cef0c1f5ba2b68f,2,AST-000461,MISCELLANEOUS/Dubai International Boat Show/dubai_boat_show1.jpg,MISCELLANEOUS,AST-000148,ALL/dubai_boat_show1.jpg,CANONICAL_SELECT(non-ALL; category=MISCELLANEOUS),50383
DUP-00149,7e386e459463600e520dadf486f9448abfec0e58f61a5719b0613e09006996cc,2,AST-000462,MISCELLANEOUS/Dubai International Boat Show/dubai_boat_show2.jpg,MISCELLANEOUS,AST-000149,ALL/dubai_boat_show2.jpg,CANONICAL_SELECT(non-ALL; category=MISCELLANEOUS),48739
DUP-00150,ad65dd3f4f698c1f7e7ef1aad3c9bcb85a98683f56195f778a411a0bf8d5d558,2,AST-000463,MISCELLANEOUS/Dubai International Boat Show/dubai_boat_show3.jpg,MISCELLANEOUS,AST-000150,ALL/dubai_boat_show3.jpg,CANONICAL_SELECT(non-ALL; category=MISCELLANEOUS),47781
DUP-00151,c0b994fe903754f14c91b4191cada474918d5d899318b185152daccba53454da,2,AST-000408,MEDICAL/Dynamometer/dynamometer-1.jpg,MEDICAL,AST-000151,ALL/dynamometer-1.jpg,CANONICAL_SELECT(non-ALL; category=MEDICAL; name-matches-folder),17153
DUP-00152,cf3a3c59a18774e51b1066d4afa034a26b229ae408994b1b56105fabd5ee252d,2,AST-000409,MEDICAL/Dynamometer/dynamometer-2.jpg,MEDICAL,AST-000152,ALL/dynamometer-2.jpg,CANONICAL_SELECT(non-ALL; category=MEDICAL; name-matches-folder),15255
DUP-00153,52e2b992dabc54c21cf7ffc87c4e3ca01cb92e170deefa2394a5847d828184d1,2,AST-000429,MILITARY/Emergency Beacon/emergency_beacon-1.jpg,MILITARY,AST-000153,ALL/emergency_beacon-1.jpg,CANONICAL_SELECT(non-ALL; category=MILITARY),48251
DUP-00154,896b052c3fdfc63d0e4ba9439606c9e1400a6008d022fdc8ed634be670a888cd,2,AST-000430,MILITARY/Emergency Beacon/emergency_beacon-2.jpg,MILITARY,AST-000154,ALL/emergency_beacon-2.jpg,CANONICAL_SELECT(non-ALL; category=MILITARY),17577
DUP-00155,adaad50a5ae9139916e1c780bd7b86dbab8f15c944f17c6275c584878c1d3f07,2,AST-000433,MILITARY/Flight Box/flight_box-2.jpg,MILITARY,AST-000155,ALL/flight_box-2.jpg,CANONICAL_SELECT(non-ALL; category=MILITARY),28685
DUP-00156,91cc2bdf2a3c0486505fde9c151196bbc106661489539604eb8273166f4ff4c2,2,AST-000434,MILITARY/Flight Box/flight_box.jpg,MILITARY,AST-000156,ALL/flight_box.jpg,CANONICAL_SELECT(non-ALL; category=MILITARY),22549
DUP-00157,6d9ba91f3ac397f2b0ced8e2db79182f2167f764fe98457c6e2c9093f18e61e3,3,AST-000309,COMMERCIAL/Flight Planner/flight_planner-1.jpg,COMMERCIAL,AST-000157; AST-000435,ALL/flight_planner-1.jpg; MILITARY/Flight Planner/flight_planner-1.jpg,CANONICAL_SELECT(non-ALL; category=COMMERCIAL),190348
DUP-00158,a9a87c2849a88c88f71fde8e6c62c85939a0a0694cc1faa3199a0aaf4573f5b2,3,AST-000310,COMMERCIAL/Flight Planner/flight_planner-2.jpg,COMMERCIAL,AST-000158; AST-000436,ALL/flight_planner-2.jpg; MILITARY/Flight Planner/flight_planner-2.jpg,CANONICAL_SELECT(non-ALL; category=COMMERCIAL),214106
DUP-00159,9b3111d5c1ca6d6fef1e7af6009b0f5317eeacf756ae33393fbf690814c81353,3,AST-000307,COMMERCIAL/Finger-Print Scanner/fps_1.jpg,COMMERCIAL,AST-000159; AST-000431,ALL/fps_1.jpg; MILITARY/Finger-Print Scanner/fps_1.jpg,CANONICAL_SELECT(non-ALL; category=COMMERCIAL),15030
DUP-00160,08812cc8682f375120128eac8c322cf987c030c8cc727ef8a0b1bd74da67850f,3,AST-000308,COMMERCIAL/Finger-Print Scanner/fps_2.jpg,COMMERCIAL,AST-000160; AST-000432,ALL/fps_2.jpg; MILITARY/Finger-Print Scanner/fps_2.jpg,CANONICAL_SELECT(non-ALL; category=COMMERCIAL),149888
DUP-00161,a66779d765ac20e3bb99ace89adda6819417d20eae386457f57ce47109eb16c6,2,AST-000834,OUTDOORS/Diving Goggle (with Camera)/goggles1.jpg,OUTDOORS,AST-000161,ALL/goggles1.jpg,CANONICAL_SELECT(non-ALL; category=OUTDOORS),25695
DUP-00162,06e95472a7e8e07ac173033c65834adbe3b6fb3b25445162b1c5be28a70e4031,2,AST-000835,OUTDOORS/Diving Goggle (with Camera)/goggles2.jpg,OUTDOORS,AST-000162,ALL/goggles2.jpg,CANONICAL_SELECT(non-ALL; category=OUTDOORS),23573
DUP-00163,38532d8e2f662a889c35aa5ccdfe2f0b47aeb0cb478fdea23889b6c15dfddf4d,2,AST-000836,OUTDOORS/Diving Goggle (with Camera)/goggles3.jpg,OUTDOORS,AST-000163,ALL/goggles3.jpg,CANONICAL_SELECT(non-ALL; category=OUTDOORS),83169
DUP-00164,98de278414fc34c94c3f4f1d23eaca6a6a56ed3039a5d5dfd8d1a09598ec4af0,2,AST-000904,SPORT/Golf Caddy/golf_caddy-1.jpg,SPORT,AST-000164,ALL/golf_caddy-1.jpg,CANONICAL_SELECT(non-ALL; category=SPORT),24164
DUP-00165,acb023ab04d68f371d5b06a41f569391957bc13fc91730c08c74c7cf98d86b61,2,AST-000905,SPORT/Golf Caddy/golf_caddy-2.jpg,SPORT,AST-000165,ALL/golf_caddy-2.jpg,CANONICAL_SELECT(non-ALL; category=SPORT),33812
DUP-00166,d80da0cc65f4325e04771b339160b6b66431d3a9f9fdfb22303f117d4f6daf4d,2,AST-000394,KITCHENWARE/Recycle Bin/greencan.jpg,KITCHENWARE,AST-000166,ALL/greencan.jpg,CANONICAL_SELECT(non-ALL; category=KITCHENWARE),32527
DUP-00167,93e5e40fc008cc1448991131f39302245c675c266f2bfcad896e34741f357a31,2,AST-000395,KITCHENWARE/Recycle Bin/greencan2.jpg,KITCHENWARE,AST-000167,ALL/greencan2.jpg,CANONICAL_SELECT(non-ALL; category=KITCHENWARE),42232
DUP-00168,5ebba028da49c0d6bee419062c5e6d155a552a72a8eb388c14e987b4cd331e32,2,AST-000311,COMMERCIAL/Hand Dryer/hand_dryer_1.jpg,COMMERCIAL,AST-000168,ALL/hand_dryer_1.jpg,CANONICAL_SELECT(non-ALL; category=COMMERCIAL),160861
DUP-00169,4cd183c886527b09eedf3f4804a6a36f68b4b2beb9b149feed1a84272e6871ab,2,AST-000312,COMMERCIAL/Hand Dryer/hand_dryer_2.jpg,COMMERCIAL,AST-000169,ALL/hand_dryer_2.jpg,CANONICAL_SELECT(non-ALL; category=COMMERCIAL),52165
DUP-00170,8c1e8efa14ad25ae49d361f3f84d56321e16169b59bbe68b17b835fd5838ae66,2,AST-000341,CONSUMER ELECTRONICS/Hard Drive Tower/hard_drive_tower_1.jpg,CONSUMER ELECTRONICS,AST-000170,ALL/hard_drive_tower_1.jpg,CANONICAL_SELECT(non-ALL; category=CONSUMER ELECTRONICS),19632
DUP-00171,dfab14ad09477a54e52f4cad7b8d688041f75023ad86a2500c051e2bb5fe922a,2,AST-000342,CONSUMER ELECTRONICS/Hard Drive Tower/hard_drive_tower_2.jpg,CONSUMER ELECTRONICS,AST-000171,ALL/hard_drive_tower_2.jpg,CANONICAL_SELECT(non-ALL; category=CONSUMER ELECTRONICS),43803
DUP-00172,08c78184bd9e61c8028e836ade672b163a33a894a4a93fa643e776fbaa91921d,2,AST-000380,INDUSTRIAL/Hydraulic Cross-section/hydraulic1.jpg,INDUSTRIAL,AST-000172,ALL/hydraulic1.jpg,CANONICAL_SELECT(non-ALL; category=INDUSTRIAL),31117
DUP-00173,ef6be522a944ca80f52bfd0d2bea857a58682326704dc2c46d422d2e9acc631c,2,AST-000381,INDUSTRIAL/Hydraulic Cross-section/hydraulic2.jpg,INDUSTRIAL,AST-000173,ALL/hydraulic2.jpg,CANONICAL_SELECT(non-ALL; category=INDUSTRIAL),35508
DUP-00174,5dbe573fe774beee29565fa41777a88cbc41b6d3855313d533296da59f5ee933,3,AST-000319,COMMERCIAL/iaMedium/iaMedium-1.jpg,COMMERCIAL,AST-000175; AST-000459,ALL/iaMedium-1.jpg; MILITARY/iaMedium/iaMedium-1.jpg,CANONICAL_SELECT(non-ALL; category=COMMERCIAL; name-matches-folder),95262
DUP-00175,07bb177fb0647ccd5ef20e844cbe397e1f618ba04ec2994d0fb141eeb7400a35,2,AST-000320,COMMERCIAL/iaMedium/iaMedium-2.jpg,COMMERCIAL,AST-000176,ALL/iaMedium-2.jpg,CANONICAL_SELECT(non-ALL; category=COMMERCIAL; name-matches-folder),149660
DUP-00176,bee2d7403007b55664ffafcfaa2e1611c409841c8679138cab8cd039796e4a2d,3,AST-000321,COMMERCIAL/iaMedium/iaMedium-3.jpg,COMMERCIAL,AST-000177; AST-000460,ALL/iaMedium-3.jpg; MILITARY/iaMedium/iaMedium-3.jpg,CANONICAL_SELECT(non-ALL; category=COMMERCIAL; name-matches-folder),40610
DUP-00177,befde98d1e970d8a07ba7d19b5a9787805cf218fb21370169a61be3020e8e136,2,AST-000382,INDUSTRIAL/Infrared Window/infrared1.jpg,INDUSTRIAL,AST-000178,ALL/infrared1.jpg,CANONICAL_SELECT(non-ALL; category=INDUSTRIAL),51032
DUP-00178,3e904c9686cc86dca784decb2d87e05ff130ec8d97f19ba8301b0a6de1b837b5,2,AST-000383,INDUSTRIAL/Infrared Window/infrared2.jpg,INDUSTRIAL,AST-000179,ALL/infrared2.jpg,CANONICAL_SELECT(non-ALL; category=INDUSTRIAL),66123
DUP-00179,3a5adbc21746abce6293dc3bcf5b45fcd4feeb973ec08ad3844f721309919789,2,AST-000468,MISCELLANEOUS/iPad Cover/ipm-008_LR.jpg,MISCELLANEOUS,AST-000180,ALL/ipm-008_LR.jpg,CANONICAL_SELECT(non-ALL; category=MISCELLANEOUS),65867
DUP-00180,9c15538374c1ffc6460223972f9eabcf80f97985f9d539af7485ae8adc75a134,2,AST-000843,PROTOTYPING/ABS + RTV Tooling/ipm_prototype1.jpg,PROTOTYPING,AST-000181,ALL/ipm_prototype1.jpg,CANONICAL_SELECT(non-ALL; category=PROTOTYPING),63233
DUP-00181,9fff11bc76099f39cae7c69f63189be7eaa18a8757cf115267ed718a530cc2a7,2,AST-000844,PROTOTYPING/ABS + RTV Tooling/ipm_prototype2.jpg,PROTOTYPING,AST-000182,ALL/ipm_prototype2.jpg,CANONICAL_SELECT(non-ALL; category=PROTOTYPING),57995
DUP-00182,6908bb10b3a341e7a4c74c567e890e10bf472542eed8f837ef0e5f9f08facdc0,2,AST-000845,PROTOTYPING/ABS + RTV Tooling/ipm_prototype3.jpg,PROTOTYPING,AST-000183,ALL/ipm_prototype3.jpg,CANONICAL_SELECT(non-ALL; category=PROTOTYPING),85196
DUP-00183,545b91e9e6f8180d1839f17fe3729c74e8a1a1a465105938e139b2b964a80b78,2,AST-000360,GRAPHIC/Jewelry/jewelry.jpg,GRAPHIC,AST-000184,ALL/jewelry.jpg,CANONICAL_SELECT(non-ALL; category=GRAPHIC; name-matches-folder),166704
DUP-00184,888930ce6067a6283ec1dc4e29473e6c950f2268f28c7f3b9b2e177616fe7d17,2,AST-000361,GRAPHIC/Jewelry/jewelry_2.jpg,GRAPHIC,AST-000185,ALL/jewelry_2.jpg,CANONICAL_SELECT(non-ALL; category=GRAPHIC; name-matches-folder),79557
DUP-00185,a4c323fcc81bf8ae02fbd1aa666575dc3d318c6462cbc95d1042972d8686c690,2,AST-000906,SPORT/Knee Board/knee_board-1.jpg,SPORT,AST-000186,ALL/knee_board-1.jpg,CANONICAL_SELECT(non-ALL; category=SPORT),46515
DUP-00186,d999a37de7b6f91cb9f603b011e15bc86c2b899307b6029672d86622063ddf32,2,AST-000907,SPORT/Knee Board/knee_board-2.jpg,SPORT,AST-000187,ALL/knee_board-2.jpg,CANONICAL_SELECT(non-ALL; category=SPORT),41526
DUP-00187,00379d2c07a68e2f1aab282100ef2afef761d7429c65499c90e6c3c97a423159,2,AST-000390,KITCHENWARE/Kitchen Knife/knife.jpg,KITCHENWARE,AST-000188,ALL/knife.jpg,CANONICAL_SELECT(non-ALL; category=KITCHENWARE),29159
DUP-00188,f9cab07ba368e930c3af34637eeca2fd03d0892cad11785ee8511ba4b51a2a5f,2,AST-000391,KITCHENWARE/Kitchen Knife/knife33.jpg,KITCHENWARE,AST-000189,ALL/knife33.jpg,CANONICAL_SELECT(non-ALL; category=KITCHENWARE),21125
DUP-00189,12e7dc7ed6283f7dcfa896a4aa032282dea9ba6fcf231a2edbe5cac19f8f5579,2,AST-000384,INDUSTRIAL/Labeler/labeler-1.jpg,INDUSTRIAL,AST-000190,ALL/labeler-1.jpg,CANONICAL_SELECT(non-ALL; category=INDUSTRIAL; name-matches-folder),9288
DUP-00190,f10fc5c961e45603e67b95d0b1c43a281cd94d9d01f3d7c9cd07c57daec0de71,2,AST-000385,INDUSTRIAL/Labeler/labeler-2.jpg,INDUSTRIAL,AST-000191,ALL/labeler-2.jpg,CANONICAL_SELECT(non-ALL; category=INDUSTRIAL; name-matches-folder),68766
DUP-00191,83e6858bd7227ba04d88f35bf89f705006b4c0ef9b046a1147e14bc291a4f339,2,AST-000464,MISCELLANEOUS/Ladder Rack/ladderrack.jpg,MISCELLANEOUS,AST-000192,ALL/ladderrack.jpg,CANONICAL_SELECT(non-ALL; category=MISCELLANEOUS; name-matches-folder),73441
DUP-00192,2e8176066330da1016ccd351139f293831f2bba80a8598e60a60a47b51c41369,2,AST-000465,MISCELLANEOUS/Ladder Rack/ladderrack2.jpg,MISCELLANEOUS,AST-000193,ALL/ladderrack2.jpg,CANONICAL_SELECT(non-ALL; category=MISCELLANEOUS; name-matches-folder),69380
DUP-00193,28ce231a27c6c10b905c3d9cefa724ae39a2604810f3c55a497d18ecca0c9e55,2,AST-000404,MEDICAL/Defibrillator/medical_1.jpg,MEDICAL,AST-000194,ALL/medical_1.jpg,CANONICAL_SELECT(non-ALL; category=MEDICAL),144380
DUP-00194,86878ea2a617b7722b98770746b31bf30b6e8fbadcc863c78fa7a80899bb9c4b,2,AST-000405,MEDICAL/Defibrillator/medical_2.jpg,MEDICAL,AST-000195,ALL/medical_2.jpg,CANONICAL_SELECT(non-ALL; category=MEDICAL),76512
DUP-00195,762b6c5395a2cd7239a9eebb2fd85767296cfaaa9c461c160e6c7fd5f93cf386,2,AST-000365,GRAPHIC/Medical Advertising/medical_Advertising_1.jpg,GRAPHIC,AST-000196,ALL/medical_Advertising_1.jpg,CANONICAL_SELECT(non-ALL; category=GRAPHIC),82572
DUP-00196,5698084e59dad3e4f82f8475ec89cc411a79b2da2b66b091fd62b2589c2b9bd7,2,AST-000366,GRAPHIC/Medical Advertising/medical_Advertising_2.jpg,GRAPHIC,AST-000197,ALL/medical_Advertising_2.jpg,CANONICAL_SELECT(non-ALL; category=GRAPHIC),34879
DUP-00197,e54bb5af170207a0c7377c5819e810a5635488eaeb7dfbc2d478d67d2aa20430,2,AST-000410,MEDICAL/Medical Hospital Scale/medical_scale-1.jpg,MEDICAL,AST-000198,ALL/medical_scale-1.jpg,CANONICAL_SELECT(non-ALL; category=MEDICAL),22093
DUP-00198,f8a74a9145fa7c0bc4eb3ebae7154fdb80cf1efb66fe9d9444f907b018e408e8,2,AST-000411,MEDICAL/Medical Hospital Scale/medical_scale-2.jpg,MEDICAL,AST-000199,ALL/medical_scale-2.jpg,CANONICAL_SELECT(non-ALL; category=MEDICAL),11530
DUP-00199,e747120f49d6a42cd94471689d50dbf6942c1f0ea576d48e3fa9d0315d472fb0,2,AST-000441,MILITARY/Military Phone/military_phone-1.jpg,MILITARY,AST-000200,ALL/military_phone-1.jpg,CANONICAL_SELECT(non-ALL; category=MILITARY),16415
DUP-00200,74f763d8753aecc95bfcd81bcb1be822cd01e572320e89e9d540bd7efe067df9,2,AST-000442,MILITARY/Military Phone/military_phone-2.jpg,MILITARY,AST-000201,ALL/military_phone-2.jpg,CANONICAL_SELECT(non-ALL; category=MILITARY),44538
DUP-00201,48e5458584d5972beb19ac74d9c51137c328e7128514ac9b65ceaf1bd87ebac0,2,AST-000289,ARCHITECTURE/Misquamicut Beach Club/misquamicut.jpg,ARCHITECTURE,AST-000202,ALL/misquamicut.jpg,CANONICAL_SELECT(non-ALL; category=ARCHITECTURE),47454
DUP-00202,e19b4aba1888c95ee0ef896cf0fe686fbbbab376eedbfd9b9719d28867dbf30f,2,AST-000290,ARCHITECTURE/Misquamicut Beach Club/misquamicut1.jpg,ARCHITECTURE,AST-000203,ALL/misquamicut1.jpg,CANONICAL_SELECT(non-ALL; category=ARCHITECTURE),63464
DUP-00203,3d206c804e430b35ad44bce7e95b855afb63a15c9a8c6fa781cd73cf3c4c9800,2,AST-000291,ARCHITECTURE/Misquamicut Beach Club/misquamicut2.jpg,ARCHITECTURE,AST-000204,ALL/misquamicut2.jpg,CANONICAL_SELECT(non-ALL; category=ARCHITECTURE),47881
DUP-00204,9fdba08f7939c00a7b220b157928e9e36e1e1ddbf2bba16d1bb93b1b82788cc6,2,AST-000292,ARCHITECTURE/Misquamicut Beach Club/misquamicut3.jpg,ARCHITECTURE,AST-000205,ALL/misquamicut3.jpg,CANONICAL_SELECT(non-ALL; category=ARCHITECTURE),70331
DUP-00205,22098f560ca0733d1370b169b95872c1170b084141496feead820eb2c548b02d,2,AST-000859,PROTOTYPING/Sheet Metal + RTV Tooling/pap2.jpg,PROTOTYPING,AST-000206,ALL/pap2.jpg,CANONICAL_SELECT(non-ALL; category=PROTOTYPING),40440
DUP-00206,3d70143163c3569bdbb43fd172a9ecc1a8bf2be7a45fd7e146f6c881441c77dd,2,AST-000860,PROTOTYPING/Sheet Metal + RTV Tooling/pap3.jpg,PROTOTYPING,AST-000207,ALL/pap3.jpg,CANONICAL_SELECT(non-ALL; category=PROTOTYPING),43788
DUP-00207,c5afa1e5caef7423d2a476777d1696984a08dd978be7007f3cc5f863e275f2a4,2,AST-000861,PROTOTYPING/Sheet Metal + RTV Tooling/pap4.jpg,PROTOTYPING,AST-000208,ALL/pap4.jpg,CANONICAL_SELECT(non-ALL; category=PROTOTYPING),32796
DUP-00208,c0ca61f09208a331f5347288378fcb042b7377e1e11d5d74e9fb07f717849fb9,2,AST-000862,PROTOTYPING/Sheet Metal + RTV Tooling/pap5.jpg,PROTOTYPING,AST-000209,ALL/pap5.jpg,CANONICAL_SELECT(non-ALL; category=PROTOTYPING),33994
DUP-00209,e1cd50257d640cf8559e05ca48897c1a5965642bb80e4770581752a3c9fbc688,2,AST-000863,PROTOTYPING/Sheet Metal + RTV Tooling/pap6.jpg,PROTOTYPING,AST-000210,ALL/pap6.jpg,CANONICAL_SELECT(non-ALL; category=PROTOTYPING),37006
DUP-00210,44de03969a83e5fc90a93ea4828da9c5e647bb1f677e117bf76aa68032796653,2,AST-000328,COMMUNICATION/Payphone/payphone.jpg,COMMUNICATION,AST-000211,ALL/payphone.jpg,CANONICAL_SELECT(non-ALL; category=COMMUNICATION; name-matches-folder),81269
DUP-00211,becb7d812d19a19e27886cb3f74b7d28c5619f56934edd358b4f7c22a78d2b59,2,AST-000908,SPORT/Pedometer/pedometer-1.jpg,SPORT,AST-000212,ALL/pedometer-1.jpg,CANONICAL_SELECT(non-ALL; category=SPORT; name-matches-folder),25194
DUP-00212,e33040c436943b94857d13ec2e5ba0ca08001af30d8c0eb0feffc9ccc570422c,2,AST-000909,SPORT/Pedometer/pedometer-2.jpg,SPORT,AST-000213,ALL/pedometer-2.jpg,CANONICAL_SELECT(non-ALL; category=SPORT; name-matches-folder),32599
DUP-00213,a0b388bea1998f30df8b239f54687cb690196f9a1b31c36a79b54840b02f1c1c,2,AST-000343,CONSUMER ELECTRONICS/Portable Shredder/portable_shredder_1.jpg,CONSUMER ELECTRONICS,AST-000214,ALL/portable_shredder_1.jpg,CANONICAL_SELECT(non-ALL; category=CONSUMER ELECTRONICS),76461
DUP-00214,e2f8c85105dcd985eb89a4aa91349f099af217e01a043898f3e95a4ca34cdcc5,2,AST-000344,CONSUMER ELECTRONICS/Portable Shredder/portable_shredder_2.jpg,CONSUMER ELECTRONICS,AST-000215,ALL/portable_shredder_2.jpg,CANONICAL_SELECT(non-ALL; category=CONSUMER ELECTRONICS),48591
DUP-00215,c307239ae2a2029da8c50cd84b6515291074cd4a8fdf2e836e927919a54ad289,2,AST-000923,TRANSPORTATION/Boat Profile/profile.jpg,TRANSPORTATION,AST-000216,ALL/profile.jpg,CANONICAL_SELECT(non-ALL; category=TRANSPORTATION),52214
DUP-00216,5fb36a0bec40c6a1869e6de3ad4f5fa227097f8174cf30522ec6a5483b5891c2,2,AST-000924,TRANSPORTATION/Boat Profile/profile_2.jpg,TRANSPORTATION,AST-000217,ALL/profile_2.jpg,CANONICAL_SELECT(non-ALL; category=TRANSPORTATION),53445
DUP-00217,5ed521a78177fef320cc81d4897bceae4a660ede67563716937de4db7317ff18,2,AST-000853,"PROTOTYPING/Rubber Coating, Silkscreening/prototype_camera_hd.jpg",PROTOTYPING,AST-000218,ALL/prototype_camera_hd.jpg,CANONICAL_SELECT(non-ALL; category=PROTOTYPING),35919
DUP-00218,468e715e1b83f7c2c0d2ceab3825789ad424e843bd274721fec88cde73611b88,2,AST-000848,PROTOTYPING/Carbon Fiber Molding/prototype_carbon_fiber.jpg,PROTOTYPING,AST-000219,ALL/prototype_carbon_fiber.jpg,CANONICAL_SELECT(non-ALL; category=PROTOTYPING),38041
DUP-00219,5a780e0225662f45b668a3e9e88d4ae85ed914fc14b5f613dee1af773ae34166,2,AST-000849,PROTOTYPING/Carbon Fiber Molding/prototype_carbon_fiber2.jpg,PROTOTYPING,AST-000220,ALL/prototype_carbon_fiber2.jpg,CANONICAL_SELECT(non-ALL; category=PROTOTYPING),51351
DUP-00220,dbd0d5ae6c8904fd217ad406453229bdc8dc27f9a1ca4d2b645686456d70c17e,2,AST-000857,PROTOTYPING/SLA  SLS/prototype_clip_fdm.jpg,PROTOTYPING,AST-000221,ALL/prototype_clip_fdm.jpg,CANONICAL_SELECT(non-ALL; category=PROTOTYPING),27403
DUP-00221,95cc8bd61063f059d33cd8459d724aafa82f39322d66521ada09ba95fa36a6d8,2,AST-000850,PROTOTYPING/FDM Printing/prototype_fdm.jpg,PROTOTYPING,AST-000222,ALL/prototype_fdm.jpg,CANONICAL_SELECT(non-ALL; category=PROTOTYPING),27204
DUP-00222,1bfb598aaad1b91adf452c75817380552a18739ae6ac2e8eac1dd1e884c99269,2,AST-000846,PROTOTYPING/Acrylic FormingBending/prototype_guitar_support.jpg,PROTOTYPING,AST-000223,ALL/prototype_guitar_support.jpg,CANONICAL_SELECT(non-ALL; category=PROTOTYPING),29374
DUP-00223,c292bb7d3a576828bae74f632ff95b73ce1cd92f72fad8f62c19d719cab8d9d4,2,AST-000847,PROTOTYPING/Acrylic FormingBending/prototype_guitar_support2.jpg,PROTOTYPING,AST-000224,ALL/prototype_guitar_support2.jpg,CANONICAL_SELECT(non-ALL; category=PROTOTYPING),33552
DUP-00224,201f56ec6897dc4f1c305cc328b69f58ebfa48e552a2ce5fc8d22b6c0f2a8e24,2,AST-000854,"PROTOTYPING/Rubber Coating, Silkscreening/prototype_remote1.jpg",PROTOTYPING,AST-000225,ALL/prototype_remote1.jpg,CANONICAL_SELECT(non-ALL; category=PROTOTYPING),26893
DUP-00225,d0f79379f6ebb35a2a4cc4a6f3b26ea4220b5afd5d4ee5ec3eed9a6f7d757ce7,2,AST-000855,"PROTOTYPING/Rubber Coating, Silkscreening/prototype_remote2.jpg",PROTOTYPING,AST-000226,ALL/prototype_remote2.jpg,CANONICAL_SELECT(non-ALL; category=PROTOTYPING),32725
DUP-00226,4a118629f1af84383a317b2a7239974ad562c1fb0ce9411595a81cdf2e209fda,2,AST-000856,"PROTOTYPING/Rubber Coating, Silkscreening/prototype_remote3.jpg",PROTOTYPING,AST-000227,ALL/prototype_remote3.jpg,CANONICAL_SELECT(non-ALL; category=PROTOTYPING),21136
DUP-00227,2912e3738923e711b33a100b585f324beaafb5bcd5b37f474764c696c8a5e766,2,AST-000910,SPORT/Putter/putter_1.jpg,SPORT,AST-000228,ALL/putter_1.jpg,CANONICAL_SELECT(non-ALL; category=SPORT; name-matches-folder),72720
DUP-00228,19dc60d42cc74dce500bcb570cd14ab20db10769d139fa4fe7e354206cc213f1,2,AST-000911,SPORT/Putter/putter_2.jpg,SPORT,AST-000229,ALL/putter_2.jpg,CANONICAL_SELECT(non-ALL; category=SPORT; name-matches-folder),68828
DUP-00229,eccc2308f8e0b779d58b8805f3d442c128e95e38745763cda262a3aff39c6946,2,AST-000349,CONSUMER ELECTRONICS/Universal Remote Control/remote.jpg,CONSUMER ELECTRONICS,AST-000230,ALL/remote.jpg,CANONICAL_SELECT(non-ALL; category=CONSUMER ELECTRONICS),47655
DUP-00230,a16e8a2a5ba43af476126b4a8d87e9135ed8c7bb8ccfd1a6066e0f7e4f510143,2,AST-000392,KITCHENWARE/Paper HolderDispenser/rollie1.jpg,KITCHENWARE,AST-000231,ALL/rollie1.jpg,CANONICAL_SELECT(non-ALL; category=KITCHENWARE),66182
DUP-00231,ae8903e32c02cf633d6c0539a40148b096c646deeb50a67de8ae965c00d95179,2,AST-000393,KITCHENWARE/Paper HolderDispenser/rollie2.jpg,KITCHENWARE,AST-000232,ALL/rollie2.jpg,CANONICAL_SELECT(non-ALL; category=KITCHENWARE),70663
DUP-00232,8074987258c89c00000b1b42a2d70d9dafc8b7ec4cafb030c80ba018128b62e3,2,AST-000397,KITCHENWARE/Salt and Pepper Shaker/salt1.jpg,KITCHENWARE,AST-000233,ALL/salt1.jpg,CANONICAL_SELECT(non-ALL; category=KITCHENWARE),45652
DUP-00233,d8b61330d14f75aa034ceb1a71ad3d01755fd97c69b4b817a330de732adde8ed,2,AST-000398,KITCHENWARE/Scale/scale1.jpg,KITCHENWARE,AST-000234,ALL/scale1.jpg,CANONICAL_SELECT(non-ALL; category=KITCHENWARE; name-matches-folder),53725
DUP-00234,46d9c53fb5c7e3c30e0868afeaff3a95acc652f854223210963f7e17f9072d8e,2,AST-000399,KITCHENWARE/Scale/scale2.jpg,KITCHENWARE,AST-000235,ALL/scale2.jpg,CANONICAL_SELECT(non-ALL; category=KITCHENWARE; name-matches-folder),19585
DUP-00235,dca1dfe9b88db32c778c30a851c3d2d799fcaf5b9f261002974d7ef3cb95a26e,2,AST-000453,MILITARY/Security Wand/security_wand-1.jpg,MILITARY,AST-000236,ALL/security_wand-1.jpg,CANONICAL_SELECT(non-ALL; category=MILITARY),115547
DUP-00236,bb18b888e928b50f0d043683168c06ba43d9fdd7a20925d19bb815f6a6b459b6,2,AST-000454,MILITARY/Security Wand/security_wand-2.jpg,MILITARY,AST-000237,ALL/security_wand-2.jpg,CANONICAL_SELECT(non-ALL; category=MILITARY),35908
DUP-00237,915cd92dcb86963470728da28e64da90b0d308d3ee2e329dc8f7fbca4a80646c,2,AST-000914,SPORT/Sports Bottle/sports_bottle.jpg,SPORT,AST-000238,ALL/sports_bottle.jpg,CANONICAL_SELECT(non-ALL; category=SPORT),15450
DUP-00238,16fc229ea1f1500ec6aefa20eac4c9177aa5ebfa111a1367cbc049de140ba122,2,AST-000915,SPORT/Sports Bottle/sports_bottle_2.jpg,SPORT,AST-000239,ALL/sports_bottle_2.jpg,CANONICAL_SELECT(non-ALL; category=SPORT),13834
DUP-00239,f54fb3553b84a174d26bebf01056cc4530a25c412ad19f10c46f2c880580ab6a,2,AST-000415,MEDICAL/Spine Board/stretcher-1.jpg,MEDICAL,AST-000240,ALL/stretcher-1.jpg,CANONICAL_SELECT(non-ALL; category=MEDICAL),60627
DUP-00240,4c518e5143340d02f2de8257242ba35b94aca46dd23ee2c5900109f63ff8f42b,2,AST-000416,MEDICAL/Spine Board/stretcher-2.jpg,MEDICAL,AST-000241,ALL/stretcher-2.jpg,CANONICAL_SELECT(non-ALL; category=MEDICAL),17469
DUP-00241,f49746eda5cfa5fc06bfea36b6fe0a971befc374c8ec5ebb77d4d9606ebabe2a,2,AST-000345,CONSUMER ELECTRONICS/Submersible Tablet/submersible_tablet_1.jpg,CONSUMER ELECTRONICS,AST-000242,ALL/submersible_tablet_1.jpg,CANONICAL_SELECT(non-ALL; category=CONSUMER ELECTRONICS),80713
DUP-00242,1774f2ddbec18e01f552c149433a0b21f68ee940fe5dd275b9ff6893065123c6,2,AST-000346,CONSUMER ELECTRONICS/Submersible Tablet/submersible_tablet_2.jpg,CONSUMER ELECTRONICS,AST-000243,ALL/submersible_tablet_2.jpg,CANONICAL_SELECT(non-ALL; category=CONSUMER ELECTRONICS),46186
DUP-00243,f6baf1210b52d5d748bc01ea98de2806e83153ea7b837529a69107c02438dd02,2,AST-000455,MILITARY/Suitcase/suitcase-1.jpg,MILITARY,AST-000244,ALL/suitcase-1.jpg,CANONICAL_SELECT(non-ALL; category=MILITARY; name-matches-folder),29315
DUP-00244,e7afb84fd68b4717bcc26b92e5c68375f6f8559157706134ee2a6923c4a38c46,2,AST-000456,MILITARY/Suitcase/suitcase-2.jpg,MILITARY,AST-000245,ALL/suitcase-2.jpg,CANONICAL_SELECT(non-ALL; category=MILITARY; name-matches-folder),26774
DUP-00245,0333d4ab91f25380dc0fd6b3a42c9a339e079a6cf9e00f28f59c00ffb19bf0dd,2,AST-000388,INDUSTRIAL/Synergix/synergix-1.jpg,INDUSTRIAL,AST-000246,ALL/synergix-1.jpg,CANONICAL_SELECT(non-ALL; category=INDUSTRIAL; name-matches-folder),67935
DUP-00246,23113db6726ec8bb95e3bfb61fe999cfffe06ff4bcdc7bfc757fcfacf1df9abd,2,AST-000389,INDUSTRIAL/Synergix/synergix-2.jpg,INDUSTRIAL,AST-000247,ALL/synergix-2.jpg,CANONICAL_SELECT(non-ALL; category=INDUSTRIAL; name-matches-folder),52397
DUP-00247,7596e229577bc223a3c6959da78d8f758d0d4230cfad8ecf6f9372f406249034,2,AST-000347,CONSUMER ELECTRONICS/Tablet/tablet_1.jpg,CONSUMER ELECTRONICS,AST-000248,ALL/tablet_1.jpg,CANONICAL_SELECT(non-ALL; category=CONSUMER ELECTRONICS; name-matches-folder),115075
DUP-00248,d8a1567e8abae011310a81d811c47b7d6e23e24016af2d66fe9e6d41409523cb,2,AST-000348,CONSUMER ELECTRONICS/Tablet/tablet_2.jpg,CONSUMER ELECTRONICS,AST-000249,ALL/tablet_2.jpg,CANONICAL_SELECT(non-ALL; category=CONSUMER ELECTRONICS; name-matches-folder),91124
DUP-00249,dc4460143975188fb0fcbb846e733792e83990d26ce95575ef9ff68a3ea31477,2,AST-000299,ARCHITECTURE/Tamarack Country Club/tam-main-elevs-front.jpg,ARCHITECTURE,AST-000250,ALL/tam-main-elevs-front.jpg,CANONICAL_SELECT(non-ALL; category=ARCHITECTURE),164585
DUP-00250,ba2fada30c67f4ee0f10e5aa1ebc3faebaf37e6c13dec0dab1e838e6c46a4244,2,AST-000300,ARCHITECTURE/Tamarack Country Club/tam-main-elevs-side.jpg,ARCHITECTURE,AST-000251,ALL/tam-main-elevs-side.jpg,CANONICAL_SELECT(non-ALL; category=ARCHITECTURE),104391
DUP-00251,2d307ff649d4ccc1adc032e1043422d5d2c2545b7545de350bb1d129f92fd750,2,AST-000919,TOYS GAMES JUVENILE/Massaging Vibrating Teether/teether.jpg,TOYS GAMES JUVENILE,AST-000252,ALL/teether.jpg,CANONICAL_SELECT(non-ALL; category=TOYS GAMES JUVENILE),48943
DUP-00252,ca596e36bf4eb7327e809186696cd504d1fd8cd4bb3642e22973bcc37b2bf6a6,2,AST-000916,SPORT/Tennis Ball Machine/tennis_ball_machine-1.jpg,SPORT,AST-000253,ALL/tennis_ball_machine-1.jpg,CANONICAL_SELECT(non-ALL; category=SPORT),20982
DUP-00253,ac2d1f5f4ae8b7bc458a295e991fe025e7070e1f1fccea6f9b2298be348a54c6,2,AST-000917,SPORT/Tennis Ball Machine/tennis_ball_machine-2.jpg,SPORT,AST-000254,ALL/tennis_ball_machine-2.jpg,CANONICAL_SELECT(non-ALL; category=SPORT),16202
DUP-00254,d206e3eb036a74d6b3ff4ba7624eb985bdc19034658280bff302c2d930c61f52,2,AST-000851,PROTOTYPING/Multi Level Prototyping/therapy_bike.jpg,PROTOTYPING,AST-000255,ALL/therapy_bike.jpg,CANONICAL_SELECT(non-ALL; category=PROTOTYPING),76699
DUP-00255,eda058e906a6676a6d1901cb327c53a2b72727d1b92fbd01bc240361a968030c,2,AST-000852,PROTOTYPING/Multi Level Prototyping/therapy_bike2.jpg,PROTOTYPING,AST-000256,ALL/therapy_bike2.jpg,CANONICAL_SELECT(non-ALL; category=PROTOTYPING),68869
DUP-00256,a77e0fc81f1a4811041bf883560a5302ce764fd721f610a70d23f9dadae9da6f,2,AST-000417,MEDICAL/Therapy System/therapy_system-1.jpg,MEDICAL,AST-000257,ALL/therapy_system-1.jpg,CANONICAL_SELECT(non-ALL; category=MEDICAL),13906
DUP-00257,c60b864436f2194450967cd20cc57447c935f4e9ab78458798acb06c89cffb9f,2,AST-000418,MEDICAL/Therapy System/therapy_system-2.jpg,MEDICAL,AST-000258,ALL/therapy_system-2.jpg,CANONICAL_SELECT(non-ALL; category=MEDICAL),10130
DUP-00258,cf4032ef16fddb3425fe5d557cecd7a1fe406db6830cb59831696d425595c695,2,AST-000991,WEB DESIGN/Tutor My Kid/tmk.jpg,WEB DESIGN,AST-000259,ALL/tmk.jpg,CANONICAL_SELECT(non-ALL; category=WEB DESIGN),124597
DUP-00259,3a4972c1fe87d77320cf18e9cee33e9c8d25ecbdb23264088ac8082bd323490f,2,AST-000922,TRANSPORTATION/Aircraft Interior/transportation_2.jpg,TRANSPORTATION,AST-000260,ALL/transportation_2.jpg,CANONICAL_SELECT(non-ALL; category=TRANSPORTATION),107758
DUP-00260,04aaab344930f9da11e89f114050875ee818099f49beb1b3e1cf359e496c9eb1,2,AST-000350,CONSUMER ELECTRONICS/Universal Remote Control/universal_remote_control.jpg,CONSUMER ELECTRONICS,AST-000261,ALL/universal_remote_control.jpg,CANONICAL_SELECT(non-ALL; category=CONSUMER ELECTRONICS),126766
DUP-00261,5c23a730c47c2a224d7fd8ec070e08579205efeca04f7c813f9dd641ed44c0d3,2,AST-000351,CONSUMER ELECTRONICS/Video Player/video_player_1.jpg,CONSUMER ELECTRONICS,AST-000262,ALL/video_player_1.jpg,CANONICAL_SELECT(non-ALL; category=CONSUMER ELECTRONICS),21776
DUP-00262,71a9f47d46b6238afbac1aa01a3ed3b81da1f8d54c5edee3d51f6585201fa5dd,2,AST-000352,CONSUMER ELECTRONICS/Video Player/video_player_2.jpg,CONSUMER ELECTRONICS,AST-000263,ALL/video_player_2.jpg,CANONICAL_SELECT(non-ALL; category=CONSUMER ELECTRONICS),15303
DUP-00263,584f92f9091fcb5f4db6ba404d0a7a288681c4c74327c45728990b20137b24e9,2,AST-000841,OUTDOORS/Waterproof Case/waterproof_case-1.jpg,OUTDOORS,AST-000264,ALL/waterproof_case-1.jpg,CANONICAL_SELECT(non-ALL; category=OUTDOORS),33765
DUP-00264,9fb79a622cafef5b18631474ba820bb65d178e36fab0a1e2a1975489ac86f523,2,AST-000837,OUTDOORS/LED Street Light/windsor30.jpg,OUTDOORS,AST-000265,ALL/windsor30.jpg,CANONICAL_SELECT(non-ALL; category=OUTDOORS),69295
DUP-00265,6c38306a523999b2d60b01da002b1227bdeebbd39004205cd6dfb8b66eafffda,2,AST-000838,OUTDOORS/LED Street Light/windsor30_1.jpg,OUTDOORS,AST-000266,ALL/windsor30_1.jpg,CANONICAL_SELECT(non-ALL; category=OUTDOORS),22209
DUP-00266,571b4436ea8cbca9c3de17374643650ebb42d29505de4c41a908ac97bfda3e02,2,AST-000993,WEB DESIGN/Your Lucky Eye/your_lucky_eye.jpg,WEB DESIGN,AST-000267,ALL/your_lucky_eye.jpg,CANONICAL_SELECT(non-ALL; category=WEB DESIGN),99020
DUP-00267,b8462b6b63ede8cceb9ead2be731b2d9586b034c86eef9403cdcc912eed3c5f3,4,AST-000475,OLD/13 (2) - Copy - Copy.jpg,OLD,AST-000476; AST-000477; AST-000666,OLD/13 (2) - Copy.jpg; OLD/13 (2).jpg; OLD/OUTSOURCE 60/13 (2).jpg,CANONICAL_SELECT(non-ALL),7092927
DUP-00268,9a58ffac50a66970112b2128f8369de2a034a1416a314551231b6d029b50675f,3,AST-000479,OLD/14 - Copy - Copy.jpg,OLD,AST-000480; AST-000481,OLD/14 - Copy.jpg; OLD/14.jpg,CANONICAL_SELECT(non-ALL),4481058
DUP-00269,a912fede1139fe3d479df6c5273aa6d7c300519b65a57e115f8db639333fc17b,2,AST-000488,OLD/5.png,OLD,AST-000667,OLD/OUTSOURCE 60/5.png,CANONICAL_SELECT(non-ALL),9204916
DUP-00270,055a8edeaa5c8039ee06c6e73154228b4900ec14da990961c94484d92bb2810e,2,AST-000495,OLD/ADAGIO/1images.jpg,OLD,AST-000818,OLD/images.jpg,CANONICAL_SELECT(non-ALL),6263
DUP-00271,77926efaf21076ccd731a85a369a25f6e792f38828b18095a4a4d0cdd0fa9755,3,AST-000500,OLD/AIL-R020 - Copy - Copy.jpg,OLD,AST-000501; AST-000502,OLD/AIL-R020 - Copy.jpg; OLD/AIL-R020.jpg,CANONICAL_SELECT(non-ALL),757202
DUP-00272,3e0d76fea25561220a50274e4368ff6b0fbfa2317f0b2c638369c56f10723a3d,2,AST-000504,OLD/AIL-R028.JPG,OLD,AST-000668,OLD/OUTSOURCE 60/AIL-R028.JPG,CANONICAL_SELECT(non-ALL),1203204
DUP-00273,222ce18ea25cdf0dd90dff5597ac50ac1c9b21bce5f3f713c643015ef9e686a2,4,AST-000505,OLD/AIL-R029 - Copy - Copy.JPG,OLD,AST-000506; AST-000507; AST-000669,OLD/AIL-R029 - Copy.JPG; OLD/AIL-R029.JPG; OLD/OUTSOURCE 60/AIL-R029.JPG,CANONICAL_SELECT(non-ALL),815838
DUP-00274,9fe6354729ec01aa24e71957ba74800e50c1627cbdd30f9fb8ca0ea8cd1dba27,2,AST-000517,OLD/BIR-BELT-R038 - Copy.JPG,OLD,AST-000518,OLD/BIR-BELT-R038.JPG,CANONICAL_SELECT(non-ALL),304627
DUP-00275,dc9b9bb20274fd217cd7048239d2323ccbf26585814f73aa4a911c266345b0b6,2,AST-000519,OLD/BIR-ORTHO - Copy.jpg,OLD,AST-000520,OLD/BIR-ORTHO.jpg,CANONICAL_SELECT(non-ALL),736254
DUP-00276,3b2b3893405c77dd88c7def89a435dc01c5a4b3543f527d5bbef86adaf0caf25,2,AST-000521,OLD/BIR-R009 - Copy.jpg,OLD,AST-000522,OLD/BIR-R009.jpg,CANONICAL_SELECT(non-ALL),239771
DUP-00277,45a016f66fdabbaedf8e8bbedad5bd8f709ed11c73681f25b5b829c1eb898322,2,AST-000523,OLD/BIR-R087-2.jpg,OLD,AST-000670,OLD/OUTSOURCE 60/BIR-R087-2.jpg,CANONICAL_SELECT(non-ALL),190732
DUP-00278,36ac69ae6508684738c34d89594371b612b9b1b6f189105c54203b55dc175645,3,AST-000524,OLD/BIR-R096 - Copy.JPG,OLD,AST-000525; AST-000671,OLD/BIR-R096.JPG; OLD/OUTSOURCE 60/BIR-R096.JPG,CANONICAL_SELECT(non-ALL),1079454
DUP-00279,3926c7e14dcf36facbc3018130350d6e988eeb509d35da0032da941fb4a400ae,2,AST-000526,OLD/BIR-R108 - Copy.JPG,OLD,AST-000527,OLD/BIR-R108.JPG,CANONICAL_SELECT(non-ALL),1443243
DUP-00280,80b46e96e8e8e6bf124b06ff9b3106fdea5f99719db902ff1b96106430a6d47c,2,AST-000529,OLD/BLO-R027.jpg,OLD,AST-000672,OLD/OUTSOURCE 60/BLO-R027.jpg,CANONICAL_SELECT(non-ALL),990182
DUP-00281,c0d51ed3608a4bbde884e395c5610fccc9f3b95c52cdf4985431ba2009f12a0e,2,AST-000530,OLD/BLO-R029.jpg,OLD,AST-000673,OLD/OUTSOURCE 60/BLO-R029.jpg,CANONICAL_SELECT(non-ALL),1025647
DUP-00282,f089c1bd26d6b55f468ccf245e854013ebbe25ede69b097b7b8a02b7c55087b8,2,AST-000531,OLD/BLO-R032.jpg,OLD,AST-000674,OLD/OUTSOURCE 60/BLO-R032.jpg,CANONICAL_SELECT(non-ALL),1794222
DUP-00283,028f207d98b61d72777fcf7fd92426089eb90cb18495b7c779edea71f9e0f783,2,AST-000532,OLD/BLO-R035.jpg,OLD,AST-000675,OLD/OUTSOURCE 60/BLO-R035.jpg,CANONICAL_SELECT(non-ALL),823661
DUP-00284,17c7a13cdeb08acf789aba2c65c6bb920d0cdc88a2377a61cd68e931d58e5e50,2,AST-000533,OLD/BLO-R037.jpg,OLD,AST-000676,OLD/OUTSOURCE 60/BLO-R037.jpg,CANONICAL_SELECT(non-ALL),1054998
DUP-00285,e2978eeb3ac39b849c41576c935ddad8adb2cb026fb72d7527a0c9b0af172676,2,AST-000534,OLD/BLO-R039-2.jpg,OLD,AST-000677,OLD/OUTSOURCE 60/BLO-R039-2.jpg,CANONICAL_SELECT(non-ALL),336561
DUP-00286,ef2b2c67740bf4afcf209673f20b1bd80dec6d2af7f05c8b4b755e7d694a1a5d,2,AST-000535,OLD/BLO-R041-2.jpg,OLD,AST-000678,OLD/OUTSOURCE 60/BLO-R041-2.jpg,CANONICAL_SELECT(non-ALL),302966
DUP-00287,ea39507109e49871b47721acce7ed06d1edd31759ab2d7715147be92adbf806b,2,AST-000539,OLD/BMY-R001-8.jpg,OLD,AST-000679,OLD/OUTSOURCE 60/BMY-R001-8.jpg,CANONICAL_SELECT(non-ALL),1221441
DUP-00288,5529c36156fa57922ebec8a98a4021fcbcf6346b7f69bc4c997e74f99f399170,2,AST-000544,OLD/CAT-035.jpg,OLD,AST-000680,OLD/OUTSOURCE 60/CAT-035.jpg,CANONICAL_SELECT(non-ALL),818516
DUP-00289,f6318a0c463a2eceb9a43f2cb77e1b46bcc87aecf8b5d85c67af84df1798e322,2,AST-000552,OLD/COV-P047.jpg,OLD,AST-000681,OLD/OUTSOURCE 60/COV-P047.jpg,CANONICAL_SELECT(non-ALL),437851
DUP-00290,523ddf14c6de3eeb986fa64593fd049212dbe1a864dd8fc581f6478c7604b0c4,2,AST-000553,OLD/COV_0000_O15.jpg,OLD,AST-000682,OLD/OUTSOURCE 60/COV_0000_O15.jpg,CANONICAL_SELECT(non-ALL),1151499
DUP-00291,ba547d4c4e9135864217784f9b74b06ddba8c0208c57e15d68314ad677b7e348,2,AST-000559,OLD/DIR-R021.jpg,OLD,AST-000683,OLD/OUTSOURCE 60/DIR-R021.jpg,CANONICAL_SELECT(non-ALL),51931
DUP-00292,1bbab20b732424b46a9fbb2f20cb9cd52934d1a48c928ff719eb3b677e383ed4,2,AST-000562,OLD/DSCF0969.JPG,OLD,AST-000684,OLD/OUTSOURCE 60/DSCF0969.JPG,CANONICAL_SELECT(non-ALL),1358409
DUP-00293,a86c2b7ac9a99a2203b773307d54d4ba3cfb31f2a5ccaf245e614f94d3fb812a,2,AST-000563,OLD/DSC_0305.JPG,OLD,AST-000685,OLD/OUTSOURCE 60/DSC_0305.JPG,CANONICAL_SELECT(non-ALL),2511328
DUP-00294,02e18c789088d71046fee887fa0303cc5dca7229e99cf0b992b7c63e78e1e1da,2,AST-000564,OLD/DSC_0418.JPG,OLD,AST-000686,OLD/OUTSOURCE 60/DSC_0418.JPG,CANONICAL_SELECT(non-ALL),2743893
DUP-00295,e9eb5658066c222a0c1dc3d21dc008d3c02beb8b0b28ac631811c390ce2d17c1,2,AST-000565,OLD/ECH-R018.JPG,OLD,AST-000687,OLD/OUTSOURCE 60/ECH-R018.JPG,CANONICAL_SELECT(non-ALL),690871
DUP-00296,d732a68ee2e3c1f7752247b2e83042a61f07cb5c3e1b634be2e59284f836dc0d,2,AST-000566,OLD/ECH-R019.JPG,OLD,AST-000688,OLD/OUTSOURCE 60/ECH-R019.JPG,CANONICAL_SELECT(non-ALL),910127
DUP-00297,919931db83eb921787e9160138fac2fd12772cf3bb4e0335d8cb0823f88dc4a5,2,AST-000581,OLD/GLF-36.jpg,OLD,AST-000689,OLD/OUTSOURCE 60/GLF-36.jpg,CANONICAL_SELECT(non-ALL),540916
DUP-00298,088677e3720833ab6be1eab0d4394686be575335b5f186ab0823217c61ee77c0,2,AST-000584,OLD/GRO-R036-2.jpg,OLD,AST-000690,OLD/OUTSOURCE 60/GRO-R036-2.jpg,CANONICAL_SELECT(non-ALL),677570
DUP-00299,4e7b68f201edbeee66e4e79c23a4fd728760af04adb2adcc7f7059acdd4722f5,2,AST-000590,OLD/GSL-013-1.JPG,OLD,AST-000691,OLD/OUTSOURCE 60/GSL-013-1.JPG,CANONICAL_SELECT(non-ALL),1183420
DUP-00300,8f8ae7a675e3495e904bed3c8035f720a8df00a62d4ecfdf2783f63828e44c5c,2,AST-000591,OLD/GSL-014-1.JPG,OLD,AST-000692,OLD/OUTSOURCE 60/GSL-014-1.JPG,CANONICAL_SELECT(non-ALL),859611
DUP-00301,05eab0b98083ffd12ab7946ce0d907e618ce542853cefa91c4d864b595d56c73,2,AST-000595,OLD/GUN-R026-2.jpg,OLD,AST-000693,OLD/OUTSOURCE 60/GUN-R026-2.jpg,CANONICAL_SELECT(non-ALL),92703
DUP-00302,4bb590efe981151d14dcd3d5ea0f38a367fb7ab2218772478da4ba5f738afd5a,2,AST-000597,OLD/HED-P015a.jpg,OLD,AST-000694,OLD/OUTSOURCE 60/HED-P015a.jpg,CANONICAL_SELECT(non-ALL),621988
DUP-00303,4672b26e7f754d5948e7fc1191e7242a0aac29bf5b5c0c762af21ddc4cc0c445,2,AST-000598,OLD/HED-P016b.jpg,OLD,AST-000695,OLD/OUTSOURCE 60/HED-P016b.jpg,CANONICAL_SELECT(non-ALL),1311527
DUP-00304,0d963285f7337a97bd506e886692784d535129140feb8e5ffc5116c6948f7ee2,2,AST-000600,OLD/HED-P018a.jpg,OLD,AST-000696,OLD/OUTSOURCE 60/HED-P018a.jpg,CANONICAL_SELECT(non-ALL),741649
DUP-00305,20484ef55eb6b42f52240c2da37fd265c8475ebb040feae9b60557668a1c2e69,2,AST-000604,OLD/HED-R004.jpg,OLD,AST-000697,OLD/OUTSOURCE 60/HED-R004.jpg,CANONICAL_SELECT(non-ALL),772931
DUP-00306,61f084064593d3d5cafe857460f568fb31d07f8085eaa11d470e1ada230d291c,2,AST-000607,OLD/HPS-019.JPG,OLD,AST-000698,OLD/OUTSOURCE 60/HPS-019.JPG,CANONICAL_SELECT(non-ALL),677937
DUP-00307,5c9929bbe7675a425f4f3d61bc5b7fa18a63ea3366bd5be0d9d1058ea0453d07,2,AST-000611,OLD/HPS-031.jpg,OLD,AST-000699,OLD/OUTSOURCE 60/HPS-031.jpg,CANONICAL_SELECT(non-ALL),829280
DUP-00308,f8b5846843232f2c020e7cdee1cd626445f10eb3f7a925eba1e6ea702553d28c,2,AST-000612,OLD/HPS-032.jpg,OLD,AST-000700,OLD/OUTSOURCE 60/HPS-032.jpg,CANONICAL_SELECT(non-ALL),497001
DUP-00309,c2aa9a6a85f3d741cb8971863b93f9c8ee3fcec5bcf9b5e920d3ee577f476979,2,AST-000613,OLD/HPS-033.JPG,OLD,AST-000701,OLD/OUTSOURCE 60/HPS-033.JPG,CANONICAL_SELECT(non-ALL),1009485
DUP-00310,6069da92c014d343a75d104da20a057e8d9286db6f48171e9921d53d7f542714,2,AST-000614,OLD/HPS-034.jpg,OLD,AST-000702,OLD/OUTSOURCE 60/HPS-034.jpg,CANONICAL_SELECT(non-ALL),665791
DUP-00311,eac2fea168c9eb63e3e59f0bebd29a0a5a11116d4cf3822b1b4c5d3044b58ff9,2,AST-000638,OLD/IPM-001_BTD.jpg,OLD,AST-000703,OLD/OUTSOURCE 60/IPM-001_BTD.jpg,CANONICAL_SELECT(non-ALL),61615
DUP-00312,41e4960f32719890938be040e6c3d53218bf6cce815f24afbd02738e46eea48b,2,AST-000639,OLD/IPM-009_LR.JPG,OLD,AST-000704,OLD/OUTSOURCE 60/IPM-009_LR.JPG,CANONICAL_SELECT(non-ALL),207685
DUP-00313,4204c9dc057833485603633d8936dae7a8d2561704f2c34b3cdace3eadafb364,2,AST-000640,OLD/IPM-010_LR.JPG,OLD,AST-000705,OLD/OUTSOURCE 60/IPM-010_LR.JPG,CANONICAL_SELECT(non-ALL),1575297
DUP-00314,864d11087dce7f5e64cad686a91483b7aaf32a6655a0d417b5dbdbe4bc5021d2,2,AST-000642,OLD/IPM-1_LR.jpg,OLD,AST-000706,OLD/OUTSOURCE 60/IPM-1_LR.jpg,CANONICAL_SELECT(non-ALL),900051
DUP-00315,8a18eecc0384ff42c4c7e3df71e9134d273c6294d77d66e6d07d1dc406f6038b,2,AST-000643,OLD/IPM-2_LR.jpg,OLD,AST-000707,OLD/OUTSOURCE 60/IPM-2_LR.jpg,CANONICAL_SELECT(non-ALL),1722806
DUP-00316,ecfe2d662dc39f46fa3204d849d0ea1e2cf8718100751cd96eb0e22082afe64c,2,AST-000652,OLD/LAS-R045.JPG,OLD,AST-000708,OLD/OUTSOURCE 60/LAS-R045.JPG,CANONICAL_SELECT(non-ALL),634739
DUP-00317,2e05dc41938004f0e06e2f446bf747cd3b3898f87ad3f451b6b6337a289eb8e6,2,AST-000653,OLD/LAS-R046.JPG,OLD,AST-000709,OLD/OUTSOURCE 60/LAS-R046.JPG,CANONICAL_SELECT(non-ALL),151707
DUP-00318,16ca24de622de3bcadf467c02ab1b3d16bb4dfac844f6d787bdbf9bfe3c9d9c8,2,AST-000654,OLD/MCA-R022-2.jpg,OLD,AST-000710,OLD/OUTSOURCE 60/MCA-R022-2.jpg,CANONICAL_SELECT(non-ALL),561400
DUP-00319,96d2cfc6a93c4750db548268f169d8dd4c8d86b1837fe00fee0947d2ad6bb009,2,AST-000655,OLD/MCA-R027.jpg,OLD,AST-000711,OLD/OUTSOURCE 60/MCA-R027.jpg,CANONICAL_SELECT(non-ALL),197938
DUP-00320,0d47b70e171d40dde4fedbb7fc3979dfd9559a6b2fe1024d349e061492aabe72,2,AST-000657,OLD/MCA-R032-2.jpg,OLD,AST-000712,OLD/OUTSOURCE 60/MCA-R032-2.jpg,CANONICAL_SELECT(non-ALL),1626773
DUP-00321,ea7ba4e0d0410bf8336c8d32a6801fa912089abb4c53bccf74c3138b0023911e,2,AST-000658,OLD/MCA-R033.jpg,OLD,AST-000713,OLD/OUTSOURCE 60/MCA-R033.jpg,CANONICAL_SELECT(non-ALL),2021807
DUP-00322,ff55b0214e43f10316dd0582e5fb874d3c579b2452bda31f5099b328315ff170,2,AST-000659,OLD/MCA-R034.jpg,OLD,AST-000714,OLD/OUTSOURCE 60/MCA-R034.jpg,CANONICAL_SELECT(non-ALL),1285722
DUP-00323,a567910afbb075c333b721d1db7f57945690a2b499325ac84b5f8595eff2bc98,2,AST-000660,OLD/MCA-R035.jpg,OLD,AST-000715,OLD/OUTSOURCE 60/MCA-R035.jpg,CANONICAL_SELECT(non-ALL),3210292
DUP-00324,e601c6f5d94fe281b318feec428fdf1d6c4d2b411157e4487210a78754a6e463,2,AST-000661,OLD/MEA-R001-51-2014-07-03.jpg,OLD,AST-000716,OLD/OUTSOURCE 60/MEA-R001-51-2014-07-03.jpg,CANONICAL_SELECT(non-ALL),390255
DUP-00325,efb8aa1b7576b92f00aaa77b799669b619d46f752248e2762f8dd567fd1f0a68,2,AST-000662,OLD/MEA-R001-52-2014-07-03.jpg,OLD,AST-000717,OLD/OUTSOURCE 60/MEA-R001-52-2014-07-03.jpg,CANONICAL_SELECT(non-ALL),413522
DUP-00326,4efaad9efe2f5183467fd5953509b7252a276bc349b8638f8125185c83135bfd,2,AST-000664,OLD/MEA-R001-62-2014-07-03.jpg,OLD,AST-000718,OLD/OUTSOURCE 60/MEA-R001-62-2014-07-03.jpg,CANONICAL_SELECT(non-ALL),1140880
DUP-00327,8a00814d4ee6732d23a63350604867bd55401be269d15251f8c2ec360279f1d3,3,AST-000720,OLD/OUTSOURCE 60/SHE-R021.jpg,OLD,AST-000748; AST-000749,OLD/SHE-R021 - Copy.jpg; OLD/SHE-R021.jpg,CANONICAL_SELECT(non-ALL),3548548
DUP-00328,0390e7f94f735c72a52699dd040cfa1715f177577c2443b7fca820907827f5fb,4,AST-000721,OLD/OUTSOURCE 60/SHE-R024.jpg,OLD,AST-000753; AST-000754; AST-000755,OLD/SHE-R024 - Copy - Copy.jpg; OLD/SHE-R024 - Copy.jpg; OLD/SHE-R024.jpg,CANONICAL_SELECT(non-ALL),5020254
DUP-00329,c456254ac2d8c6262d7d2f7cd22007fae76a89e4ca7f38d189898c8571121f54,2,AST-000722,OLD/OUTSOURCE 60/TRA-R109.jpg,OLD,AST-000770,OLD/TRA-R109.jpg,CANONICAL_SELECT(non-ALL),924434
DUP-00330,032b3e34d7be5534ab4769bd8075e592e22c70a011ca8e151714764489c5d84c,2,AST-000723,OLD/OUTSOURCE 60/TRA-R114.JPG,OLD,AST-000771,OLD/TRA-R114.JPG,CANONICAL_SELECT(non-ALL),381696
DUP-00331,2f31b3e3731a38066e1ae8e509ec4c4b7aacc22ba628212a415cb15aec2dfa7a,2,AST-000724,OLD/OUTSOURCE 60/TRA-R121.jpg,OLD,AST-000773,OLD/TRA-R121.jpg,CANONICAL_SELECT(non-ALL),437404
DUP-00332,7b3d08e78509cf6e54f22839130c9397fcf3bcf888424343307e60067462fcd3,2,AST-000725,OLD/OUTSOURCE 60/TRB-R086.jpg,OLD,AST-000775,OLD/TRB-R086.jpg,CANONICAL_SELECT(non-ALL),716151
DUP-00333,0b730be6c07e69609ba5ebea54cb0d87cb7f6432c59cf5ba4ca5794fa054a899,2,AST-000726,OLD/OUTSOURCE 60/TRB-R094.JPG,OLD,AST-000777,OLD/TRB-R094.JPG,CANONICAL_SELECT(non-ALL),161430
DUP-00334,75b86631ab308cfc80742f59051e34cc698a83e57bec28179f560124e6590d31,2,AST-000727,OLD/OUTSOURCE 60/TRC-R052.jpg,OLD,AST-000780,OLD/TRC-R052.jpg,CANONICAL_SELECT(non-ALL),1978274
DUP-00335,b4d10216e8dc844d83e2a35fbc4ebb76029162f140b3e3473bc41ec5616645dd,2,AST-000728,OLD/OUTSOURCE 60/TRD-R066-2.jpg,OLD,AST-000782,OLD/TRD-R066-2.jpg,CANONICAL_SELECT(non-ALL),141967
DUP-00336,7832cebd8e87f41759a95eaafd35ccf53c4f9d6c8f302138c203d06edabe6a11,3,AST-000729,OLD/OUTSOURCE 60/TRD-R067-2.jpg,OLD,AST-000783; AST-000784,OLD/TRD-R067-2 - Copy.jpg; OLD/TRD-R067-2.jpg,CANONICAL_SELECT(non-ALL),301840
DUP-00337,2fc7dc7dfd284ee6ff587fc3615018ae68fdd35e587fc240c74e835e7071c84c,2,AST-000730,OLD/OUTSOURCE 60/TRY-R026.jpg,OLD,AST-000787,OLD/TRY-R026.jpg,CANONICAL_SELECT(non-ALL),292061
DUP-00338,8df2d13c46096751991e0714bb51003982a46c9dbbd429964e8dc12a0eb4a6b3,2,AST-000731,OLD/OUTSOURCE 60/TRY-R032.jpg,OLD,AST-000788,OLD/TRY-R032.jpg,CANONICAL_SELECT(non-ALL),227398
DUP-00339,1205b4262e54de36f2351ab095c2fed0cdbb8f25afa6a5eeab2da4c084d42967,2,AST-000732,OLD/OUTSOURCE 60/TRY-R033.JPG,OLD,AST-000789,OLD/TRY-R033.JPG,CANONICAL_SELECT(non-ALL),1268186
DUP-00340,461b6ad8c7d032c48a33d8a280685286366deab06ef424d09cba9ea21e9bf1be,2,AST-000733,OLD/OUTSOURCE 60/TRY-R038.jpg,OLD,AST-000790,OLD/TRY-R038.jpg,CANONICAL_SELECT(non-ALL),276701
DUP-00341,2ad044513632196a7ce0149f15a934f9819ef54d4a3802506bbeffa4aa801597,2,AST-000734,OLD/OUTSOURCE 60/VEN-rendering.jpg,OLD,AST-000793,OLD/VEN-rendering.jpg,CANONICAL_SELECT(non-ALL),1572153
DUP-00342,b6c31f20a618ffd4197477343550c96a1acf3d68ccd6135a33b758602379d0c4,2,AST-000735,OLD/OUTSOURCE 60/VEN-rendering2.jpg,OLD,AST-000794,OLD/VEN-rendering2.jpg,CANONICAL_SELECT(non-ALL),2374296
DUP-00343,2a5ab6301540c23506eb791ad13f90f7f5bc29ca719f38552f6291d0e78add78,2,AST-000736,OLD/OUTSOURCE 60/VEN-rendering9.jpg,OLD,AST-000795,OLD/VEN-rendering9.jpg,CANONICAL_SELECT(non-ALL),483458
DUP-00344,ec1218f48023f31af876823b0304338925db33b717fa92b905f9466b1b19d8a4,2,AST-000737,OLD/OUTSOURCE 60/bot-002a.jpg,OLD,AST-000799,OLD/bot-002a.jpg,CANONICAL_SELECT(non-ALL),718916
DUP-00345,5894ea54427f36aa0fe8c6d54e2b8a3725a816e0f32b33cf00ead818f92b093d,2,AST-000738,OLD/OUTSOURCE 60/bot-004.jpg,OLD,AST-000800,OLD/bot-004.jpg,CANONICAL_SELECT(non-ALL),396784
DUP-00346,4faf3ed47faed1850d43b82d2a398e28a9b39d18bd86ea74c61109dc8ee43225,2,AST-000739,OLD/OUTSOURCE 60/carseat.jpg,OLD,AST-000803,OLD/carseat.jpg,CANONICAL_SELECT(non-ALL),2191098
DUP-00347,38c3e6546e72c20f77d47d6fae5f96ef30428724fc1b5c3f219014733f9e9330,2,AST-000740,OLD/OUTSOURCE 60/gun-p018.jpg,OLD,AST-000809,OLD/gun-p018.jpg,CANONICAL_SELECT(non-ALL),608885
DUP-00348,626d3e90c3ba03cd875f95c2178191f80b126deab2b6187917692d41b6287382,2,AST-000741,OLD/OUTSOURCE 60/gun-p021.jpg,OLD,AST-000811,OLD/gun-p021.jpg,CANONICAL_SELECT(non-ALL),465971
DUP-00349,d1ba180d98ac3deecf0fdb5eb78aaca26725be4997e7f1233c387d961d4aaf52,2,AST-000742,OLD/OUTSOURCE 60/gun-p023.jpg,OLD,AST-000812,OLD/gun-p023.jpg,CANONICAL_SELECT(non-ALL),507939
DUP-00350,3d6dbb726df315c99983bc1363056dc9dd6b49b5eca193344ae50c41a56ecb37,2,AST-000743,OLD/OUTSOURCE 60/gun-p047.jpg,OLD,AST-000813,OLD/gun-p047.jpg,CANONICAL_SELECT(non-ALL),709860
DUP-00351,5fac91cf05291af479a58ce813b65a17a6f2c71defdc31a92cddbab93b14bc4f,2,AST-000744,OLD/OUTSOURCE 60/ipm-008_LR.jpg,OLD,AST-000819,OLD/ipm-008_LR.jpg,CANONICAL_SELECT(non-ALL),1572515
DUP-00352,6da8e91a644b29fefeec66807f9c74ab9d7bafd60cddd62f286a2a381642d17a,2,AST-000745,OLD/OUTSOURCE 60/ipm-011_LR.jpg,OLD,AST-000820,OLD/ipm-011_LR.jpg,CANONICAL_SELECT(non-ALL),633182
DUP-00353,7b765293ce8b78a1d7e3e4f80870bdea7f14ea50934c141148e75371ceff092a,2,AST-000746,OLD/OUTSOURCE 60/unnamed.jpg,OLD,AST-000830,OLD/unnamed.jpg,CANONICAL_SELECT(non-ALL),793451
DUP-00354,77a4b067fb3eaabfe70e69533677d04c9e75d6735698cfb843ea22e6458f2b2f,3,AST-000750,OLD/SHE-R022 - Copy - Copy.jpg,OLD,AST-000751; AST-000752,OLD/SHE-R022 - Copy.jpg; OLD/SHE-R022.jpg,CANONICAL_SELECT(non-ALL),3232880
DUP-00355,4c6275defe600ec032793d9e41bba0ad04d8a92256fff0ad1178ea282ebdfcc3,2,AST-000785,OLD/TRD-R068-2 - Copy.jpg,OLD,AST-000786,OLD/TRD-R068-2.jpg,CANONICAL_SELECT(non-ALL),157937
DUP-00356,4e416e3e9c80b954b8d03cd26391097370409c9254f7e5a8e00608f696c369ba,2,AST-000872,SPEC/DBLL/AdobeStock_214657508.jpg,SPEC,AST-000873,SPEC/DBLL/AdobeStock_214657508_tmp14089,CANONICAL_SELECT(non-ALL; category=SPEC),6222119
DUP-00357,d3bd08060ce106bcc71562402cfa9f3cc9ecb9ef147f3db66d9ab90de85a018c,2,AST-000875,SPEC/DBLL/AdobeStock_268562538.jpg,SPEC,AST-000876,SPEC/DBLL/AdobeStock_268562538_tmp29848,CANONICAL_SELECT(non-ALL; category=SPEC),3563771
DUP-00358,41f68bf1a310c96e6f02fc77cab84e70ba8acef88d9ae4c3350b80a7da6f5fd5,2,AST-000976,VIDEO/42.mp4,VIDEO,AST-000977,VIDEO/42A.mp4,CANONICAL_SELECT(non-ALL; category=VIDEO),11694803
