local_project_id,project_name,category,evidence_level,total_assets,curated_assets,hero_count,feature_count,gallery_count,process_count,technical_count,final_product_media,process_media,engineering_media,prototype_media,manufacturing_media,video_media,visual_quality,identity_confidence,case_study_readiness,featured_candidate
PRJ-LOCAL-0001,Tamarack Country Club,ARCHITECTURE,LEVEL_1,10,10,0,10,0,0,0,ADEQUATE,NONE,NONE,NONE,NONE,NONE,WEAK,STRONG,PORTFOLIO_CARD_ONLY,FEATURE_CANDIDATE_B
PRJ-LOCAL-0002,Misquamicut Beach Club,ARCHITECTURE,LEVEL_1,4,4,0,4,0,0,0,ADEQUATE,NONE,NONE,NONE,NONE,NONE,WEAK,STRONG,PORTFOLIO_CARD_ONLY,FEATURE_CANDIDATE_B
PRJ-LOCAL-0003,Charlotte Office Interior,ARCHITECTURE,LEVEL_1,3,3,0,0,3,0,0,ADEQUATE,NONE,NONE,NONE,NONE,NONE,WEAK,STRONG,PORTFOLIO_CARD_ONLY,FEATURE_CANDIDATE_B
PRJ-LOCAL-0004,Convent of the Sacred Heart,ARCHITECTURE,LEVEL_1,3,3,0,0,3,0,0,ADEQUATE,NONE,NONE,NONE,NONE,NONE,WEAK,STRONG,PORTFOLIO_CARD_ONLY,FEATURE_CANDIDATE_B
PRJ-LOCAL-0005,Hayderabad Phase II Project,ARCHITECTURE,LEVEL_1,3,3,0,0,3,0,0,ADEQUATE,NONE,NONE,NONE,NONE,NONE,WEAK,STRONG,PORTFOLIO_CARD_ONLY,FEATURE_CANDIDATE_B
PRJ-LOCAL-0006,520 Madison Avenue NY,ARCHITECTURE,LEVEL_1,1,1,0,0,1,0,0,WEAK,NONE,NONE,NONE,NONE,NONE,WEAK,STRONG,PORTFOLIO_CARD_ONLY,SUPPORTING_PROJECT
PRJ-LOCAL-0010,Yacht Design Portfolio,TRANSPORTATION,LEVEL_2,16,16,0,0,16,0,0,ADEQUATE,NONE,NONE,NONE,NONE,NONE,WEAK,ADEQUATE,PORTFOLIO_CARD_ONLY,FEATURE_CANDIDATE_B
PRJ-LOCAL-0011,Aircraft Interior,TRANSPORTATION,LEVEL_1,2,2,0,0,2,0,0,WEAK,NONE,NONE,NONE,NONE,NONE,WEAK,STRONG,PORTFOLIO_CARD_ONLY,SUPPORTING_PROJECT
PRJ-LOCAL-0012,Dubai International Boat Show,TRANSPORTATION,LEVEL_1,3,3,0,0,3,0,0,ADEQUATE,NONE,NONE,NONE,NONE,NONE,WEAK,STRONG,PORTFOLIO_CARD_ONLY,FEATURE_CANDIDATE_B
PRJ-LOCAL-0020,SPON - SPOONY Smart Spoon,PRODUCT_DESIGN,LEVEL_1,15,15,0,15,0,0,0,ADEQUATE,NONE,NONE,NONE,NONE,NONE,WEAK,STRONG,PORTFOLIO_CARD_ONLY,FEATURE_CANDIDATE_B
PRJ-LOCAL-0021,DBLL - Adjustable Dumbbell,PRODUCT_DESIGN,LEVEL_1,15,8,0,8,0,0,0,ADEQUATE,NONE,NONE,NONE,NONE,NONE,WEAK,STRONG,PORTFOLIO_CARD_ONLY,FEATURE_CANDIDATE_B
PRJ-LOCAL-0022,RACK - Rackmount System,PRODUCT_DESIGN,LEVEL_1,7,7,0,7,0,0,0,ADEQUATE,NONE,NONE,NONE,NONE,NONE,WEAK,STRONG,PORTFOLIO_CARD_ONLY,FEATURE_CANDIDATE_B
PRJ-LOCAL-0023,VIRT,PRODUCT_DESIGN,LEVEL_1,1,1,0,1,0,0,0,WEAK,NONE,NONE,NONE,NONE,NONE,WEAK,STRONG,PORTFOLIO_CARD_ONLY,SUPPORTING_PROJECT
PRJ-LOCAL-0030,Crestron Adagio,CONSUMER_ELECTRONICS,LEVEL_1,7,7,0,2,5,0,0,WEAK,NONE,NONE,NONE,NONE,NONE,WEAK,STRONG,PORTFOLIO_CARD_ONLY,FEATURE_CANDIDATE_B
PRJ-LOCAL-0031,iPad Cover (IPM),CONSUMER_ELECTRONICS,LEVEL_2,6,3,0,0,3,0,0,ADEQUATE,NONE,NONE,NONE,NONE,NONE,WEAK,ADEQUATE,PORTFOLIO_CARD_ONLY,FEATURE_CANDIDATE_B
PRJ-LOCAL-0040,Medical Device Portfolio,MEDICAL,LEVEL_2,21,21,0,0,21,0,0,ADEQUATE,NONE,NONE,NONE,NONE,NONE,WEAK,ADEQUATE,PORTFOLIO_CARD_ONLY,FEATURE_CANDIDATE_B
PRJ-LOCAL-0050,Military/Defense Portfolio,MILITARY,LEVEL_2,32,30,0,0,30,0,0,ADEQUATE,NONE,NONE,NONE,NONE,NONE,WEAK,ADEQUATE,PORTFOLIO_CARD_ONLY,FEATURE_CANDIDATE_B
PRJ-LOCAL-0051,iaMedium (Dual Category),MILITARY,LEVEL_1,5,5,0,0,5,0,0,ADEQUATE,NONE,NONE,NONE,NONE,NONE,WEAK,STRONG,PORTFOLIO_CARD_ONLY,FEATURE_CANDIDATE_B
PRJ-LOCAL-0052,Finger-Print Scanner (Dual),COMMERCIAL,LEVEL_1,4,4,0,0,4,0,0,ADEQUATE,NONE,NONE,NONE,NONE,NONE,WEAK,STRONG,PORTFOLIO_CARD_ONLY,FEATURE_CANDIDATE_B
PRJ-LOCAL-0053,Flight Planner (Dual),MILITARY,LEVEL_1,4,4,0,0,4,0,0,ADEQUATE,NONE,NONE,NONE,NONE,NONE,WEAK,STRONG,PORTFOLIO_CARD_ONLY,FEATURE_CANDIDATE_B
PRJ-LOCAL-0054,Security Scanner (Dual),COMMERCIAL,LEVEL_1,4,4,0,0,4,0,0,ADEQUATE,NONE,NONE,NONE,NONE,NONE,WEAK,STRONG,PORTFOLIO_CARD_ONLY,FEATURE_CANDIDATE_B
PRJ-LOCAL-0060,Web Design Portfolio,WEB_DESIGN,LEVEL_2,10,10,0,0,10,0,0,ADEQUATE,NONE,NONE,NONE,NONE,NONE,WEAK,ADEQUATE,PORTFOLIO_CARD_ONLY,FEATURE_CANDIDATE_B
PRJ-LOCAL-0070,Graphic Design Portfolio,GRAPHIC,LEVEL_2,16,16,0,0,16,0,0,ADEQUATE,NONE,NONE,NONE,NONE,NONE,WEAK,ADEQUATE,PORTFOLIO_CARD_ONLY,FEATURE_CANDIDATE_B
PRJ-LOCAL-0080,Prototyping Capabilities,PROTOTYPING,LEVEL_2,18,8,0,0,0,8,0,NONE,ADEQUATE,NONE,NONE,NONE,NONE,WEAK,ADEQUATE,PORTFOLIO_CARD_ONLY,FEATURE_CANDIDATE_B
PRJ-LOCAL-0085,Commercial Products Portfolio,COMMERCIAL,LEVEL_2,10,10,0,0,10,0,0,ADEQUATE,NONE,NONE,NONE,NONE,NONE,WEAK,ADEQUATE,PORTFOLIO_CARD_ONLY,FEATURE_CANDIDATE_B
PRJ-LOCAL-0090,Consumer Electronics Portfolio,CONSUMER_ELECTRONICS,LEVEL_2,22,22,0,0,22,0,0,ADEQUATE,NONE,NONE,NONE,NONE,NONE,WEAK,ADEQUATE,PORTFOLIO_CARD_ONLY,FEATURE_CANDIDATE_B
PRJ-LOCAL-0091,Communication Devices Portfolio,COMMUNICATION,LEVEL_2,11,11,0,0,11,0,0,ADEQUATE,NONE,NONE,NONE,NONE,NONE,WEAK,ADEQUATE,PORTFOLIO_CARD_ONLY,FEATURE_CANDIDATE_B
PRJ-LOCAL-0092,Appliances Portfolio,APPLIANCES,LEVEL_2,11,11,0,0,11,0,0,ADEQUATE,NONE,NONE,NONE,NONE,NONE,WEAK,ADEQUATE,PORTFOLIO_CARD_ONLY,FEATURE_CANDIDATE_B
PRJ-LOCAL-0093,Home Goods Portfolio,HOME_GOODS,LEVEL_2,7,7,0,0,7,0,0,ADEQUATE,NONE,NONE,NONE,NONE,NONE,WEAK,ADEQUATE,PORTFOLIO_CARD_ONLY,FEATURE_CANDIDATE_B
PRJ-LOCAL-0094,Outdoor & Sports Portfolio,OUTDOORS_SPORTS,LEVEL_2,27,27,0,0,25,0,2,ADEQUATE,NONE,WEAK,NONE,NONE,NONE,WEAK,ADEQUATE,PORTFOLIO_CARD_ONLY,FEATURE_CANDIDATE_B
PRJ-LOCAL-0095,Industrial Equipment Portfolio,INDUSTRIAL,LEVEL_2,10,2,0,0,0,0,2,NONE,NONE,WEAK,NONE,NONE,NONE,WEAK,ADEQUATE,PORTFOLIO_CARD_ONLY,SUPPORTING_PROJECT
PRJ-LOCAL-0096,Kitchenware Portfolio,KITCHENWARE,LEVEL_2,10,10,0,0,10,0,0,ADEQUATE,NONE,NONE,NONE,NONE,NONE,WEAK,ADEQUATE,PORTFOLIO_CARD_ONLY,FEATURE_CANDIDATE_B
PRJ-LOCAL-0097,Toys & Juvenile Portfolio,TOYS_JUVENILE,LEVEL_2,3,3,0,0,3,0,0,ADEQUATE,NONE,NONE,NONE,NONE,NONE,WEAK,ADEQUATE,PORTFOLIO_CARD_ONLY,FEATURE_CANDIDATE_B
PRJ-LOCAL-0098,Ladder Rack,MISCELLANEOUS,LEVEL_1,2,2,0,0,2,0,0,WEAK,NONE,NONE,NONE,NONE,NONE,WEAK,STRONG,PORTFOLIO_CARD_ONLY,SUPPORTING_PROJECT
PRJ-LOCAL-0100,OUTSOURCE 60,MULTI_CLIENT,LEVEL_1,81,0,0,0,0,0,0,NONE,NONE,NONE,NONE,NONE,NONE,NONE,STRONG,ARCHIVE_ONLY,ARCHIVE
PRJ-LOCAL-0900,OLD Archive (Unclassified),ARCHIVE,LEVEL_4,277,0,0,0,0,0,0,NONE,NONE,NONE,NONE,NONE,NONE,NONE,WEAK,OWNER_INPUT_REQUIRED,ARCHIVE
PRJ-LOCAL-0901,ALL Root (Unique Only),AGGREGATE,LEVEL_4,267,0,0,0,0,0,0,NONE,NONE,NONE,NONE,NONE,NONE,NONE,WEAK,OWNER_INPUT_REQUIRED,ARCHIVE
