asset_id,filename,size_bytes,size_mb,size_tier,content_hint,potential_duplicate_group,source_folder,visual_review_status,identified_content,project_assignment,reel_candidate,reel_priority,notes
AST-000960,28a.mp4,26746593,25.51,LARGE,UNIDENTIFIED,,VIDEO,NOT_REVIEWED,,,,,
AST-000959,28.mp4,26165067,24.95,LARGE,UNIDENTIFIED,,VIDEO,NOT_REVIEWED,,,,,
AST-000971,38.mp4,18650449,17.79,LARGE,UNIDENTIFIED,,VIDEO,NOT_REVIEWED,,,,,
AST-000976,42.mp4,11694803,11.15,MEDIUM,UNIDENTIFIED,AST-000976|AST-000977,VIDEO,NOT_REVIEWED,,,,,
AST-000977,42A.mp4,11694803,11.15,MEDIUM,UNIDENTIFIED,AST-000976|AST-000977,VIDEO,NOT_REVIEWED,,,,,
AST-000966,33.mp4,9758859,9.31,MEDIUM,UNIDENTIFIED,,VIDEO,NOT_REVIEWED,,,,,
AST-000961,29.mp4,9158036,8.73,MEDIUM,UNIDENTIFIED,,VIDEO,NOT_REVIEWED,,,,,
AST-000965,32.mp4,7692770,7.34,MEDIUM,UNIDENTIFIED,,VIDEO,NOT_REVIEWED,,,,,
AST-000978,43.mp4,6959259,6.64,MEDIUM,UNIDENTIFIED,,VIDEO,NOT_REVIEWED,,,,,
AST-000967,34.mp4,6388819,6.09,MEDIUM,UNIDENTIFIED,,VIDEO,NOT_REVIEWED,,,,,
AST-000969,36.mp4,5792115,5.52,MEDIUM,UNIDENTIFIED,,VIDEO,NOT_REVIEWED,,,,,
AST-000980,6.mp4,5552422,5.3,MEDIUM,UNIDENTIFIED,,VIDEO,NOT_REVIEWED,,,,,
AST-000962,3.mp4,5234362,4.99,MEDIUM,UNIDENTIFIED,,VIDEO,NOT_REVIEWED,,,,,
AST-000956,25.mp4,5051454,4.82,MEDIUM,UNIDENTIFIED,,VIDEO,NOT_REVIEWED,,,,,
AST-000945,15.mp4,4790778,4.57,SMALL,UNIDENTIFIED,,VIDEO,NOT_REVIEWED,,,,,
AST-000968,35.mp4,4701147,4.48,SMALL,UNIDENTIFIED,,VIDEO,NOT_REVIEWED,,,,,
AST-000964,31.mp4,4560318,4.35,SMALL,UNIDENTIFIED,,VIDEO,NOT_REVIEWED,,,,,
AST-000983,9.mp4,4378251,4.18,SMALL,UNIDENTIFIED,,VIDEO,NOT_REVIEWED,,,,,
AST-000970,37.mp4,3776454,3.6,SMALL,UNIDENTIFIED,,VIDEO,NOT_REVIEWED,,,,,
AST-000973,4.mp4,3585090,3.42,SMALL,UNIDENTIFIED,,VIDEO,NOT_REVIEWED,,,,,
AST-000981,7.mp4,3571228,3.41,SMALL,UNIDENTIFIED,,VIDEO,NOT_REVIEWED,,,,,
AST-000963,30.mp4,3453458,3.29,SMALL,UNIDENTIFIED,,VIDEO,NOT_REVIEWED,,,,,
AST-000950,2.mp4,3405640,3.25,SMALL,UNIDENTIFIED,,VIDEO,NOT_REVIEWED,,,,,
AST-000939,1.mp4,3359094,3.2,SMALL,UNIDENTIFIED,,VIDEO,NOT_REVIEWED,,,,,
AST-000979,5.mp4,3237871,3.09,SMALL,UNIDENTIFIED,,VIDEO,NOT_REVIEWED,,,,,
AST-000953,22.mp4,3191827,3.04,SMALL,UNIDENTIFIED,,VIDEO,NOT_REVIEWED,,,,,
AST-000955,24.mp4,2824621,2.69,SMALL,UNIDENTIFIED,,VIDEO,NOT_REVIEWED,,,,,
AST-000954,23.mp4,2734091,2.61,SMALL,UNIDENTIFIED,,VIDEO,NOT_REVIEWED,,,,,
AST-000972,39.mp4,2304164,2.2,SMALL,UNIDENTIFIED,,VIDEO,NOT_REVIEWED,,,,,
AST-000975,41.mp4,2225971,2.12,SMALL,UNIDENTIFIED,,VIDEO,NOT_REVIEWED,,,,,
AST-000958,27.mp4,2189345,2.09,SMALL,UNIDENTIFIED,,VIDEO,NOT_REVIEWED,,,,,
AST-000952,21.mp4,2186540,2.09,SMALL,UNIDENTIFIED,,VIDEO,NOT_REVIEWED,,,,,
AST-000943,13.mp4,1936930,1.85,VERY_SMALL,UNIDENTIFIED,,VIDEO,NOT_REVIEWED,,,,,
AST-000951,20.mp4,1926419,1.84,VERY_SMALL,UNIDENTIFIED,,VIDEO,NOT_REVIEWED,,,,,
AST-000949,19.mp4,1844719,1.76,VERY_SMALL,UNIDENTIFIED,,VIDEO,NOT_REVIEWED,,,,,
AST-000982,8.mp4,1610133,1.54,VERY_SMALL,UNIDENTIFIED,,VIDEO,NOT_REVIEWED,,,,,
AST-000940,10.mp4,1591519,1.52,VERY_SMALL,UNIDENTIFIED,,VIDEO,NOT_REVIEWED,,,,,
AST-000942,12.mp4,1504444,1.43,VERY_SMALL,UNIDENTIFIED,,VIDEO,NOT_REVIEWED,,,,,
AST-000944,14.mp4,1486392,1.42,VERY_SMALL,UNIDENTIFIED,,VIDEO,NOT_REVIEWED,,,,,
AST-000957,26.mp4,1254957,1.2,VERY_SMALL,UNIDENTIFIED,,VIDEO,NOT_REVIEWED,,,,,
AST-000941,11.mp4,1128975,1.08,VERY_SMALL,UNIDENTIFIED,,VIDEO,NOT_REVIEWED,,,,,
AST-000974,40.mp4,1023920,0.98,VERY_SMALL,UNIDENTIFIED,,VIDEO,NOT_REVIEWED,,,,,
AST-000948,18.mp4,978490,0.93,VERY_SMALL,UNIDENTIFIED,,VIDEO,NOT_REVIEWED,,,,,
AST-000946,16.mp4,925147,0.88,VERY_SMALL,UNIDENTIFIED,,VIDEO,NOT_REVIEWED,,,,,
AST-000947,17.mp4,403967,0.39,VERY_SMALL,UNIDENTIFIED,,VIDEO,NOT_REVIEWED,,,,,
