asset_id,source_folder,source_filename,curation_class,visual_asset_type,quality_tier,website_readiness,local_project_id,project_name,migration_path,migration_filename,is_canonical_copy,duplicate_action,priority
AST-000293,Tamarack Country Club,TamarackCC1.jpg,FEATURE,FINAL_PRODUCT,TIER_4,NEEDS_RESTORE,PRJ-LOCAL-0001,Tamarack Country Club,media-migration/prj-local-0001-tamarack-country-club/prj-local-0001-tamarack-country-club_final-product_001.jpg,prj-local-0001-tamarack-country-club_final-product_001.jpg,YES,,P0
AST-000294,Tamarack Country Club,TamarackCC2.jpg,FEATURE,FINAL_PRODUCT,TIER_4,NEEDS_RESTORE,PRJ-LOCAL-0001,Tamarack Country Club,media-migration/prj-local-0001-tamarack-country-club/prj-local-0001-tamarack-country-club_final-product_002.jpg,prj-local-0001-tamarack-country-club_final-product_002.jpg,YES,,P0
AST-000295,Tamarack Country Club,TamarackCC3.jpg,FEATURE,FINAL_PRODUCT,TIER_4,NEEDS_RESTORE,PRJ-LOCAL-0001,Tamarack Country Club,media-migration/prj-local-0001-tamarack-country-club/prj-local-0001-tamarack-country-club_final-product_003.jpg,prj-local-0001-tamarack-country-club_final-product_003.jpg,YES,,P0
AST-000296,Tamarack Country Club,TamarackCC4.jpg,FEATURE,FINAL_PRODUCT,TIER_4,NEEDS_RESTORE,PRJ-LOCAL-0001,Tamarack Country Club,media-migration/prj-local-0001-tamarack-country-club/prj-local-0001-tamarack-country-club_final-product_004.jpg,prj-local-0001-tamarack-country-club_final-product_004.jpg,YES,,P0
AST-000297,Tamarack Country Club,TamarackCC5.jpg,FEATURE,FINAL_PRODUCT,TIER_4,NEEDS_RESTORE,PRJ-LOCAL-0001,Tamarack Country Club,media-migration/prj-local-0001-tamarack-country-club/prj-local-0001-tamarack-country-club_final-product_005.jpg,prj-local-0001-tamarack-country-club_final-product_005.jpg,YES,,P0
AST-000298,Tamarack Country Club,TamarackCountry.jpg,FEATURE,FINAL_PRODUCT,TIER_4,NEEDS_RESTORE,PRJ-LOCAL-0001,Tamarack Country Club,media-migration/prj-local-0001-tamarack-country-club/prj-local-0001-tamarack-country-club_final-product_006.jpg,prj-local-0001-tamarack-country-club_final-product_006.jpg,YES,,P0
AST-000299,Tamarack Country Club,tam-main-elevs-front.jpg,FEATURE,FINAL_PRODUCT,TIER_3,NEEDS_UPSCALE,PRJ-LOCAL-0001,Tamarack Country Club,media-migration/prj-local-0001-tamarack-country-club/prj-local-0001-tamarack-country-club_final-product_007.jpg,prj-local-0001-tamarack-country-club_final-product_007.jpg,YES,,P0
AST-000300,Tamarack Country Club,tam-main-elevs-side.jpg,FEATURE,FINAL_PRODUCT,TIER_3,NEEDS_UPSCALE,PRJ-LOCAL-0001,Tamarack Country Club,media-migration/prj-local-0001-tamarack-country-club/prj-local-0001-tamarack-country-club_final-product_008.jpg,prj-local-0001-tamarack-country-club_final-product_008.jpg,YES,,P0
AST-000301,Tamarack Pool House,TamarackPool.jpg,FEATURE,FINAL_PRODUCT,TIER_4,NEEDS_RESTORE,PRJ-LOCAL-0001,Tamarack Country Club,media-migration/prj-local-0001-tamarack-country-club/prj-local-0001-tamarack-country-club_final-product_009.jpg,prj-local-0001-tamarack-country-club_final-product_009.jpg,YES,,P0
AST-000302,Tamarack Pool House,TamarackPool1.jpg,FEATURE,FINAL_PRODUCT,TIER_4,NEEDS_RESTORE,PRJ-LOCAL-0001,Tamarack Country Club,media-migration/prj-local-0001-tamarack-country-club/prj-local-0001-tamarack-country-club_final-product_010.jpg,prj-local-0001-tamarack-country-club_final-product_010.jpg,YES,,P0
AST-000289,Misquamicut Beach Club,misquamicut.jpg,FEATURE,FINAL_PRODUCT,TIER_4,NEEDS_RESTORE,PRJ-LOCAL-0002,Misquamicut Beach Club,media-migration/prj-local-0002-misquamicut-beach-club/prj-local-0002-misquamicut-beach-club_final-product_001.jpg,prj-local-0002-misquamicut-beach-club_final-product_001.jpg,YES,,P0
AST-000290,Misquamicut Beach Club,misquamicut1.jpg,FEATURE,FINAL_PRODUCT,TIER_4,NEEDS_RESTORE,PRJ-LOCAL-0002,Misquamicut Beach Club,media-migration/prj-local-0002-misquamicut-beach-club/prj-local-0002-misquamicut-beach-club_final-product_002.jpg,prj-local-0002-misquamicut-beach-club_final-product_002.jpg,YES,,P0
AST-000291,Misquamicut Beach Club,misquamicut2.jpg,FEATURE,FINAL_PRODUCT,TIER_4,NEEDS_RESTORE,PRJ-LOCAL-0002,Misquamicut Beach Club,media-migration/prj-local-0002-misquamicut-beach-club/prj-local-0002-misquamicut-beach-club_final-product_003.jpg,prj-local-0002-misquamicut-beach-club_final-product_003.jpg,YES,,P0
AST-000292,Misquamicut Beach Club,misquamicut3.jpg,FEATURE,FINAL_PRODUCT,TIER_4,NEEDS_RESTORE,PRJ-LOCAL-0002,Misquamicut Beach Club,media-migration/prj-local-0002-misquamicut-beach-club/prj-local-0002-misquamicut-beach-club_final-product_004.jpg,prj-local-0002-misquamicut-beach-club_final-product_004.jpg,YES,,P0
AST-000280,Charlotte Office Interior,Charlotte  photos 11-20-09 084 (2).jpg,GALLERY,FINAL_PRODUCT,TIER_4,NEEDS_RESTORE,PRJ-LOCAL-0003,Charlotte Office Interior,media-migration/prj-local-0003-charlotte-office-interior/prj-local-0003-charlotte-office-interior_final-product_001.jpg,prj-local-0003-charlotte-office-interior_final-product_001.jpg,YES,,P1
AST-000281,Charlotte Office Interior,Charlotte  photos 11-20-09 087 (2).jpg,GALLERY,FINAL_PRODUCT,TIER_4,NEEDS_RESTORE,PRJ-LOCAL-0003,Charlotte Office Interior,media-migration/prj-local-0003-charlotte-office-interior/prj-local-0003-charlotte-office-interior_final-product_002.jpg,prj-local-0003-charlotte-office-interior_final-product_002.jpg,YES,,P1
AST-000282,Charlotte Office Interior,Charlotte  photos 11-20-09 092 (2).jpg,GALLERY,FINAL_PRODUCT,TIER_4,NEEDS_RESTORE,PRJ-LOCAL-0003,Charlotte Office Interior,media-migration/prj-local-0003-charlotte-office-interior/prj-local-0003-charlotte-office-interior_final-product_003.jpg,prj-local-0003-charlotte-office-interior_final-product_003.jpg,YES,,P1
AST-000283,Convent of the Sacred Heart,Sacred Heart-1.jpg,GALLERY,FINAL_PRODUCT,TIER_4,NEEDS_RESTORE,PRJ-LOCAL-0004,Convent of the Sacred Heart,media-migration/prj-local-0004-convent-of-the-sacred-hea/prj-local-0004-convent-of-the-sacred-hea_final-product_001.jpg,prj-local-0004-convent-of-the-sacred-hea_final-product_001.jpg,YES,,P1
AST-000284,Convent of the Sacred Heart,SacredHeart.jpg,GALLERY,FINAL_PRODUCT,TIER_4,NEEDS_RESTORE,PRJ-LOCAL-0004,Convent of the Sacred Heart,media-migration/prj-local-0004-convent-of-the-sacred-hea/prj-local-0004-convent-of-the-sacred-hea_final-product_002.jpg,prj-local-0004-convent-of-the-sacred-hea_final-product_002.jpg,YES,,P1
AST-000285,Convent of the Sacred Heart,SacredHeart3.jpg,GALLERY,FINAL_PRODUCT,TIER_4,NEEDS_RESTORE,PRJ-LOCAL-0004,Convent of the Sacred Heart,media-migration/prj-local-0004-convent-of-the-sacred-hea/prj-local-0004-convent-of-the-sacred-hea_final-product_003.jpg,prj-local-0004-convent-of-the-sacred-hea_final-product_003.jpg,YES,,P1
AST-000286,Hayderabad Phase II Project,Haydar1.jpg,GALLERY,FINAL_PRODUCT,TIER_4,NEEDS_RESTORE,PRJ-LOCAL-0005,Hayderabad Phase II Project,media-migration/prj-local-0005-hayderabad-phase-ii-proje/prj-local-0005-hayderabad-phase-ii-proje_final-product_001.jpg,prj-local-0005-hayderabad-phase-ii-proje_final-product_001.jpg,YES,,P1
AST-000287,Hayderabad Phase II Project,Haydar2.jpg,GALLERY,FINAL_PRODUCT,TIER_4,NEEDS_RESTORE,PRJ-LOCAL-0005,Hayderabad Phase II Project,media-migration/prj-local-0005-hayderabad-phase-ii-proje/prj-local-0005-hayderabad-phase-ii-proje_final-product_002.jpg,prj-local-0005-hayderabad-phase-ii-proje_final-product_002.jpg,YES,,P1
AST-000288,Hayderabad Phase II Project,Haydar3.jpg,GALLERY,FINAL_PRODUCT,TIER_4,NEEDS_RESTORE,PRJ-LOCAL-0005,Hayderabad Phase II Project,media-migration/prj-local-0005-hayderabad-phase-ii-proje/prj-local-0005-hayderabad-phase-ii-proje_final-product_003.jpg,prj-local-0005-hayderabad-phase-ii-proje_final-product_003.jpg,YES,,P1
AST-000279,520 Madison Avenue NY,DSC02427.JPG,GALLERY,FINAL_PRODUCT,TIER_4,NEEDS_RESTORE,PRJ-LOCAL-0006,520 Madison Avenue NY,media-migration/prj-local-0006-520-madison-avenue-ny/prj-local-0006-520-madison-avenue-ny_final-product_001.jpg,prj-local-0006-520-madison-avenue-ny_final-product_001.jpg,YES,,P1
AST-000923,Boat Profile,profile.jpg,GALLERY,CONCEPT_RENDER,TIER_4,NEEDS_RESTORE,PRJ-LOCAL-0010,Yacht Design Portfolio,media-migration/prj-local-0010-yacht-design-portfolio/prj-local-0010-yacht-design-portfolio_concept-render_001.jpg,prj-local-0010-yacht-design-portfolio_concept-render_001.jpg,YES,,P1
AST-000924,Boat Profile,profile_2.jpg,GALLERY,CONCEPT_RENDER,TIER_4,NEEDS_RESTORE,PRJ-LOCAL-0010,Yacht Design Portfolio,media-migration/prj-local-0010-yacht-design-portfolio/prj-local-0010-yacht-design-portfolio_concept-render_002.jpg,prj-local-0010-yacht-design-portfolio_concept-render_002.jpg,YES,,P1
AST-000925,Catamaran,Catamaran-1.jpg,GALLERY,CONCEPT_RENDER,TIER_4,NEEDS_RESTORE,PRJ-LOCAL-0010,Yacht Design Portfolio,media-migration/prj-local-0010-yacht-design-portfolio/prj-local-0010-yacht-design-portfolio_concept-render_003.jpg,prj-local-0010-yacht-design-portfolio_concept-render_003.jpg,YES,,P1
AST-000926,Catamaran,Catamaran-2.jpg,GALLERY,CONCEPT_RENDER,TIER_4,NEEDS_RESTORE,PRJ-LOCAL-0010,Yacht Design Portfolio,media-migration/prj-local-0010-yacht-design-portfolio/prj-local-0010-yacht-design-portfolio_concept-render_004.jpg,prj-local-0010-yacht-design-portfolio_concept-render_004.jpg,YES,,P1
AST-000927,Diamond,Diamond-1.jpg,GALLERY,CONCEPT_RENDER,TIER_4,NEEDS_RESTORE,PRJ-LOCAL-0010,Yacht Design Portfolio,media-migration/prj-local-0010-yacht-design-portfolio/prj-local-0010-yacht-design-portfolio_concept-render_005.jpg,prj-local-0010-yacht-design-portfolio_concept-render_005.jpg,YES,,P1
AST-000928,Diamond,Diamond-2.jpg,GALLERY,CONCEPT_RENDER,TIER_4,NEEDS_RESTORE,PRJ-LOCAL-0010,Yacht Design Portfolio,media-migration/prj-local-0010-yacht-design-portfolio/prj-local-0010-yacht-design-portfolio_concept-render_006.jpg,prj-local-0010-yacht-design-portfolio_concept-render_006.jpg,YES,,P1
AST-000929,Hydra,Hydra-1.jpg,GALLERY,CONCEPT_RENDER,TIER_4,NEEDS_RESTORE,PRJ-LOCAL-0010,Yacht Design Portfolio,media-migration/prj-local-0010-yacht-design-portfolio/prj-local-0010-yacht-design-portfolio_concept-render_007.jpg,prj-local-0010-yacht-design-portfolio_concept-render_007.jpg,YES,,P1
AST-000930,Hydra,Hydra-2.jpg,GALLERY,CONCEPT_RENDER,TIER_4,NEEDS_RESTORE,PRJ-LOCAL-0010,Yacht Design Portfolio,media-migration/prj-local-0010-yacht-design-portfolio/prj-local-0010-yacht-design-portfolio_concept-render_008.jpg,prj-local-0010-yacht-design-portfolio_concept-render_008.jpg,YES,,P1
AST-000931,Luxury Yacht,Luxury_Yacht-1.jpg,GALLERY,CONCEPT_RENDER,TIER_4,NEEDS_RESTORE,PRJ-LOCAL-0010,Yacht Design Portfolio,media-migration/prj-local-0010-yacht-design-portfolio/prj-local-0010-yacht-design-portfolio_concept-render_009.jpg,prj-local-0010-yacht-design-portfolio_concept-render_009.jpg,YES,,P1
AST-000932,Luxury Yacht,Luxury_Yacht-2.jpg,GALLERY,CONCEPT_RENDER,TIER_4,NEEDS_RESTORE,PRJ-LOCAL-0010,Yacht Design Portfolio,media-migration/prj-local-0010-yacht-design-portfolio/prj-local-0010-yacht-design-portfolio_concept-render_010.jpg,prj-local-0010-yacht-design-portfolio_concept-render_010.jpg,YES,,P1
AST-000933,Mega Yacht,Mega Yacht-1.jpg,GALLERY,CONCEPT_RENDER,TIER_4,NEEDS_RESTORE,PRJ-LOCAL-0010,Yacht Design Portfolio,media-migration/prj-local-0010-yacht-design-portfolio/prj-local-0010-yacht-design-portfolio_concept-render_011.jpg,prj-local-0010-yacht-design-portfolio_concept-render_011.jpg,YES,,P1
AST-000934,Mega Yacht,Mega Yacht-2.jpg,GALLERY,CONCEPT_RENDER,TIER_4,NEEDS_RESTORE,PRJ-LOCAL-0010,Yacht Design Portfolio,media-migration/prj-local-0010-yacht-design-portfolio/prj-local-0010-yacht-design-portfolio_concept-render_012.jpg,prj-local-0010-yacht-design-portfolio_concept-render_012.jpg,YES,,P1
AST-000935,Super Yacht,Super_Yacht-1.jpg,GALLERY,CONCEPT_RENDER,TIER_4,NEEDS_RESTORE,PRJ-LOCAL-0010,Yacht Design Portfolio,media-migration/prj-local-0010-yacht-design-portfolio/prj-local-0010-yacht-design-portfolio_concept-render_013.jpg,prj-local-0010-yacht-design-portfolio_concept-render_013.jpg,YES,,P1
AST-000936,Super Yacht,Super_Yacht-2.jpg,GALLERY,CONCEPT_RENDER,TIER_4,NEEDS_RESTORE,PRJ-LOCAL-0010,Yacht Design Portfolio,media-migration/prj-local-0010-yacht-design-portfolio/prj-local-0010-yacht-design-portfolio_concept-render_014.jpg,prj-local-0010-yacht-design-portfolio_concept-render_014.jpg,YES,,P1
AST-000937,Yacht Interior,Yacht_Interior-1.jpg,GALLERY,CONCEPT_RENDER,TIER_4,NEEDS_RESTORE,PRJ-LOCAL-0010,Yacht Design Portfolio,media-migration/prj-local-0010-yacht-design-portfolio/prj-local-0010-yacht-design-portfolio_concept-render_015.jpg,prj-local-0010-yacht-design-portfolio_concept-render_015.jpg,YES,,P1
AST-000938,Yacht Interior,Yacht_Interior-2.jpg,GALLERY,CONCEPT_RENDER,TIER_4,NEEDS_RESTORE,PRJ-LOCAL-0010,Yacht Design Portfolio,media-migration/prj-local-0010-yacht-design-portfolio/prj-local-0010-yacht-design-portfolio_concept-render_016.jpg,prj-local-0010-yacht-design-portfolio_concept-render_016.jpg,YES,,P1
AST-000921,Aircraft Interior,Transportation_img.jpg,GALLERY,CONCEPT_RENDER,TIER_4,NEEDS_RESTORE,PRJ-LOCAL-0011,Aircraft Interior,media-migration/prj-local-0011-aircraft-interior/prj-local-0011-aircraft-interior_concept-render_001.jpg,prj-local-0011-aircraft-interior_concept-render_001.jpg,YES,,P1
AST-000922,Aircraft Interior,transportation_2.jpg,GALLERY,CONCEPT_RENDER,TIER_4,NEEDS_RESTORE,PRJ-LOCAL-0011,Aircraft Interior,media-migration/prj-local-0011-aircraft-interior/prj-local-0011-aircraft-interior_concept-render_002.jpg,prj-local-0011-aircraft-interior_concept-render_002.jpg,YES,,P1
AST-000461,Dubai International Boat Show,dubai_boat_show1.jpg,GALLERY,FINAL_PRODUCT,TIER_4,NEEDS_RESTORE,PRJ-LOCAL-0012,Dubai International Boat Show,media-migration/prj-local-0012-dubai-international-boat-/prj-local-0012-dubai-international-boat-_final-product_001.jpg,prj-local-0012-dubai-international-boat-_final-product_001.jpg,YES,,P1
AST-000462,Dubai International Boat Show,dubai_boat_show2.jpg,GALLERY,FINAL_PRODUCT,TIER_4,NEEDS_RESTORE,PRJ-LOCAL-0012,Dubai International Boat Show,media-migration/prj-local-0012-dubai-international-boat-/prj-local-0012-dubai-international-boat-_final-product_002.jpg,prj-local-0012-dubai-international-boat-_final-product_002.jpg,YES,,P1
AST-000463,Dubai International Boat Show,dubai_boat_show3.jpg,GALLERY,FINAL_PRODUCT,TIER_4,NEEDS_RESTORE,PRJ-LOCAL-0012,Dubai International Boat Show,media-migration/prj-local-0012-dubai-international-boat-/prj-local-0012-dubai-international-boat-_final-product_003.jpg,prj-local-0012-dubai-international-boat-_final-product_003.jpg,YES,,P1
AST-000890,A,248527da-fefa-4432-83d7-f2a41307cacc.jpg,FEATURE,CONCEPT_RENDER,TIER_3,NEEDS_UPSCALE,PRJ-LOCAL-0020,SPON - SPOONY Smart Spoon,media-migration/prj-local-0020-spon-spoony-smart-spoon/prj-local-0020-spon-spoony-smart-spoon_concept-render_001.jpg,prj-local-0020-spon-spoony-smart-spoon_concept-render_001.jpg,YES,,P0
AST-000891,A,2edfa118-40b3-40e2-842a-5bfa83d56a20.jpg,FEATURE,CONCEPT_RENDER,TIER_3,NEEDS_UPSCALE,PRJ-LOCAL-0020,SPON - SPOONY Smart Spoon,media-migration/prj-local-0020-spon-spoony-smart-spoon/prj-local-0020-spon-spoony-smart-spoon_concept-render_002.jpg,prj-local-0020-spon-spoony-smart-spoon_concept-render_002.jpg,YES,,P0
AST-000893,A,47c0b82e-3d94-497e-a75b-8510ab2737d8.jpg,FEATURE,CONCEPT_RENDER,TIER_3,NEEDS_UPSCALE,PRJ-LOCAL-0020,SPON - SPOONY Smart Spoon,media-migration/prj-local-0020-spon-spoony-smart-spoon/prj-local-0020-spon-spoony-smart-spoon_concept-render_003.jpg,prj-local-0020-spon-spoony-smart-spoon_concept-render_003.jpg,YES,,P0
AST-000886,SPON,0a1204ff-86f3-44b1-970e-cfb8c883a9bc.jpg,FEATURE,FINAL_PRODUCT,TIER_3,NEEDS_UPSCALE,PRJ-LOCAL-0020,SPON - SPOONY Smart Spoon,media-migration/prj-local-0020-spon-spoony-smart-spoon/prj-local-0020-spon-spoony-smart-spoon_final-product_001.jpg,prj-local-0020-spon-spoony-smart-spoon_final-product_001.jpg,YES,,P0
AST-000887,A,07964f5d-d6ef-420c-9a52-e91f97349dfb.jpg,FEATURE,FINAL_PRODUCT,TIER_3,NEEDS_UPSCALE,PRJ-LOCAL-0020,SPON - SPOONY Smart Spoon,media-migration/prj-local-0020-spon-spoony-smart-spoon/prj-local-0020-spon-spoony-smart-spoon_final-product_002.jpg,prj-local-0020-spon-spoony-smart-spoon_final-product_002.jpg,YES,,P0
AST-000888,A,09e72b74-6f40-4a4d-afd6-9fe4d0d10936.jpg,FEATURE,FINAL_PRODUCT,TIER_3,NEEDS_UPSCALE,PRJ-LOCAL-0020,SPON - SPOONY Smart Spoon,media-migration/prj-local-0020-spon-spoony-smart-spoon/prj-local-0020-spon-spoony-smart-spoon_final-product_003.jpg,prj-local-0020-spon-spoony-smart-spoon_final-product_003.jpg,YES,,P0
AST-000889,A,1bad19be-c681-44e1-b684-ed5592c44a15.jpg,FEATURE,FINAL_PRODUCT,TIER_3,NEEDS_UPSCALE,PRJ-LOCAL-0020,SPON - SPOONY Smart Spoon,media-migration/prj-local-0020-spon-spoony-smart-spoon/prj-local-0020-spon-spoony-smart-spoon_final-product_004.jpg,prj-local-0020-spon-spoony-smart-spoon_final-product_004.jpg,YES,,P0
AST-000892,A,34b26467-fb16-4c55-a506-090be4239985.jpg,FEATURE,FINAL_PRODUCT,TIER_3,NEEDS_UPSCALE,PRJ-LOCAL-0020,SPON - SPOONY Smart Spoon,media-migration/prj-local-0020-spon-spoony-smart-spoon/prj-local-0020-spon-spoony-smart-spoon_final-product_005.jpg,prj-local-0020-spon-spoony-smart-spoon_final-product_005.jpg,YES,,P0
AST-000894,A,565828ca-64ae-44cc-9ef3-fd3fde21daac.jpg,FEATURE,FINAL_PRODUCT,TIER_3,NEEDS_UPSCALE,PRJ-LOCAL-0020,SPON - SPOONY Smart Spoon,media-migration/prj-local-0020-spon-spoony-smart-spoon/prj-local-0020-spon-spoony-smart-spoon_final-product_006.jpg,prj-local-0020-spon-spoony-smart-spoon_final-product_006.jpg,YES,,P0
AST-000895,A,6374c322-53c8-4e11-88d4-9b20e74947dd.jpg,FEATURE,FINAL_PRODUCT,TIER_3,NEEDS_UPSCALE,PRJ-LOCAL-0020,SPON - SPOONY Smart Spoon,media-migration/prj-local-0020-spon-spoony-smart-spoon/prj-local-0020-spon-spoony-smart-spoon_final-product_007.jpg,prj-local-0020-spon-spoony-smart-spoon_final-product_007.jpg,YES,,P0
AST-000896,A,81134d30-b341-4e59-bc7f-054f37c7c88b.jpg,FEATURE,FINAL_PRODUCT,TIER_3,NEEDS_UPSCALE,PRJ-LOCAL-0020,SPON - SPOONY Smart Spoon,media-migration/prj-local-0020-spon-spoony-smart-spoon/prj-local-0020-spon-spoony-smart-spoon_final-product_008.jpg,prj-local-0020-spon-spoony-smart-spoon_final-product_008.jpg,YES,,P0
AST-000897,A,SPOONY-THUMBNAIL.png,FEATURE,FINAL_PRODUCT,TIER_3,NEEDS_UPSCALE,PRJ-LOCAL-0020,SPON - SPOONY Smart Spoon,media-migration/prj-local-0020-spon-spoony-smart-spoon/prj-local-0020-spon-spoony-smart-spoon_final-product_009.png,prj-local-0020-spon-spoony-smart-spoon_final-product_009.png,YES,,P0
AST-000898,A,bf46d228-b42d-43ce-99fc-bb67b210bb79.jpg,FEATURE,FINAL_PRODUCT,TIER_3,NEEDS_UPSCALE,PRJ-LOCAL-0020,SPON - SPOONY Smart Spoon,media-migration/prj-local-0020-spon-spoony-smart-spoon/prj-local-0020-spon-spoony-smart-spoon_final-product_010.jpg,prj-local-0020-spon-spoony-smart-spoon_final-product_010.jpg,YES,,P0
AST-000899,A,cd21d58b-5d21-41a8-9677-5993cf521e35.jpg,FEATURE,FINAL_PRODUCT,TIER_3,NEEDS_UPSCALE,PRJ-LOCAL-0020,SPON - SPOONY Smart Spoon,media-migration/prj-local-0020-spon-spoony-smart-spoon/prj-local-0020-spon-spoony-smart-spoon_final-product_011.jpg,prj-local-0020-spon-spoony-smart-spoon_final-product_011.jpg,YES,,P0
AST-000900,A,da673554-c904-4aed-b6c8-d73372a196b7.jpg,FEATURE,FINAL_PRODUCT,TIER_3,NEEDS_UPSCALE,PRJ-LOCAL-0020,SPON - SPOONY Smart Spoon,media-migration/prj-local-0020-spon-spoony-smart-spoon/prj-local-0020-spon-spoony-smart-spoon_final-product_012.jpg,prj-local-0020-spon-spoony-smart-spoon_final-product_012.jpg,YES,,P0
AST-000864,DBLL,123_design_blog_new_products_DUMB_BELL_(1).jpg,FEATURE,FINAL_PRODUCT,TIER_3,NEEDS_UPSCALE,PRJ-LOCAL-0021,DBLL - Adjustable Dumbbell,media-migration/prj-local-0021-dbll-adjustable-dumbbell/prj-local-0021-dbll-adjustable-dumbbell_final-product_001.jpg,prj-local-0021-dbll-adjustable-dumbbell_final-product_001.jpg,YES,,P0
AST-000865,DBLL,123_design_blog_new_products_DUMB_BELL_(2).jpg,FEATURE,FINAL_PRODUCT,TIER_3,NEEDS_UPSCALE,PRJ-LOCAL-0021,DBLL - Adjustable Dumbbell,media-migration/prj-local-0021-dbll-adjustable-dumbbell/prj-local-0021-dbll-adjustable-dumbbell_final-product_002.jpg,prj-local-0021-dbll-adjustable-dumbbell_final-product_002.jpg,YES,,P0
AST-000866,DBLL,123_design_blog_new_products_DUMB_BELL_(3).jpg,FEATURE,FINAL_PRODUCT,TIER_3,NEEDS_UPSCALE,PRJ-LOCAL-0021,DBLL - Adjustable Dumbbell,media-migration/prj-local-0021-dbll-adjustable-dumbbell/prj-local-0021-dbll-adjustable-dumbbell_final-product_003.jpg,prj-local-0021-dbll-adjustable-dumbbell_final-product_003.jpg,YES,,P0
AST-000867,DBLL,123_design_blog_new_products_DUMB_BELL_(4).jpg,FEATURE,FINAL_PRODUCT,TIER_3,NEEDS_UPSCALE,PRJ-LOCAL-0021,DBLL - Adjustable Dumbbell,media-migration/prj-local-0021-dbll-adjustable-dumbbell/prj-local-0021-dbll-adjustable-dumbbell_final-product_004.jpg,prj-local-0021-dbll-adjustable-dumbbell_final-product_004.jpg,YES,,P0
AST-000868,DBLL,123_design_blog_new_products_DUMB_BELL_(5).jpg,FEATURE,FINAL_PRODUCT,TIER_3,NEEDS_UPSCALE,PRJ-LOCAL-0021,DBLL - Adjustable Dumbbell,media-migration/prj-local-0021-dbll-adjustable-dumbbell/prj-local-0021-dbll-adjustable-dumbbell_final-product_005.jpg,prj-local-0021-dbll-adjustable-dumbbell_final-product_005.jpg,YES,,P0
AST-000869,DBLL,123_design_blog_new_products_DUMB_BELL_(6).jpg,FEATURE,FINAL_PRODUCT,TIER_3,NEEDS_UPSCALE,PRJ-LOCAL-0021,DBLL - Adjustable Dumbbell,media-migration/prj-local-0021-dbll-adjustable-dumbbell/prj-local-0021-dbll-adjustable-dumbbell_final-product_006.jpg,prj-local-0021-dbll-adjustable-dumbbell_final-product_006.jpg,YES,,P0
AST-000870,DBLL,123_design_blog_new_products_DUMB_BELL_icon.jpg,FEATURE,FINAL_PRODUCT,TIER_3,NEEDS_UPSCALE,PRJ-LOCAL-0021,DBLL - Adjustable Dumbbell,media-migration/prj-local-0021-dbll-adjustable-dumbbell/prj-local-0021-dbll-adjustable-dumbbell_final-product_007.jpg,prj-local-0021-dbll-adjustable-dumbbell_final-product_007.jpg,YES,,P0
AST-000878,DBLL,WhatsApp Image 2019-08-19 at 3.37.32 PM.jpeg,FEATURE,FINAL_PRODUCT,TIER_3,NEEDS_UPSCALE,PRJ-LOCAL-0021,DBLL - Adjustable Dumbbell,media-migration/prj-local-0021-dbll-adjustable-dumbbell/prj-local-0021-dbll-adjustable-dumbbell_final-product_008.jpeg,prj-local-0021-dbll-adjustable-dumbbell_final-product_008.jpeg,YES,,P0
AST-000879,RACK,123_design_blog_new_products_1 (1).jpg,FEATURE,FINAL_PRODUCT,TIER_3,NEEDS_UPSCALE,PRJ-LOCAL-0022,RACK - Rackmount System,media-migration/prj-local-0022-rack-rackmount-system/prj-local-0022-rack-rackmount-system_final-product_001.jpg,prj-local-0022-rack-rackmount-system_final-product_001.jpg,YES,,P0
AST-000880,RACK,123_design_blog_new_products_1 (2).jpg,FEATURE,FINAL_PRODUCT,TIER_3,NEEDS_UPSCALE,PRJ-LOCAL-0022,RACK - Rackmount System,media-migration/prj-local-0022-rack-rackmount-system/prj-local-0022-rack-rackmount-system_final-product_002.jpg,prj-local-0022-rack-rackmount-system_final-product_002.jpg,YES,,P0
AST-000881,RACK,123_design_blog_new_products_1 (3).jpg,FEATURE,FINAL_PRODUCT,TIER_3,NEEDS_UPSCALE,PRJ-LOCAL-0022,RACK - Rackmount System,media-migration/prj-local-0022-rack-rackmount-system/prj-local-0022-rack-rackmount-system_final-product_003.jpg,prj-local-0022-rack-rackmount-system_final-product_003.jpg,YES,,P0
AST-000882,RACK,123_design_blog_new_products_1 (4).jpg,FEATURE,FINAL_PRODUCT,TIER_3,NEEDS_UPSCALE,PRJ-LOCAL-0022,RACK - Rackmount System,media-migration/prj-local-0022-rack-rackmount-system/prj-local-0022-rack-rackmount-system_final-product_004.jpg,prj-local-0022-rack-rackmount-system_final-product_004.jpg,YES,,P0
AST-000883,RACK,123_design_blog_new_products_1 (5).jpg,FEATURE,FINAL_PRODUCT,TIER_3,NEEDS_UPSCALE,PRJ-LOCAL-0022,RACK - Rackmount System,media-migration/prj-local-0022-rack-rackmount-system/prj-local-0022-rack-rackmount-system_final-product_005.jpg,prj-local-0022-rack-rackmount-system_final-product_005.jpg,YES,,P0
AST-000884,RACK,123_design_blog_new_products_1 (6).jpg,FEATURE,FINAL_PRODUCT,TIER_3,NEEDS_UPSCALE,PRJ-LOCAL-0022,RACK - Rackmount System,media-migration/prj-local-0022-rack-rackmount-system/prj-local-0022-rack-rackmount-system_final-product_006.jpg,prj-local-0022-rack-rackmount-system_final-product_006.jpg,YES,,P0
AST-000885,RACK,123_design_blog_new_products_1-(1).jpg,FEATURE,FINAL_PRODUCT,TIER_3,NEEDS_UPSCALE,PRJ-LOCAL-0022,RACK - Rackmount System,media-migration/prj-local-0022-rack-rackmount-system/prj-local-0022-rack-rackmount-system_final-product_007.jpg,prj-local-0022-rack-rackmount-system_final-product_007.jpg,YES,,P0
AST-000901,VIRT,WhatsApp Image 2019-08-22 at 11.30.15 AM.jpeg,FEATURE,FINAL_PRODUCT,TIER_3,NEEDS_UPSCALE,PRJ-LOCAL-0023,VIRT,media-migration/prj-local-0023-virt/prj-local-0023-virt_final-product_001.jpeg,prj-local-0023-virt_final-product_001.jpeg,YES,,P0
AST-000371,Adagio,adagio1.jpg,FEATURE,FINAL_PRODUCT,TIER_4,NEEDS_RESTORE,PRJ-LOCAL-0030,Crestron Adagio,media-migration/prj-local-0030-crestron-adagio/prj-local-0030-crestron-adagio_final-product_001.jpg,prj-local-0030-crestron-adagio_final-product_001.jpg,YES,,P0
AST-000372,Adagio,adagio2.jpg,FEATURE,FINAL_PRODUCT,TIER_4,NEEDS_RESTORE,PRJ-LOCAL-0030,Crestron Adagio,media-migration/prj-local-0030-crestron-adagio/prj-local-0030-crestron-adagio_final-product_002.jpg,prj-local-0030-crestron-adagio_final-product_002.jpg,YES,,P0
AST-000495,ADAGIO,1images.jpg,GALLERY,UNKNOWN,TIER_4,NEEDS_RESTORE,PRJ-LOCAL-0030,Crestron Adagio,media-migration/prj-local-0030-crestron-adagio/prj-local-0030-crestron-adagio_unknown_001.jpg,prj-local-0030-crestron-adagio_unknown_001.jpg,YES,,P1
AST-000496,ADAGIO,929200613825.jpg,GALLERY,UNKNOWN,TIER_4,NEEDS_RESTORE,PRJ-LOCAL-0030,Crestron Adagio,media-migration/prj-local-0030-crestron-adagio/prj-local-0030-crestron-adagio_unknown_002.jpg,prj-local-0030-crestron-adagio_unknown_002.jpg,YES,,P1
AST-000497,ADAGIO,crestron-adagio-aes-multi-room-audio-system-6-zones-D_NQ_NP_741179-MLB26952545296_032018-F.jpg,GALLERY,UNKNOWN,TIER_4,NEEDS_RESTORE,PRJ-LOCAL-0030,Crestron Adagio,media-migration/prj-local-0030-crestron-adagio/prj-local-0030-crestron-adagio_unknown_003.jpg,prj-local-0030-crestron-adagio_unknown_003.jpg,YES,,P1
AST-000498,ADAGIO,e73eb6ff-7657-40f7-ba6b-f0b7c4c7933e.jpg,GALLERY,UNKNOWN,TIER_3,NEEDS_UPSCALE,PRJ-LOCAL-0030,Crestron Adagio,media-migration/prj-local-0030-crestron-adagio/prj-local-0030-crestron-adagio_unknown_004.jpg,prj-local-0030-crestron-adagio_unknown_004.jpg,YES,,P1
AST-000499,ADAGIO,s-l300.jpg,GALLERY,UNKNOWN,TIER_4,NEEDS_RESTORE,PRJ-LOCAL-0030,Crestron Adagio,media-migration/prj-local-0030-crestron-adagio/prj-local-0030-crestron-adagio_unknown_005.jpg,prj-local-0030-crestron-adagio_unknown_005.jpg,YES,,P1
AST-000466,iPad Cover,IPM-009_LR.jpg,GALLERY,FINAL_PRODUCT,TIER_4,NEEDS_RESTORE,PRJ-LOCAL-0031,iPad Cover (IPM),media-migration/prj-local-0031-ipad-cover-ipm/prj-local-0031-ipad-cover-ipm_final-product_001.jpg,prj-local-0031-ipad-cover-ipm_final-product_001.jpg,YES,,P1
AST-000467,iPad Cover,IPM-010_LR.jpg,GALLERY,FINAL_PRODUCT,TIER_4,NEEDS_RESTORE,PRJ-LOCAL-0031,iPad Cover (IPM),media-migration/prj-local-0031-ipad-cover-ipm/prj-local-0031-ipad-cover-ipm_final-product_002.jpg,prj-local-0031-ipad-cover-ipm_final-product_002.jpg,YES,,P1
AST-000468,iPad Cover,ipm-008_LR.jpg,GALLERY,FINAL_PRODUCT,TIER_4,NEEDS_RESTORE,PRJ-LOCAL-0031,iPad Cover (IPM),media-migration/prj-local-0031-ipad-cover-ipm/prj-local-0031-ipad-cover-ipm_final-product_003.jpg,prj-local-0031-ipad-cover-ipm_final-product_003.jpg,YES,,P1
AST-000400,Aesthetic Treatment Machine,aesthetic_1.jpg,GALLERY,FINAL_PRODUCT,TIER_4,NEEDS_RESTORE,PRJ-LOCAL-0040,Medical Device Portfolio,media-migration/prj-local-0040-medical-device-portfolio/prj-local-0040-medical-device-portfolio_final-product_001.jpg,prj-local-0040-medical-device-portfolio_final-product_001.jpg,YES,,P1
AST-000401,Aesthetic Treatment Machine,aesthetic_2.jpg,GALLERY,FINAL_PRODUCT,TIER_4,NEEDS_RESTORE,PRJ-LOCAL-0040,Medical Device Portfolio,media-migration/prj-local-0040-medical-device-portfolio/prj-local-0040-medical-device-portfolio_final-product_002.jpg,prj-local-0040-medical-device-portfolio_final-product_002.jpg,YES,,P1
AST-000402,Blood Pressure Monitor,bpm_1.jpg,GALLERY,FINAL_PRODUCT,TIER_4,NEEDS_RESTORE,PRJ-LOCAL-0040,Medical Device Portfolio,media-migration/prj-local-0040-medical-device-portfolio/prj-local-0040-medical-device-portfolio_final-product_003.jpg,prj-local-0040-medical-device-portfolio_final-product_003.jpg,YES,,P1
AST-000403,Blood Pressure Monitor,bpm_2.jpg,GALLERY,FINAL_PRODUCT,TIER_4,NEEDS_RESTORE,PRJ-LOCAL-0040,Medical Device Portfolio,media-migration/prj-local-0040-medical-device-portfolio/prj-local-0040-medical-device-portfolio_final-product_004.jpg,prj-local-0040-medical-device-portfolio_final-product_004.jpg,YES,,P1
AST-000404,Defibrillator,medical_1.jpg,GALLERY,FINAL_PRODUCT,TIER_4,NEEDS_RESTORE,PRJ-LOCAL-0040,Medical Device Portfolio,media-migration/prj-local-0040-medical-device-portfolio/prj-local-0040-medical-device-portfolio_final-product_005.jpg,prj-local-0040-medical-device-portfolio_final-product_005.jpg,YES,,P1
AST-000405,Defibrillator,medical_2.jpg,GALLERY,FINAL_PRODUCT,TIER_4,NEEDS_RESTORE,PRJ-LOCAL-0040,Medical Device Portfolio,media-migration/prj-local-0040-medical-device-portfolio/prj-local-0040-medical-device-portfolio_final-product_006.jpg,prj-local-0040-medical-device-portfolio_final-product_006.jpg,YES,,P1
AST-000406,Dental Jet,dental-1.jpg,GALLERY,FINAL_PRODUCT,TIER_4,NEEDS_RESTORE,PRJ-LOCAL-0040,Medical Device Portfolio,media-migration/prj-local-0040-medical-device-portfolio/prj-local-0040-medical-device-portfolio_final-product_007.jpg,prj-local-0040-medical-device-portfolio_final-product_007.jpg,YES,,P1
AST-000407,Dental Jet,dental-2.jpg,GALLERY,FINAL_PRODUCT,TIER_4,NEEDS_RESTORE,PRJ-LOCAL-0040,Medical Device Portfolio,media-migration/prj-local-0040-medical-device-portfolio/prj-local-0040-medical-device-portfolio_final-product_008.jpg,prj-local-0040-medical-device-portfolio_final-product_008.jpg,YES,,P1
AST-000408,Dynamometer,dynamometer-1.jpg,GALLERY,FINAL_PRODUCT,TIER_4,NEEDS_RESTORE,PRJ-LOCAL-0040,Medical Device Portfolio,media-migration/prj-local-0040-medical-device-portfolio/prj-local-0040-medical-device-portfolio_final-product_009.jpg,prj-local-0040-medical-device-portfolio_final-product_009.jpg,YES,,P1
AST-000409,Dynamometer,dynamometer-2.jpg,GALLERY,FINAL_PRODUCT,TIER_4,NEEDS_RESTORE,PRJ-LOCAL-0040,Medical Device Portfolio,media-migration/prj-local-0040-medical-device-portfolio/prj-local-0040-medical-device-portfolio_final-product_010.jpg,prj-local-0040-medical-device-portfolio_final-product_010.jpg,YES,,P1
AST-000410,Medical Hospital Scale,medical_scale-1.jpg,GALLERY,FINAL_PRODUCT,TIER_4,NEEDS_RESTORE,PRJ-LOCAL-0040,Medical Device Portfolio,media-migration/prj-local-0040-medical-device-portfolio/prj-local-0040-medical-device-portfolio_final-product_011.jpg,prj-local-0040-medical-device-portfolio_final-product_011.jpg,YES,,P1
AST-000411,Medical Hospital Scale,medical_scale-2.jpg,GALLERY,FINAL_PRODUCT,TIER_4,NEEDS_RESTORE,PRJ-LOCAL-0040,Medical Device Portfolio,media-migration/prj-local-0040-medical-device-portfolio/prj-local-0040-medical-device-portfolio_final-product_012.jpg,prj-local-0040-medical-device-portfolio_final-product_012.jpg,YES,,P1
AST-000412,Portable Scanner,Portable_Scanner-1.jpg,GALLERY,FINAL_PRODUCT,TIER_4,NEEDS_RESTORE,PRJ-LOCAL-0040,Medical Device Portfolio,media-migration/prj-local-0040-medical-device-portfolio/prj-local-0040-medical-device-portfolio_final-product_013.jpg,prj-local-0040-medical-device-portfolio_final-product_013.jpg,YES,,P1
AST-000413,Portable Scanner,Portable_Scanner-2.jpg,GALLERY,FINAL_PRODUCT,TIER_4,NEEDS_RESTORE,PRJ-LOCAL-0040,Medical Device Portfolio,media-migration/prj-local-0040-medical-device-portfolio/prj-local-0040-medical-device-portfolio_final-product_014.jpg,prj-local-0040-medical-device-portfolio_final-product_014.jpg,YES,,P1
AST-000414,Spine Board,STRE-050.jpg,GALLERY,FINAL_PRODUCT,TIER_4,NEEDS_RESTORE,PRJ-LOCAL-0040,Medical Device Portfolio,media-migration/prj-local-0040-medical-device-portfolio/prj-local-0040-medical-device-portfolio_final-product_015.jpg,prj-local-0040-medical-device-portfolio_final-product_015.jpg,YES,,P1
AST-000415,Spine Board,stretcher-1.jpg,GALLERY,FINAL_PRODUCT,TIER_4,NEEDS_RESTORE,PRJ-LOCAL-0040,Medical Device Portfolio,media-migration/prj-local-0040-medical-device-portfolio/prj-local-0040-medical-device-portfolio_final-product_016.jpg,prj-local-0040-medical-device-portfolio_final-product_016.jpg,YES,,P1
AST-000416,Spine Board,stretcher-2.jpg,GALLERY,FINAL_PRODUCT,TIER_4,NEEDS_RESTORE,PRJ-LOCAL-0040,Medical Device Portfolio,media-migration/prj-local-0040-medical-device-portfolio/prj-local-0040-medical-device-portfolio_final-product_017.jpg,prj-local-0040-medical-device-portfolio_final-product_017.jpg,YES,,P1
AST-000417,Therapy System,therapy_system-1.jpg,GALLERY,FINAL_PRODUCT,TIER_4,NEEDS_RESTORE,PRJ-LOCAL-0040,Medical Device Portfolio,media-migration/prj-local-0040-medical-device-portfolio/prj-local-0040-medical-device-portfolio_final-product_018.jpg,prj-local-0040-medical-device-portfolio_final-product_018.jpg,YES,,P1
AST-000418,Therapy System,therapy_system-2.jpg,GALLERY,FINAL_PRODUCT,TIER_4,NEEDS_RESTORE,PRJ-LOCAL-0040,Medical Device Portfolio,media-migration/prj-local-0040-medical-device-portfolio/prj-local-0040-medical-device-portfolio_final-product_019.jpg,prj-local-0040-medical-device-portfolio_final-product_019.jpg,YES,,P1
AST-000419,Thermometer,Thermometer-1.jpg,GALLERY,FINAL_PRODUCT,TIER_4,NEEDS_RESTORE,PRJ-LOCAL-0040,Medical Device Portfolio,media-migration/prj-local-0040-medical-device-portfolio/prj-local-0040-medical-device-portfolio_final-product_020.jpg,prj-local-0040-medical-device-portfolio_final-product_020.jpg,YES,,P1
AST-000420,Thermometer,Thermometer-2.jpg,GALLERY,FINAL_PRODUCT,TIER_4,NEEDS_RESTORE,PRJ-LOCAL-0040,Medical Device Portfolio,media-migration/prj-local-0040-medical-device-portfolio/prj-local-0040-medical-device-portfolio_final-product_021.jpg,prj-local-0040-medical-device-portfolio_final-product_021.jpg,YES,,P1
AST-000421,Armored Vehicle Camera,ArmoredVehicleCamera-1.jpg,GALLERY,FINAL_PRODUCT,TIER_4,NEEDS_RESTORE,PRJ-LOCAL-0050,Military/Defense Portfolio,media-migration/prj-local-0050-military-defense-portfoli/prj-local-0050-military-defense-portfoli_final-product_001.jpg,prj-local-0050-military-defense-portfoli_final-product_001.jpg,YES,,P1
AST-000422,Armored Vehicle Camera,ArmoredVehicleCamera-2.jpg,GALLERY,FINAL_PRODUCT,TIER_4,NEEDS_RESTORE,PRJ-LOCAL-0050,Military/Defense Portfolio,media-migration/prj-local-0050-military-defense-portfoli/prj-local-0050-military-defense-portfoli_final-product_002.jpg,prj-local-0050-military-defense-portfoli_final-product_002.jpg,YES,,P1
AST-000423,Binoculars,Binoculars-1.jpg,GALLERY,FINAL_PRODUCT,TIER_4,NEEDS_RESTORE,PRJ-LOCAL-0050,Military/Defense Portfolio,media-migration/prj-local-0050-military-defense-portfoli/prj-local-0050-military-defense-portfoli_final-product_003.jpg,prj-local-0050-military-defense-portfoli_final-product_003.jpg,YES,,P1
AST-000424,Binoculars,Binoculars-2.jpg,GALLERY,FINAL_PRODUCT,TIER_4,NEEDS_RESTORE,PRJ-LOCAL-0050,Military/Defense Portfolio,media-migration/prj-local-0050-military-defense-portfoli/prj-local-0050-military-defense-portfoli_final-product_004.jpg,prj-local-0050-military-defense-portfoli_final-product_004.jpg,YES,,P1
AST-000425,Bomb Squad Remote,bomb_squad_remote-1.jpg,GALLERY,FINAL_PRODUCT,TIER_4,NEEDS_RESTORE,PRJ-LOCAL-0050,Military/Defense Portfolio,media-migration/prj-local-0050-military-defense-portfoli/prj-local-0050-military-defense-portfoli_final-product_005.jpg,prj-local-0050-military-defense-portfoli_final-product_005.jpg,YES,,P1
AST-000426,Bomb Squad Remote,bomb_squad_remote-2.jpg,GALLERY,FINAL_PRODUCT,TIER_4,NEEDS_RESTORE,PRJ-LOCAL-0050,Military/Defense Portfolio,media-migration/prj-local-0050-military-defense-portfoli/prj-local-0050-military-defense-portfoli_final-product_006.jpg,prj-local-0050-military-defense-portfoli_final-product_006.jpg,YES,,P1
AST-000427,Bomb Squad Robot,Bomb_Squad_Robot-1.jpg,GALLERY,FINAL_PRODUCT,TIER_4,NEEDS_RESTORE,PRJ-LOCAL-0050,Military/Defense Portfolio,media-migration/prj-local-0050-military-defense-portfoli/prj-local-0050-military-defense-portfoli_final-product_007.jpg,prj-local-0050-military-defense-portfoli_final-product_007.jpg,YES,,P1
AST-000428,Bomb Squad Robot,Bomb_Squad_Robot-2.jpg,GALLERY,FINAL_PRODUCT,TIER_4,NEEDS_RESTORE,PRJ-LOCAL-0050,Military/Defense Portfolio,media-migration/prj-local-0050-military-defense-portfoli/prj-local-0050-military-defense-portfoli_final-product_008.jpg,prj-local-0050-military-defense-portfoli_final-product_008.jpg,YES,,P1
AST-000429,Emergency Beacon,emergency_beacon-1.jpg,GALLERY,FINAL_PRODUCT,TIER_4,NEEDS_RESTORE,PRJ-LOCAL-0050,Military/Defense Portfolio,media-migration/prj-local-0050-military-defense-portfoli/prj-local-0050-military-defense-portfoli_final-product_009.jpg,prj-local-0050-military-defense-portfoli_final-product_009.jpg,YES,,P1
AST-000430,Emergency Beacon,emergency_beacon-2.jpg,GALLERY,FINAL_PRODUCT,TIER_4,NEEDS_RESTORE,PRJ-LOCAL-0050,Military/Defense Portfolio,media-migration/prj-local-0050-military-defense-portfoli/prj-local-0050-military-defense-portfoli_final-product_010.jpg,prj-local-0050-military-defense-portfoli_final-product_010.jpg,YES,,P1
AST-000437,Gyrocam,Gyrocam-1.jpg,GALLERY,FINAL_PRODUCT,TIER_4,NEEDS_RESTORE,PRJ-LOCAL-0050,Military/Defense Portfolio,media-migration/prj-local-0050-military-defense-portfoli/prj-local-0050-military-defense-portfoli_final-product_011.jpg,prj-local-0050-military-defense-portfoli_final-product_011.jpg,YES,,P1
AST-000438,Gyrocam,Gyrocam-2.jpg,GALLERY,FINAL_PRODUCT,TIER_4,NEEDS_RESTORE,PRJ-LOCAL-0050,Military/Defense Portfolio,media-migration/prj-local-0050-military-defense-portfoli/prj-local-0050-military-defense-portfoli_final-product_012.jpg,prj-local-0050-military-defense-portfoli_final-product_012.jpg,YES,,P1
AST-000439,Manpack,Manpack-1.jpg,GALLERY,FINAL_PRODUCT,TIER_4,NEEDS_RESTORE,PRJ-LOCAL-0050,Military/Defense Portfolio,media-migration/prj-local-0050-military-defense-portfoli/prj-local-0050-military-defense-portfoli_final-product_013.jpg,prj-local-0050-military-defense-portfoli_final-product_013.jpg,YES,,P1
AST-000440,Manpack,Manpack-2.jpg,GALLERY,FINAL_PRODUCT,TIER_4,NEEDS_RESTORE,PRJ-LOCAL-0050,Military/Defense Portfolio,media-migration/prj-local-0050-military-defense-portfoli/prj-local-0050-military-defense-portfoli_final-product_014.jpg,prj-local-0050-military-defense-portfoli_final-product_014.jpg,YES,,P1
AST-000441,Military Phone,military_phone-1.jpg,GALLERY,FINAL_PRODUCT,TIER_4,NEEDS_RESTORE,PRJ-LOCAL-0050,Military/Defense Portfolio,media-migration/prj-local-0050-military-defense-portfoli/prj-local-0050-military-defense-portfoli_final-product_015.jpg,prj-local-0050-military-defense-portfoli_final-product_015.jpg,YES,,P1
AST-000442,Military Phone,military_phone-2.jpg,GALLERY,FINAL_PRODUCT,TIER_4,NEEDS_RESTORE,PRJ-LOCAL-0050,Military/Defense Portfolio,media-migration/prj-local-0050-military-defense-portfoli/prj-local-0050-military-defense-portfoli_final-product_016.jpg,prj-local-0050-military-defense-portfoli_final-product_016.jpg,YES,,P1
AST-000443,POD for UAV,POD_1.jpg,GALLERY,FINAL_PRODUCT,TIER_4,NEEDS_RESTORE,PRJ-LOCAL-0050,Military/Defense Portfolio,media-migration/prj-local-0050-military-defense-portfoli/prj-local-0050-military-defense-portfoli_final-product_017.jpg,prj-local-0050-military-defense-portfoli_final-product_017.jpg,YES,,P1
AST-000444,POD for UAV,POD_2.jpg,GALLERY,FINAL_PRODUCT,TIER_4,NEEDS_RESTORE,PRJ-LOCAL-0050,Military/Defense Portfolio,media-migration/prj-local-0050-military-defense-portfoli/prj-local-0050-military-defense-portfoli_final-product_018.jpg,prj-local-0050-military-defense-portfoli_final-product_018.jpg,YES,,P1
AST-000445,Rackmount Enclosure,Rackmount_Enclosure-1.jpg,GALLERY,FINAL_PRODUCT,TIER_4,NEEDS_RESTORE,PRJ-LOCAL-0050,Military/Defense Portfolio,media-migration/prj-local-0050-military-defense-portfoli/prj-local-0050-military-defense-portfoli_final-product_019.jpg,prj-local-0050-military-defense-portfoli_final-product_019.jpg,YES,,P1
AST-000446,Rackmount Enclosure,Rackmount_Enclosure-2.jpg,GALLERY,FINAL_PRODUCT,TIER_4,NEEDS_RESTORE,PRJ-LOCAL-0050,Military/Defense Portfolio,media-migration/prj-local-0050-military-defense-portfoli/prj-local-0050-military-defense-portfoli_final-product_020.jpg,prj-local-0050-military-defense-portfoli_final-product_020.jpg,YES,,P1
AST-000447,Rifle Scope,Rifle_Scope-1.jpg,GALLERY,FINAL_PRODUCT,TIER_4,NEEDS_RESTORE,PRJ-LOCAL-0050,Military/Defense Portfolio,media-migration/prj-local-0050-military-defense-portfoli/prj-local-0050-military-defense-portfoli_final-product_021.jpg,prj-local-0050-military-defense-portfoli_final-product_021.jpg,YES,,P1
AST-000448,Rifle Scope,Rifle_Scope-2.jpg,GALLERY,FINAL_PRODUCT,TIER_4,NEEDS_RESTORE,PRJ-LOCAL-0050,Military/Defense Portfolio,media-migration/prj-local-0050-military-defense-portfoli/prj-local-0050-military-defense-portfoli_final-product_022.jpg,prj-local-0050-military-defense-portfoli_final-product_022.jpg,YES,,P1
AST-000449,Rugged Computer,Rugged_Computer-1.jpg,GALLERY,FINAL_PRODUCT,TIER_4,NEEDS_RESTORE,PRJ-LOCAL-0050,Military/Defense Portfolio,media-migration/prj-local-0050-military-defense-portfoli/prj-local-0050-military-defense-portfoli_final-product_023.jpg,prj-local-0050-military-defense-portfoli_final-product_023.jpg,YES,,P1
AST-000450,Rugged Computer,Rugged_Computer-2.jpg,GALLERY,FINAL_PRODUCT,TIER_4,NEEDS_RESTORE,PRJ-LOCAL-0050,Military/Defense Portfolio,media-migration/prj-local-0050-military-defense-portfoli/prj-local-0050-military-defense-portfoli_final-product_024.jpg,prj-local-0050-military-defense-portfoli_final-product_024.jpg,YES,,P1
AST-000453,Security Wand,security_wand-1.jpg,GALLERY,FINAL_PRODUCT,TIER_4,NEEDS_RESTORE,PRJ-LOCAL-0050,Military/Defense Portfolio,media-migration/prj-local-0050-military-defense-portfoli/prj-local-0050-military-defense-portfoli_final-product_025.jpg,prj-local-0050-military-defense-portfoli_final-product_025.jpg,YES,,P1
AST-000454,Security Wand,security_wand-2.jpg,GALLERY,FINAL_PRODUCT,TIER_4,NEEDS_RESTORE,PRJ-LOCAL-0050,Military/Defense Portfolio,media-migration/prj-local-0050-military-defense-portfoli/prj-local-0050-military-defense-portfoli_final-product_026.jpg,prj-local-0050-military-defense-portfoli_final-product_026.jpg,YES,,P1
AST-000455,Suitcase,suitcase-1.jpg,GALLERY,FINAL_PRODUCT,TIER_4,NEEDS_RESTORE,PRJ-LOCAL-0050,Military/Defense Portfolio,media-migration/prj-local-0050-military-defense-portfoli/prj-local-0050-military-defense-portfoli_final-product_027.jpg,prj-local-0050-military-defense-portfoli_final-product_027.jpg,YES,,P1
AST-000456,Suitcase,suitcase-2.jpg,GALLERY,FINAL_PRODUCT,TIER_4,NEEDS_RESTORE,PRJ-LOCAL-0050,Military/Defense Portfolio,media-migration/prj-local-0050-military-defense-portfoli/prj-local-0050-military-defense-portfoli_final-product_028.jpg,prj-local-0050-military-defense-portfoli_final-product_028.jpg,YES,,P1
AST-000457,Tac-Eye Binocular,binocular_01.jpg,GALLERY,FINAL_PRODUCT,TIER_4,NEEDS_RESTORE,PRJ-LOCAL-0050,Military/Defense Portfolio,media-migration/prj-local-0050-military-defense-portfoli/prj-local-0050-military-defense-portfoli_final-product_029.jpg,prj-local-0050-military-defense-portfoli_final-product_029.jpg,YES,,P1
AST-000458,Tac-Eye Binocular,binocular_02.jpg,GALLERY,FINAL_PRODUCT,TIER_4,NEEDS_RESTORE,PRJ-LOCAL-0050,Military/Defense Portfolio,media-migration/prj-local-0050-military-defense-portfoli/prj-local-0050-military-defense-portfoli_final-product_030.jpg,prj-local-0050-military-defense-portfoli_final-product_030.jpg,YES,,P1
AST-000319,iaMedium,iaMedium-1.jpg,GALLERY,FINAL_PRODUCT,TIER_4,NEEDS_RESTORE,PRJ-LOCAL-0051,iaMedium (Dual Category),media-migration/prj-local-0051-iamedium-dual-category/prj-local-0051-iamedium-dual-category_final-product_001.jpg,prj-local-0051-iamedium-dual-category_final-product_001.jpg,YES,,P1
AST-000320,iaMedium,iaMedium-2.jpg,GALLERY,FINAL_PRODUCT,TIER_4,NEEDS_RESTORE,PRJ-LOCAL-0051,iaMedium (Dual Category),media-migration/prj-local-0051-iamedium-dual-category/prj-local-0051-iamedium-dual-category_final-product_002.jpg,prj-local-0051-iamedium-dual-category_final-product_002.jpg,YES,,P1
AST-000321,iaMedium,iaMedium-3.jpg,GALLERY,FINAL_PRODUCT,TIER_4,NEEDS_RESTORE,PRJ-LOCAL-0051,iaMedium (Dual Category),media-migration/prj-local-0051-iamedium-dual-category/prj-local-0051-iamedium-dual-category_final-product_003.jpg,prj-local-0051-iamedium-dual-category_final-product_003.jpg,YES,,P1
AST-000459,iaMedium,iaMedium-1.jpg,GALLERY,FINAL_PRODUCT,TIER_4,NEEDS_RESTORE,PRJ-LOCAL-0051,iaMedium (Dual Category),media-migration/prj-local-0051-iamedium-dual-category/prj-local-0051-iamedium-dual-category_final-product_004.jpg,prj-local-0051-iamedium-dual-category_final-product_004.jpg,NO,DUPLICATE_SKIP,P1
AST-000460,iaMedium,iaMedium-3.jpg,GALLERY,FINAL_PRODUCT,TIER_4,NEEDS_RESTORE,PRJ-LOCAL-0051,iaMedium (Dual Category),media-migration/prj-local-0051-iamedium-dual-category/prj-local-0051-iamedium-dual-category_final-product_005.jpg,prj-local-0051-iamedium-dual-category_final-product_005.jpg,NO,DUPLICATE_SKIP,P1
AST-000307,Finger-Print Scanner,fps_1.jpg,GALLERY,FINAL_PRODUCT,TIER_4,NEEDS_RESTORE,PRJ-LOCAL-0052,Finger-Print Scanner (Dual),media-migration/prj-local-0052-finger-print-scanner-dual/prj-local-0052-finger-print-scanner-dual_final-product_001.jpg,prj-local-0052-finger-print-scanner-dual_final-product_001.jpg,YES,,P1
AST-000308,Finger-Print Scanner,fps_2.jpg,GALLERY,FINAL_PRODUCT,TIER_4,NEEDS_RESTORE,PRJ-LOCAL-0052,Finger-Print Scanner (Dual),media-migration/prj-local-0052-finger-print-scanner-dual/prj-local-0052-finger-print-scanner-dual_final-product_002.jpg,prj-local-0052-finger-print-scanner-dual_final-product_002.jpg,YES,,P1
AST-000431,Finger-Print Scanner,fps_1.jpg,GALLERY,FINAL_PRODUCT,TIER_4,NEEDS_RESTORE,PRJ-LOCAL-0052,Finger-Print Scanner (Dual),media-migration/prj-local-0052-finger-print-scanner-dual/prj-local-0052-finger-print-scanner-dual_final-product_003.jpg,prj-local-0052-finger-print-scanner-dual_final-product_003.jpg,NO,DUPLICATE_SKIP,P1
AST-000432,Finger-Print Scanner,fps_2.jpg,GALLERY,FINAL_PRODUCT,TIER_4,NEEDS_RESTORE,PRJ-LOCAL-0052,Finger-Print Scanner (Dual),media-migration/prj-local-0052-finger-print-scanner-dual/prj-local-0052-finger-print-scanner-dual_final-product_004.jpg,prj-local-0052-finger-print-scanner-dual_final-product_004.jpg,NO,DUPLICATE_SKIP,P1
AST-000309,Flight Planner,flight_planner-1.jpg,GALLERY,FINAL_PRODUCT,TIER_4,NEEDS_RESTORE,PRJ-LOCAL-0053,Flight Planner (Dual),media-migration/prj-local-0053-flight-planner-dual/prj-local-0053-flight-planner-dual_final-product_001.jpg,prj-local-0053-flight-planner-dual_final-product_001.jpg,YES,,P1
AST-000310,Flight Planner,flight_planner-2.jpg,GALLERY,FINAL_PRODUCT,TIER_4,NEEDS_RESTORE,PRJ-LOCAL-0053,Flight Planner (Dual),media-migration/prj-local-0053-flight-planner-dual/prj-local-0053-flight-planner-dual_final-product_002.jpg,prj-local-0053-flight-planner-dual_final-product_002.jpg,YES,,P1
AST-000435,Flight Planner,flight_planner-1.jpg,GALLERY,FINAL_PRODUCT,TIER_4,NEEDS_RESTORE,PRJ-LOCAL-0053,Flight Planner (Dual),media-migration/prj-local-0053-flight-planner-dual/prj-local-0053-flight-planner-dual_final-product_003.jpg,prj-local-0053-flight-planner-dual_final-product_003.jpg,NO,DUPLICATE_SKIP,P1
AST-000436,Flight Planner,flight_planner-2.jpg,GALLERY,FINAL_PRODUCT,TIER_4,NEEDS_RESTORE,PRJ-LOCAL-0053,Flight Planner (Dual),media-migration/prj-local-0053-flight-planner-dual/prj-local-0053-flight-planner-dual_final-product_004.jpg,prj-local-0053-flight-planner-dual_final-product_004.jpg,NO,DUPLICATE_SKIP,P1
AST-000313,Security Scanner,Commercia_img.jpg,GALLERY,FINAL_PRODUCT,TIER_4,NEEDS_RESTORE,PRJ-LOCAL-0054,Security Scanner (Dual),media-migration/prj-local-0054-security-scanner-dual/prj-local-0054-security-scanner-dual_final-product_001.jpg,prj-local-0054-security-scanner-dual_final-product_001.jpg,YES,,P1
AST-000314,Security Scanner,Security_Scanner-2.jpg,GALLERY,FINAL_PRODUCT,TIER_4,NEEDS_RESTORE,PRJ-LOCAL-0054,Security Scanner (Dual),media-migration/prj-local-0054-security-scanner-dual/prj-local-0054-security-scanner-dual_final-product_002.jpg,prj-local-0054-security-scanner-dual_final-product_002.jpg,YES,,P1
AST-000451,Security Scanner,Commercia_img.jpg,GALLERY,FINAL_PRODUCT,TIER_4,NEEDS_RESTORE,PRJ-LOCAL-0054,Security Scanner (Dual),media-migration/prj-local-0054-security-scanner-dual/prj-local-0054-security-scanner-dual_final-product_003.jpg,prj-local-0054-security-scanner-dual_final-product_003.jpg,NO,DUPLICATE_SKIP,P1
AST-000452,Security Scanner,Security_Scanner-2.jpg,GALLERY,FINAL_PRODUCT,TIER_4,NEEDS_RESTORE,PRJ-LOCAL-0054,Security Scanner (Dual),media-migration/prj-local-0054-security-scanner-dual/prj-local-0054-security-scanner-dual_final-product_004.jpg,prj-local-0054-security-scanner-dual_final-product_004.jpg,NO,DUPLICATE_SKIP,P1
AST-000984,GKV Law Firm,GKV Law Firm 2.jpg,GALLERY,MARKETING,TIER_4,NEEDS_RESTORE,PRJ-LOCAL-0060,Web Design Portfolio,media-migration/prj-local-0060-web-design-portfolio/prj-local-0060-web-design-portfolio_marketing_001.jpg,prj-local-0060-web-design-portfolio_marketing_001.jpg,YES,,P1
AST-000985,GKV Law Firm,GKVLawFirm.jpg,GALLERY,MARKETING,TIER_4,NEEDS_RESTORE,PRJ-LOCAL-0060,Web Design Portfolio,media-migration/prj-local-0060-web-design-portfolio/prj-local-0060-web-design-portfolio_marketing_002.jpg,prj-local-0060-web-design-portfolio_marketing_002.jpg,YES,,P1
AST-000986,MBA Air,MBA Air 2.jpg,GALLERY,MARKETING,TIER_4,NEEDS_RESTORE,PRJ-LOCAL-0060,Web Design Portfolio,media-migration/prj-local-0060-web-design-portfolio/prj-local-0060-web-design-portfolio_marketing_003.jpg,prj-local-0060-web-design-portfolio_marketing_003.jpg,YES,,P1
AST-000987,MBA Air,MBA_Air.jpg,GALLERY,MARKETING,TIER_4,NEEDS_RESTORE,PRJ-LOCAL-0060,Web Design Portfolio,media-migration/prj-local-0060-web-design-portfolio/prj-local-0060-web-design-portfolio_marketing_004.jpg,prj-local-0060-web-design-portfolio_marketing_004.jpg,YES,,P1
AST-000988,Suna Salon,Suna Salon 2.jpg,GALLERY,MARKETING,TIER_4,NEEDS_RESTORE,PRJ-LOCAL-0060,Web Design Portfolio,media-migration/prj-local-0060-web-design-portfolio/prj-local-0060-web-design-portfolio_marketing_005.jpg,prj-local-0060-web-design-portfolio_marketing_005.jpg,YES,,P1
AST-000989,Suna Salon,SunaSalon.jpg,GALLERY,MARKETING,TIER_4,NEEDS_RESTORE,PRJ-LOCAL-0060,Web Design Portfolio,media-migration/prj-local-0060-web-design-portfolio/prj-local-0060-web-design-portfolio_marketing_006.jpg,prj-local-0060-web-design-portfolio_marketing_006.jpg,YES,,P1
AST-000990,Tutor My Kid,Tutor My Kid 2.jpg,GALLERY,MARKETING,TIER_4,NEEDS_RESTORE,PRJ-LOCAL-0060,Web Design Portfolio,media-migration/prj-local-0060-web-design-portfolio/prj-local-0060-web-design-portfolio_marketing_007.jpg,prj-local-0060-web-design-portfolio_marketing_007.jpg,YES,,P1
AST-000991,Tutor My Kid,tmk.jpg,GALLERY,MARKETING,TIER_4,NEEDS_RESTORE,PRJ-LOCAL-0060,Web Design Portfolio,media-migration/prj-local-0060-web-design-portfolio/prj-local-0060-web-design-portfolio_marketing_008.jpg,prj-local-0060-web-design-portfolio_marketing_008.jpg,YES,,P1
AST-000992,Your Lucky Eye,Your Lucky Eye 2.jpg,GALLERY,MARKETING,TIER_4,NEEDS_RESTORE,PRJ-LOCAL-0060,Web Design Portfolio,media-migration/prj-local-0060-web-design-portfolio/prj-local-0060-web-design-portfolio_marketing_009.jpg,prj-local-0060-web-design-portfolio_marketing_009.jpg,YES,,P1
AST-000993,Your Lucky Eye,your_lucky_eye.jpg,GALLERY,MARKETING,TIER_4,NEEDS_RESTORE,PRJ-LOCAL-0060,Web Design Portfolio,media-migration/prj-local-0060-web-design-portfolio/prj-local-0060-web-design-portfolio_marketing_010.jpg,prj-local-0060-web-design-portfolio_marketing_010.jpg,YES,,P1
AST-000355,Cleanser,Cleanser-1.jpg,GALLERY,MARKETING,TIER_4,NEEDS_RESTORE,PRJ-LOCAL-0070,Graphic Design Portfolio,media-migration/prj-local-0070-graphic-design-portfolio/prj-local-0070-graphic-design-portfolio_marketing_001.jpg,prj-local-0070-graphic-design-portfolio_marketing_001.jpg,YES,,P1
AST-000356,Cleanser,Cleanser-2.jpg,GALLERY,MARKETING,TIER_4,NEEDS_RESTORE,PRJ-LOCAL-0070,Graphic Design Portfolio,media-migration/prj-local-0070-graphic-design-portfolio/prj-local-0070-graphic-design-portfolio_marketing_002.jpg,prj-local-0070-graphic-design-portfolio_marketing_002.jpg,YES,,P1
AST-000357,Da Benito,da_Benito_2.jpg,GALLERY,MARKETING,TIER_4,NEEDS_RESTORE,PRJ-LOCAL-0070,Graphic Design Portfolio,media-migration/prj-local-0070-graphic-design-portfolio/prj-local-0070-graphic-design-portfolio_marketing_003.jpg,prj-local-0070-graphic-design-portfolio_marketing_003.jpg,YES,,P1
AST-000358,Da Benito,da_benito-1.jpg,GALLERY,MARKETING,TIER_4,NEEDS_RESTORE,PRJ-LOCAL-0070,Graphic Design Portfolio,media-migration/prj-local-0070-graphic-design-portfolio/prj-local-0070-graphic-design-portfolio_marketing_004.jpg,prj-local-0070-graphic-design-portfolio_marketing_004.jpg,YES,,P1
AST-000359,Heavenly,Heavenly_Cigar-1.jpg,GALLERY,MARKETING,TIER_4,NEEDS_RESTORE,PRJ-LOCAL-0070,Graphic Design Portfolio,media-migration/prj-local-0070-graphic-design-portfolio/prj-local-0070-graphic-design-portfolio_marketing_005.jpg,prj-local-0070-graphic-design-portfolio_marketing_005.jpg,YES,,P1
AST-000360,Jewelry,jewelry.jpg,GALLERY,MARKETING,TIER_4,NEEDS_RESTORE,PRJ-LOCAL-0070,Graphic Design Portfolio,media-migration/prj-local-0070-graphic-design-portfolio/prj-local-0070-graphic-design-portfolio_marketing_006.jpg,prj-local-0070-graphic-design-portfolio_marketing_006.jpg,YES,,P1
AST-000361,Jewelry,jewelry_2.jpg,GALLERY,MARKETING,TIER_4,NEEDS_RESTORE,PRJ-LOCAL-0070,Graphic Design Portfolio,media-migration/prj-local-0070-graphic-design-portfolio/prj-local-0070-graphic-design-portfolio_marketing_007.jpg,prj-local-0070-graphic-design-portfolio_marketing_007.jpg,YES,,P1
AST-000362,MCL Cafeteria,MCL_Cafeteria-1.jpg,GALLERY,MARKETING,TIER_4,NEEDS_RESTORE,PRJ-LOCAL-0070,Graphic Design Portfolio,media-migration/prj-local-0070-graphic-design-portfolio/prj-local-0070-graphic-design-portfolio_marketing_008.jpg,prj-local-0070-graphic-design-portfolio_marketing_008.jpg,YES,,P1
AST-000363,MCL Cafeteria,MCL_Cafeteria-2.jpg,GALLERY,MARKETING,TIER_4,NEEDS_RESTORE,PRJ-LOCAL-0070,Graphic Design Portfolio,media-migration/prj-local-0070-graphic-design-portfolio/prj-local-0070-graphic-design-portfolio_marketing_009.jpg,prj-local-0070-graphic-design-portfolio_marketing_009.jpg,YES,,P1
AST-000364,Mastique,Mastique-1.jpg,GALLERY,MARKETING,TIER_4,NEEDS_RESTORE,PRJ-LOCAL-0070,Graphic Design Portfolio,media-migration/prj-local-0070-graphic-design-portfolio/prj-local-0070-graphic-design-portfolio_marketing_010.jpg,prj-local-0070-graphic-design-portfolio_marketing_010.jpg,YES,,P1
AST-000365,Medical Advertising,medical_Advertising_1.jpg,GALLERY,MARKETING,TIER_4,NEEDS_RESTORE,PRJ-LOCAL-0070,Graphic Design Portfolio,media-migration/prj-local-0070-graphic-design-portfolio/prj-local-0070-graphic-design-portfolio_marketing_011.jpg,prj-local-0070-graphic-design-portfolio_marketing_011.jpg,YES,,P1
AST-000366,Medical Advertising,medical_Advertising_2.jpg,GALLERY,MARKETING,TIER_4,NEEDS_RESTORE,PRJ-LOCAL-0070,Graphic Design Portfolio,media-migration/prj-local-0070-graphic-design-portfolio/prj-local-0070-graphic-design-portfolio_marketing_012.jpg,prj-local-0070-graphic-design-portfolio_marketing_012.jpg,YES,,P1
AST-000367,Naples Lumber,Naples_Lumber-1.jpg,GALLERY,MARKETING,TIER_4,NEEDS_RESTORE,PRJ-LOCAL-0070,Graphic Design Portfolio,media-migration/prj-local-0070-graphic-design-portfolio/prj-local-0070-graphic-design-portfolio_marketing_013.jpg,prj-local-0070-graphic-design-portfolio_marketing_013.jpg,YES,,P1
AST-000368,Naples Lumber,Naples_Lumber-2.jpg,GALLERY,MARKETING,TIER_4,NEEDS_RESTORE,PRJ-LOCAL-0070,Graphic Design Portfolio,media-migration/prj-local-0070-graphic-design-portfolio/prj-local-0070-graphic-design-portfolio_marketing_014.jpg,prj-local-0070-graphic-design-portfolio_marketing_014.jpg,YES,,P1
AST-000369,Sioux City Sarsaparilla,Sarsaparilla-1.jpg,GALLERY,MARKETING,TIER_4,NEEDS_RESTORE,PRJ-LOCAL-0070,Graphic Design Portfolio,media-migration/prj-local-0070-graphic-design-portfolio/prj-local-0070-graphic-design-portfolio_marketing_015.jpg,prj-local-0070-graphic-design-portfolio_marketing_015.jpg,YES,,P1
AST-000370,Sioux City Sarsaparilla,Sarsaparilla-2.jpg,GALLERY,MARKETING,TIER_4,NEEDS_RESTORE,PRJ-LOCAL-0070,Graphic Design Portfolio,media-migration/prj-local-0070-graphic-design-portfolio/prj-local-0070-graphic-design-portfolio_marketing_016.jpg,prj-local-0070-graphic-design-portfolio_marketing_016.jpg,YES,,P1
AST-000851,Multi Level Prototyping,therapy_bike.jpg,PROCESS,ASSEMBLY,TIER_4,NEEDS_RESTORE,PRJ-LOCAL-0080,Prototyping Capabilities,media-migration/prj-local-0080-prototyping-capabilities/prj-local-0080-prototyping-capabilities_assembly_001.jpg,prj-local-0080-prototyping-capabilities_assembly_001.jpg,YES,,P1
AST-000852,Multi Level Prototyping,therapy_bike2.jpg,PROCESS,ASSEMBLY,TIER_4,NEEDS_RESTORE,PRJ-LOCAL-0080,Prototyping Capabilities,media-migration/prj-local-0080-prototyping-capabilities/prj-local-0080-prototyping-capabilities_assembly_002.jpg,prj-local-0080-prototyping-capabilities_assembly_002.jpg,YES,,P1
AST-000858,Sheet Metal + RTV Tooling,PAP1.jpg,PROCESS,TOOLING,TIER_4,NEEDS_RESTORE,PRJ-LOCAL-0080,Prototyping Capabilities,media-migration/prj-local-0080-prototyping-capabilities/prj-local-0080-prototyping-capabilities_tooling_001.jpg,prj-local-0080-prototyping-capabilities_tooling_001.jpg,YES,,P1
AST-000859,Sheet Metal + RTV Tooling,pap2.jpg,PROCESS,TOOLING,TIER_4,NEEDS_RESTORE,PRJ-LOCAL-0080,Prototyping Capabilities,media-migration/prj-local-0080-prototyping-capabilities/prj-local-0080-prototyping-capabilities_tooling_002.jpg,prj-local-0080-prototyping-capabilities_tooling_002.jpg,YES,,P1
AST-000860,Sheet Metal + RTV Tooling,pap3.jpg,PROCESS,TOOLING,TIER_4,NEEDS_RESTORE,PRJ-LOCAL-0080,Prototyping Capabilities,media-migration/prj-local-0080-prototyping-capabilities/prj-local-0080-prototyping-capabilities_tooling_003.jpg,prj-local-0080-prototyping-capabilities_tooling_003.jpg,YES,,P1
AST-000861,Sheet Metal + RTV Tooling,pap4.jpg,PROCESS,TOOLING,TIER_4,NEEDS_RESTORE,PRJ-LOCAL-0080,Prototyping Capabilities,media-migration/prj-local-0080-prototyping-capabilities/prj-local-0080-prototyping-capabilities_tooling_004.jpg,prj-local-0080-prototyping-capabilities_tooling_004.jpg,YES,,P1
AST-000862,Sheet Metal + RTV Tooling,pap5.jpg,PROCESS,TOOLING,TIER_4,NEEDS_RESTORE,PRJ-LOCAL-0080,Prototyping Capabilities,media-migration/prj-local-0080-prototyping-capabilities/prj-local-0080-prototyping-capabilities_tooling_005.jpg,prj-local-0080-prototyping-capabilities_tooling_005.jpg,YES,,P1
AST-000863,Sheet Metal + RTV Tooling,pap6.jpg,PROCESS,TOOLING,TIER_4,NEEDS_RESTORE,PRJ-LOCAL-0080,Prototyping Capabilities,media-migration/prj-local-0080-prototyping-capabilities/prj-local-0080-prototyping-capabilities_tooling_006.jpg,prj-local-0080-prototyping-capabilities_tooling_006.jpg,YES,,P1
AST-000303,Barcode Scanner,bs.jpg,GALLERY,FINAL_PRODUCT,TIER_4,NEEDS_RESTORE,PRJ-LOCAL-0085,Commercial Products Portfolio,media-migration/prj-local-0085-commercial-products-portf/prj-local-0085-commercial-products-portf_final-product_001.jpg,prj-local-0085-commercial-products-portf_final-product_001.jpg,YES,,P1
AST-000304,Barcode Scanner,bs_2.jpg,GALLERY,FINAL_PRODUCT,TIER_4,NEEDS_RESTORE,PRJ-LOCAL-0085,Commercial Products Portfolio,media-migration/prj-local-0085-commercial-products-portf/prj-local-0085-commercial-products-portf_final-product_002.jpg,prj-local-0085-commercial-products-portf_final-product_002.jpg,YES,,P1
AST-000305,Dictaphone,Dictaphone-1.jpg,GALLERY,FINAL_PRODUCT,TIER_4,NEEDS_RESTORE,PRJ-LOCAL-0085,Commercial Products Portfolio,media-migration/prj-local-0085-commercial-products-portf/prj-local-0085-commercial-products-portf_final-product_003.jpg,prj-local-0085-commercial-products-portf_final-product_003.jpg,YES,,P1
AST-000306,Dictaphone,Dictaphone-2.jpg,GALLERY,FINAL_PRODUCT,TIER_4,NEEDS_RESTORE,PRJ-LOCAL-0085,Commercial Products Portfolio,media-migration/prj-local-0085-commercial-products-portf/prj-local-0085-commercial-products-portf_final-product_004.jpg,prj-local-0085-commercial-products-portf_final-product_004.jpg,YES,,P1
AST-000311,Hand Dryer,hand_dryer_1.jpg,GALLERY,FINAL_PRODUCT,TIER_4,NEEDS_RESTORE,PRJ-LOCAL-0085,Commercial Products Portfolio,media-migration/prj-local-0085-commercial-products-portf/prj-local-0085-commercial-products-portf_final-product_005.jpg,prj-local-0085-commercial-products-portf_final-product_005.jpg,YES,,P1
AST-000312,Hand Dryer,hand_dryer_2.jpg,GALLERY,FINAL_PRODUCT,TIER_4,NEEDS_RESTORE,PRJ-LOCAL-0085,Commercial Products Portfolio,media-migration/prj-local-0085-commercial-products-portf/prj-local-0085-commercial-products-portf_final-product_006.jpg,prj-local-0085-commercial-products-portf_final-product_006.jpg,YES,,P1
AST-000315,Soup Server,Soup_Server-1.jpg,GALLERY,FINAL_PRODUCT,TIER_4,NEEDS_RESTORE,PRJ-LOCAL-0085,Commercial Products Portfolio,media-migration/prj-local-0085-commercial-products-portf/prj-local-0085-commercial-products-portf_final-product_007.jpg,prj-local-0085-commercial-products-portf_final-product_007.jpg,YES,,P1
AST-000316,Soup Server,Soup_Server-2.jpg,GALLERY,FINAL_PRODUCT,TIER_4,NEEDS_RESTORE,PRJ-LOCAL-0085,Commercial Products Portfolio,media-migration/prj-local-0085-commercial-products-portf/prj-local-0085-commercial-products-portf_final-product_008.jpg,prj-local-0085-commercial-products-portf_final-product_008.jpg,YES,,P1
AST-000317,Staircase,Staircase-1.jpg,GALLERY,FINAL_PRODUCT,TIER_4,NEEDS_RESTORE,PRJ-LOCAL-0085,Commercial Products Portfolio,media-migration/prj-local-0085-commercial-products-portf/prj-local-0085-commercial-products-portf_final-product_009.jpg,prj-local-0085-commercial-products-portf_final-product_009.jpg,YES,,P1
AST-000318,Staircase,Staircase-2.jpg,GALLERY,FINAL_PRODUCT,TIER_4,NEEDS_RESTORE,PRJ-LOCAL-0085,Commercial Products Portfolio,media-migration/prj-local-0085-commercial-products-portf/prj-local-0085-commercial-products-portf_final-product_010.jpg,prj-local-0085-commercial-products-portf_final-product_010.jpg,YES,,P1
AST-000333,CD Player,cd_player_1.jpg,GALLERY,FINAL_PRODUCT,TIER_4,NEEDS_RESTORE,PRJ-LOCAL-0090,Consumer Electronics Portfolio,media-migration/prj-local-0090-consumer-electronics-port/prj-local-0090-consumer-electronics-port_final-product_001.jpg,prj-local-0090-consumer-electronics-port_final-product_001.jpg,YES,,P1
AST-000334,CD Player,cd_player_2.jpg,GALLERY,FINAL_PRODUCT,TIER_4,NEEDS_RESTORE,PRJ-LOCAL-0090,Consumer Electronics Portfolio,media-migration/prj-local-0090-consumer-electronics-port/prj-local-0090-consumer-electronics-port_final-product_002.jpg,prj-local-0090-consumer-electronics-port_final-product_002.jpg,YES,,P1
AST-000335,Cam Corder (Portable Camera),Camcorder-1.jpg,GALLERY,FINAL_PRODUCT,TIER_4,NEEDS_RESTORE,PRJ-LOCAL-0090,Consumer Electronics Portfolio,media-migration/prj-local-0090-consumer-electronics-port/prj-local-0090-consumer-electronics-port_final-product_003.jpg,prj-local-0090-consumer-electronics-port_final-product_003.jpg,YES,,P1
AST-000336,Cam Corder (Portable Camera),Camcorder-2.jpg,GALLERY,FINAL_PRODUCT,TIER_4,NEEDS_RESTORE,PRJ-LOCAL-0090,Consumer Electronics Portfolio,media-migration/prj-local-0090-consumer-electronics-port/prj-local-0090-consumer-electronics-port_final-product_004.jpg,prj-local-0090-consumer-electronics-port_final-product_004.jpg,YES,,P1
AST-000337,DVD Player,DVD Player.jpg,GALLERY,FINAL_PRODUCT,TIER_4,NEEDS_RESTORE,PRJ-LOCAL-0090,Consumer Electronics Portfolio,media-migration/prj-local-0090-consumer-electronics-port/prj-local-0090-consumer-electronics-port_final-product_005.jpg,prj-local-0090-consumer-electronics-port_final-product_005.jpg,YES,,P1
AST-000338,DVD Player,DVD Player_2.jpg,GALLERY,FINAL_PRODUCT,TIER_4,NEEDS_RESTORE,PRJ-LOCAL-0090,Consumer Electronics Portfolio,media-migration/prj-local-0090-consumer-electronics-port/prj-local-0090-consumer-electronics-port_final-product_006.jpg,prj-local-0090-consumer-electronics-port_final-product_006.jpg,YES,,P1
AST-000339,Handheld Massager,Handheld_Massager-1.jpg,GALLERY,FINAL_PRODUCT,TIER_4,NEEDS_RESTORE,PRJ-LOCAL-0090,Consumer Electronics Portfolio,media-migration/prj-local-0090-consumer-electronics-port/prj-local-0090-consumer-electronics-port_final-product_007.jpg,prj-local-0090-consumer-electronics-port_final-product_007.jpg,YES,,P1
AST-000340,Handheld Massager,Handheld_Massager-2.jpg,GALLERY,FINAL_PRODUCT,TIER_4,NEEDS_RESTORE,PRJ-LOCAL-0090,Consumer Electronics Portfolio,media-migration/prj-local-0090-consumer-electronics-port/prj-local-0090-consumer-electronics-port_final-product_008.jpg,prj-local-0090-consumer-electronics-port_final-product_008.jpg,YES,,P1
AST-000341,Hard Drive Tower,hard_drive_tower_1.jpg,GALLERY,FINAL_PRODUCT,TIER_4,NEEDS_RESTORE,PRJ-LOCAL-0090,Consumer Electronics Portfolio,media-migration/prj-local-0090-consumer-electronics-port/prj-local-0090-consumer-electronics-port_final-product_009.jpg,prj-local-0090-consumer-electronics-port_final-product_009.jpg,YES,,P1
AST-000342,Hard Drive Tower,hard_drive_tower_2.jpg,GALLERY,FINAL_PRODUCT,TIER_4,NEEDS_RESTORE,PRJ-LOCAL-0090,Consumer Electronics Portfolio,media-migration/prj-local-0090-consumer-electronics-port/prj-local-0090-consumer-electronics-port_final-product_010.jpg,prj-local-0090-consumer-electronics-port_final-product_010.jpg,YES,,P1
AST-000343,Portable Shredder,portable_shredder_1.jpg,GALLERY,FINAL_PRODUCT,TIER_4,NEEDS_RESTORE,PRJ-LOCAL-0090,Consumer Electronics Portfolio,media-migration/prj-local-0090-consumer-electronics-port/prj-local-0090-consumer-electronics-port_final-product_011.jpg,prj-local-0090-consumer-electronics-port_final-product_011.jpg,YES,,P1
AST-000344,Portable Shredder,portable_shredder_2.jpg,GALLERY,FINAL_PRODUCT,TIER_4,NEEDS_RESTORE,PRJ-LOCAL-0090,Consumer Electronics Portfolio,media-migration/prj-local-0090-consumer-electronics-port/prj-local-0090-consumer-electronics-port_final-product_012.jpg,prj-local-0090-consumer-electronics-port_final-product_012.jpg,YES,,P1
AST-000345,Submersible Tablet,submersible_tablet_1.jpg,GALLERY,FINAL_PRODUCT,TIER_4,NEEDS_RESTORE,PRJ-LOCAL-0090,Consumer Electronics Portfolio,media-migration/prj-local-0090-consumer-electronics-port/prj-local-0090-consumer-electronics-port_final-product_013.jpg,prj-local-0090-consumer-electronics-port_final-product_013.jpg,YES,,P1
AST-000346,Submersible Tablet,submersible_tablet_2.jpg,GALLERY,FINAL_PRODUCT,TIER_4,NEEDS_RESTORE,PRJ-LOCAL-0090,Consumer Electronics Portfolio,media-migration/prj-local-0090-consumer-electronics-port/prj-local-0090-consumer-electronics-port_final-product_014.jpg,prj-local-0090-consumer-electronics-port_final-product_014.jpg,YES,,P1
AST-000347,Tablet,tablet_1.jpg,GALLERY,FINAL_PRODUCT,TIER_4,NEEDS_RESTORE,PRJ-LOCAL-0090,Consumer Electronics Portfolio,media-migration/prj-local-0090-consumer-electronics-port/prj-local-0090-consumer-electronics-port_final-product_015.jpg,prj-local-0090-consumer-electronics-port_final-product_015.jpg,YES,,P1
AST-000348,Tablet,tablet_2.jpg,GALLERY,FINAL_PRODUCT,TIER_4,NEEDS_RESTORE,PRJ-LOCAL-0090,Consumer Electronics Portfolio,media-migration/prj-local-0090-consumer-electronics-port/prj-local-0090-consumer-electronics-port_final-product_016.jpg,prj-local-0090-consumer-electronics-port_final-product_016.jpg,YES,,P1
AST-000349,Universal Remote Control,remote.jpg,GALLERY,FINAL_PRODUCT,TIER_4,NEEDS_RESTORE,PRJ-LOCAL-0090,Consumer Electronics Portfolio,media-migration/prj-local-0090-consumer-electronics-port/prj-local-0090-consumer-electronics-port_final-product_017.jpg,prj-local-0090-consumer-electronics-port_final-product_017.jpg,YES,,P1
AST-000350,Universal Remote Control,universal_remote_control.jpg,GALLERY,FINAL_PRODUCT,TIER_4,NEEDS_RESTORE,PRJ-LOCAL-0090,Consumer Electronics Portfolio,media-migration/prj-local-0090-consumer-electronics-port/prj-local-0090-consumer-electronics-port_final-product_018.jpg,prj-local-0090-consumer-electronics-port_final-product_018.jpg,YES,,P1
AST-000351,Video Player,video_player_1.jpg,GALLERY,FINAL_PRODUCT,TIER_4,NEEDS_RESTORE,PRJ-LOCAL-0090,Consumer Electronics Portfolio,media-migration/prj-local-0090-consumer-electronics-port/prj-local-0090-consumer-electronics-port_final-product_019.jpg,prj-local-0090-consumer-electronics-port_final-product_019.jpg,YES,,P1
AST-000352,Video Player,video_player_2.jpg,GALLERY,FINAL_PRODUCT,TIER_4,NEEDS_RESTORE,PRJ-LOCAL-0090,Consumer Electronics Portfolio,media-migration/prj-local-0090-consumer-electronics-port/prj-local-0090-consumer-electronics-port_final-product_020.jpg,prj-local-0090-consumer-electronics-port_final-product_020.jpg,YES,,P1
AST-000353,Wireless Tower,Wireless_Tower_1.jpg,GALLERY,FINAL_PRODUCT,TIER_4,NEEDS_RESTORE,PRJ-LOCAL-0090,Consumer Electronics Portfolio,media-migration/prj-local-0090-consumer-electronics-port/prj-local-0090-consumer-electronics-port_final-product_021.jpg,prj-local-0090-consumer-electronics-port_final-product_021.jpg,YES,,P1
AST-000354,Wireless Tower,Wireless_Tower_2.jpg,GALLERY,FINAL_PRODUCT,TIER_4,NEEDS_RESTORE,PRJ-LOCAL-0090,Consumer Electronics Portfolio,media-migration/prj-local-0090-consumer-electronics-port/prj-local-0090-consumer-electronics-port_final-product_022.jpg,prj-local-0090-consumer-electronics-port_final-product_022.jpg,YES,,P1
AST-000322,Business Phone,Business_phone-1.jpg,GALLERY,FINAL_PRODUCT,TIER_4,NEEDS_RESTORE,PRJ-LOCAL-0091,Communication Devices Portfolio,media-migration/prj-local-0091-communication-devices-por/prj-local-0091-communication-devices-por_final-product_001.jpg,prj-local-0091-communication-devices-por_final-product_001.jpg,YES,,P1
AST-000323,Business Phone,PHONE-1.jpg,GALLERY,FINAL_PRODUCT,TIER_4,NEEDS_RESTORE,PRJ-LOCAL-0091,Communication Devices Portfolio,media-migration/prj-local-0091-communication-devices-por/prj-local-0091-communication-devices-por_final-product_002.jpg,prj-local-0091-communication-devices-por_final-product_002.jpg,YES,,P1
AST-000324,GPS Navigator,GPS_Navigator-1.jpg,GALLERY,FINAL_PRODUCT,TIER_4,NEEDS_RESTORE,PRJ-LOCAL-0091,Communication Devices Portfolio,media-migration/prj-local-0091-communication-devices-por/prj-local-0091-communication-devices-por_final-product_003.jpg,prj-local-0091-communication-devices-por_final-product_003.jpg,YES,,P1
AST-000325,GPS Navigator,GPS_Navigator-2.jpg,GALLERY,FINAL_PRODUCT,TIER_4,NEEDS_RESTORE,PRJ-LOCAL-0091,Communication Devices Portfolio,media-migration/prj-local-0091-communication-devices-por/prj-local-0091-communication-devices-por_final-product_004.jpg,prj-local-0091-communication-devices-por_final-product_004.jpg,YES,,P1
AST-000326,PDA,PDA-1.jpg,GALLERY,FINAL_PRODUCT,TIER_4,NEEDS_RESTORE,PRJ-LOCAL-0091,Communication Devices Portfolio,media-migration/prj-local-0091-communication-devices-por/prj-local-0091-communication-devices-por_final-product_005.jpg,prj-local-0091-communication-devices-por_final-product_005.jpg,YES,,P1
AST-000327,PDA,PDA-2.jpg,GALLERY,FINAL_PRODUCT,TIER_4,NEEDS_RESTORE,PRJ-LOCAL-0091,Communication Devices Portfolio,media-migration/prj-local-0091-communication-devices-por/prj-local-0091-communication-devices-por_final-product_006.jpg,prj-local-0091-communication-devices-por_final-product_006.jpg,YES,,P1
AST-000328,Payphone,payphone.jpg,GALLERY,FINAL_PRODUCT,TIER_4,NEEDS_RESTORE,PRJ-LOCAL-0091,Communication Devices Portfolio,media-migration/prj-local-0091-communication-devices-por/prj-local-0091-communication-devices-por_final-product_007.jpg,prj-local-0091-communication-devices-por_final-product_007.jpg,YES,,P1
AST-000329,Walkie Talkie,Walkie_Talkie-1.jpg,GALLERY,FINAL_PRODUCT,TIER_4,NEEDS_RESTORE,PRJ-LOCAL-0091,Communication Devices Portfolio,media-migration/prj-local-0091-communication-devices-por/prj-local-0091-communication-devices-por_final-product_008.jpg,prj-local-0091-communication-devices-por_final-product_008.jpg,YES,,P1
AST-000330,Walkie Talkie,Walkie_Talkie-2.jpg,GALLERY,FINAL_PRODUCT,TIER_4,NEEDS_RESTORE,PRJ-LOCAL-0091,Communication Devices Portfolio,media-migration/prj-local-0091-communication-devices-por/prj-local-0091-communication-devices-por_final-product_009.jpg,prj-local-0091-communication-devices-por_final-product_009.jpg,YES,,P1
AST-000331,iPhone Case,Communication_main_2.jpg,GALLERY,FINAL_PRODUCT,TIER_4,NEEDS_RESTORE,PRJ-LOCAL-0091,Communication Devices Portfolio,media-migration/prj-local-0091-communication-devices-por/prj-local-0091-communication-devices-por_final-product_010.jpg,prj-local-0091-communication-devices-por_final-product_010.jpg,YES,,P1
AST-000332,iPhone Case,Communication_main_img.jpg,GALLERY,FINAL_PRODUCT,TIER_4,NEEDS_RESTORE,PRJ-LOCAL-0091,Communication Devices Portfolio,media-migration/prj-local-0091-communication-devices-por/prj-local-0091-communication-devices-por_final-product_011.jpg,prj-local-0091-communication-devices-por_final-product_011.jpg,YES,,P1
AST-000268,Air Conditioning Fan,FAN1.jpg,GALLERY,FINAL_PRODUCT,TIER_4,NEEDS_RESTORE,PRJ-LOCAL-0092,Appliances Portfolio,media-migration/prj-local-0092-appliances-portfolio/prj-local-0092-appliances-portfolio_final-product_001.jpg,prj-local-0092-appliances-portfolio_final-product_001.jpg,YES,,P1
AST-000269,Air Conditioning Fan,FAN2.jpg,GALLERY,FINAL_PRODUCT,TIER_4,NEEDS_RESTORE,PRJ-LOCAL-0092,Appliances Portfolio,media-migration/prj-local-0092-appliances-portfolio/prj-local-0092-appliances-portfolio_final-product_002.jpg,prj-local-0092-appliances-portfolio_final-product_002.jpg,YES,,P1
AST-000270,Air Conditioning Fan,FAN3.jpg,GALLERY,FINAL_PRODUCT,TIER_4,NEEDS_RESTORE,PRJ-LOCAL-0092,Appliances Portfolio,media-migration/prj-local-0092-appliances-portfolio/prj-local-0092-appliances-portfolio_final-product_003.jpg,prj-local-0092-appliances-portfolio_final-product_003.jpg,YES,,P1
AST-000271,Coffee Maker,coffee.jpg,GALLERY,FINAL_PRODUCT,TIER_4,NEEDS_RESTORE,PRJ-LOCAL-0092,Appliances Portfolio,media-migration/prj-local-0092-appliances-portfolio/prj-local-0092-appliances-portfolio_final-product_004.jpg,prj-local-0092-appliances-portfolio_final-product_004.jpg,YES,,P1
AST-000272,Coffee Maker,coffee2.jpg,GALLERY,FINAL_PRODUCT,TIER_4,NEEDS_RESTORE,PRJ-LOCAL-0092,Appliances Portfolio,media-migration/prj-local-0092-appliances-portfolio/prj-local-0092-appliances-portfolio_final-product_005.jpg,prj-local-0092-appliances-portfolio_final-product_005.jpg,YES,,P1
AST-000273,Refrigerator 1,Refrigerator_1.jpg,GALLERY,FINAL_PRODUCT,TIER_4,NEEDS_RESTORE,PRJ-LOCAL-0092,Appliances Portfolio,media-migration/prj-local-0092-appliances-portfolio/prj-local-0092-appliances-portfolio_final-product_006.jpg,prj-local-0092-appliances-portfolio_final-product_006.jpg,YES,,P1
AST-000274,Refrigerator 1,Refrigerator_1_b.jpg,GALLERY,FINAL_PRODUCT,TIER_4,NEEDS_RESTORE,PRJ-LOCAL-0092,Appliances Portfolio,media-migration/prj-local-0092-appliances-portfolio/prj-local-0092-appliances-portfolio_final-product_007.jpg,prj-local-0092-appliances-portfolio_final-product_007.jpg,YES,,P1
AST-000275,Refrigerator 2,Refrigerator_2-1.jpg,GALLERY,FINAL_PRODUCT,TIER_4,NEEDS_RESTORE,PRJ-LOCAL-0092,Appliances Portfolio,media-migration/prj-local-0092-appliances-portfolio/prj-local-0092-appliances-portfolio_final-product_008.jpg,prj-local-0092-appliances-portfolio_final-product_008.jpg,YES,,P1
AST-000276,Refrigerator 2,Refrigerator_2-1_2.jpg,GALLERY,FINAL_PRODUCT,TIER_4,NEEDS_RESTORE,PRJ-LOCAL-0092,Appliances Portfolio,media-migration/prj-local-0092-appliances-portfolio/prj-local-0092-appliances-portfolio_final-product_009.jpg,prj-local-0092-appliances-portfolio_final-product_009.jpg,YES,,P1
AST-000277,Vacuum Cleaner,Vacuum_Cleaner-1.jpg,GALLERY,FINAL_PRODUCT,TIER_4,NEEDS_RESTORE,PRJ-LOCAL-0092,Appliances Portfolio,media-migration/prj-local-0092-appliances-portfolio/prj-local-0092-appliances-portfolio_final-product_010.jpg,prj-local-0092-appliances-portfolio_final-product_010.jpg,YES,,P1
AST-000278,Vacuum Cleaner,Vacuum_Cleaner-2.jpg,GALLERY,FINAL_PRODUCT,TIER_4,NEEDS_RESTORE,PRJ-LOCAL-0092,Appliances Portfolio,media-migration/prj-local-0092-appliances-portfolio/prj-local-0092-appliances-portfolio_final-product_011.jpg,prj-local-0092-appliances-portfolio_final-product_011.jpg,YES,,P1
AST-000373,Dehumidifier,dehumidifier.jpg,GALLERY,FINAL_PRODUCT,TIER_4,NEEDS_RESTORE,PRJ-LOCAL-0093,Home Goods Portfolio,media-migration/prj-local-0093-home-goods-portfolio/prj-local-0093-home-goods-portfolio_final-product_001.jpg,prj-local-0093-home-goods-portfolio_final-product_001.jpg,YES,,P1
AST-000374,Dehumidifier,dehumidifier2.jpg,GALLERY,FINAL_PRODUCT,TIER_4,NEEDS_RESTORE,PRJ-LOCAL-0093,Home Goods Portfolio,media-migration/prj-local-0093-home-goods-portfolio/prj-local-0093-home-goods-portfolio_final-product_002.jpg,prj-local-0093-home-goods-portfolio_final-product_002.jpg,YES,,P1
AST-000375,Fan Tower,Ionizer-1.jpg,GALLERY,FINAL_PRODUCT,TIER_4,NEEDS_RESTORE,PRJ-LOCAL-0093,Home Goods Portfolio,media-migration/prj-local-0093-home-goods-portfolio/prj-local-0093-home-goods-portfolio_final-product_003.jpg,prj-local-0093-home-goods-portfolio_final-product_003.jpg,YES,,P1
AST-000376,Fan Tower,Ionizer-2.jpg,GALLERY,FINAL_PRODUCT,TIER_4,NEEDS_RESTORE,PRJ-LOCAL-0093,Home Goods Portfolio,media-migration/prj-local-0093-home-goods-portfolio/prj-local-0093-home-goods-portfolio_final-product_004.jpg,prj-local-0093-home-goods-portfolio_final-product_004.jpg,YES,,P1
AST-000377,Ionizer,Ionizer-1.jpg,GALLERY,FINAL_PRODUCT,TIER_4,NEEDS_RESTORE,PRJ-LOCAL-0093,Home Goods Portfolio,media-migration/prj-local-0093-home-goods-portfolio/prj-local-0093-home-goods-portfolio_final-product_005.jpg,prj-local-0093-home-goods-portfolio_final-product_005.jpg,NO,DUPLICATE_SKIP,P1
AST-000378,Ionizer,Ionizer-2.jpg,GALLERY,FINAL_PRODUCT,TIER_4,NEEDS_RESTORE,PRJ-LOCAL-0093,Home Goods Portfolio,media-migration/prj-local-0093-home-goods-portfolio/prj-local-0093-home-goods-portfolio_final-product_006.jpg,prj-local-0093-home-goods-portfolio_final-product_006.jpg,NO,DUPLICATE_SKIP,P1
AST-000379,Speaker Tower,Speaker_Tower-1.jpg,GALLERY,FINAL_PRODUCT,TIER_4,NEEDS_RESTORE,PRJ-LOCAL-0093,Home Goods Portfolio,media-migration/prj-local-0093-home-goods-portfolio/prj-local-0093-home-goods-portfolio_final-product_007.jpg,prj-local-0093-home-goods-portfolio_final-product_007.jpg,YES,,P1
AST-000832,All-in-One Grill,All_in_One_Grill-2.jpg,GALLERY,FINAL_PRODUCT,TIER_4,NEEDS_RESTORE,PRJ-LOCAL-0094,Outdoor & Sports Portfolio,media-migration/prj-local-0094-outdoor-sports-portfolio/prj-local-0094-outdoor-sports-portfolio_final-product_001.jpg,prj-local-0094-outdoor-sports-portfolio_final-product_001.jpg,YES,,P1
AST-000833,All-in-One Grill,Outdoor Products_main_img.jpg,GALLERY,FINAL_PRODUCT,TIER_4,NEEDS_RESTORE,PRJ-LOCAL-0094,Outdoor & Sports Portfolio,media-migration/prj-local-0094-outdoor-sports-portfolio/prj-local-0094-outdoor-sports-portfolio_final-product_002.jpg,prj-local-0094-outdoor-sports-portfolio_final-product_002.jpg,YES,,P1
AST-000834,Diving Goggle (with Camera),goggles1.jpg,GALLERY,FINAL_PRODUCT,TIER_4,NEEDS_RESTORE,PRJ-LOCAL-0094,Outdoor & Sports Portfolio,media-migration/prj-local-0094-outdoor-sports-portfolio/prj-local-0094-outdoor-sports-portfolio_final-product_003.jpg,prj-local-0094-outdoor-sports-portfolio_final-product_003.jpg,YES,,P1
AST-000835,Diving Goggle (with Camera),goggles2.jpg,GALLERY,FINAL_PRODUCT,TIER_4,NEEDS_RESTORE,PRJ-LOCAL-0094,Outdoor & Sports Portfolio,media-migration/prj-local-0094-outdoor-sports-portfolio/prj-local-0094-outdoor-sports-portfolio_final-product_004.jpg,prj-local-0094-outdoor-sports-portfolio_final-product_004.jpg,YES,,P1
AST-000836,Diving Goggle (with Camera),goggles3.jpg,GALLERY,FINAL_PRODUCT,TIER_4,NEEDS_RESTORE,PRJ-LOCAL-0094,Outdoor & Sports Portfolio,media-migration/prj-local-0094-outdoor-sports-portfolio/prj-local-0094-outdoor-sports-portfolio_final-product_005.jpg,prj-local-0094-outdoor-sports-portfolio_final-product_005.jpg,YES,,P1
AST-000837,LED Street Light,windsor30.jpg,GALLERY,FINAL_PRODUCT,TIER_4,NEEDS_RESTORE,PRJ-LOCAL-0094,Outdoor & Sports Portfolio,media-migration/prj-local-0094-outdoor-sports-portfolio/prj-local-0094-outdoor-sports-portfolio_final-product_006.jpg,prj-local-0094-outdoor-sports-portfolio_final-product_006.jpg,YES,,P1
AST-000838,LED Street Light,windsor30_1.jpg,GALLERY,FINAL_PRODUCT,TIER_4,NEEDS_RESTORE,PRJ-LOCAL-0094,Outdoor & Sports Portfolio,media-migration/prj-local-0094-outdoor-sports-portfolio/prj-local-0094-outdoor-sports-portfolio_final-product_007.jpg,prj-local-0094-outdoor-sports-portfolio_final-product_007.jpg,YES,,P1
AST-000839,Mosquito Deleto,Mosquito_Deleto.jpg,GALLERY,FINAL_PRODUCT,TIER_4,NEEDS_RESTORE,PRJ-LOCAL-0094,Outdoor & Sports Portfolio,media-migration/prj-local-0094-outdoor-sports-portfolio/prj-local-0094-outdoor-sports-portfolio_final-product_008.jpg,prj-local-0094-outdoor-sports-portfolio_final-product_008.jpg,YES,,P1
AST-000840,Mosquito Deleto,Mosquito_Deleto_2.jpg,GALLERY,FINAL_PRODUCT,TIER_4,NEEDS_RESTORE,PRJ-LOCAL-0094,Outdoor & Sports Portfolio,media-migration/prj-local-0094-outdoor-sports-portfolio/prj-local-0094-outdoor-sports-portfolio_final-product_009.jpg,prj-local-0094-outdoor-sports-portfolio_final-product_009.jpg,YES,,P1
AST-000841,Waterproof Case,waterproof_case-1.jpg,GALLERY,FINAL_PRODUCT,TIER_4,NEEDS_RESTORE,PRJ-LOCAL-0094,Outdoor & Sports Portfolio,media-migration/prj-local-0094-outdoor-sports-portfolio/prj-local-0094-outdoor-sports-portfolio_final-product_010.jpg,prj-local-0094-outdoor-sports-portfolio_final-product_010.jpg,YES,,P1
AST-000842,Waterproof Case,waterproof_case-2.jpg,GALLERY,FINAL_PRODUCT,TIER_4,NEEDS_RESTORE,PRJ-LOCAL-0094,Outdoor & Sports Portfolio,media-migration/prj-local-0094-outdoor-sports-portfolio/prj-local-0094-outdoor-sports-portfolio_final-product_011.jpg,prj-local-0094-outdoor-sports-portfolio_final-product_011.jpg,YES,,P1
AST-000902,Dumbbells,Dumbbells-1.jpg,GALLERY,FINAL_PRODUCT,TIER_4,NEEDS_RESTORE,PRJ-LOCAL-0094,Outdoor & Sports Portfolio,media-migration/prj-local-0094-outdoor-sports-portfolio/prj-local-0094-outdoor-sports-portfolio_final-product_012.jpg,prj-local-0094-outdoor-sports-portfolio_final-product_012.jpg,YES,,P1
AST-000903,Dumbbells,Dumbbells-2.jpg,GALLERY,FINAL_PRODUCT,TIER_4,NEEDS_RESTORE,PRJ-LOCAL-0094,Outdoor & Sports Portfolio,media-migration/prj-local-0094-outdoor-sports-portfolio/prj-local-0094-outdoor-sports-portfolio_final-product_013.jpg,prj-local-0094-outdoor-sports-portfolio_final-product_013.jpg,YES,,P1
AST-000904,Golf Caddy,golf_caddy-1.jpg,GALLERY,FINAL_PRODUCT,TIER_4,NEEDS_RESTORE,PRJ-LOCAL-0094,Outdoor & Sports Portfolio,media-migration/prj-local-0094-outdoor-sports-portfolio/prj-local-0094-outdoor-sports-portfolio_final-product_014.jpg,prj-local-0094-outdoor-sports-portfolio_final-product_014.jpg,YES,,P1
AST-000905,Golf Caddy,golf_caddy-2.jpg,GALLERY,FINAL_PRODUCT,TIER_4,NEEDS_RESTORE,PRJ-LOCAL-0094,Outdoor & Sports Portfolio,media-migration/prj-local-0094-outdoor-sports-portfolio/prj-local-0094-outdoor-sports-portfolio_final-product_015.jpg,prj-local-0094-outdoor-sports-portfolio_final-product_015.jpg,YES,,P1
AST-000908,Pedometer,pedometer-1.jpg,GALLERY,FINAL_PRODUCT,TIER_4,NEEDS_RESTORE,PRJ-LOCAL-0094,Outdoor & Sports Portfolio,media-migration/prj-local-0094-outdoor-sports-portfolio/prj-local-0094-outdoor-sports-portfolio_final-product_016.jpg,prj-local-0094-outdoor-sports-portfolio_final-product_016.jpg,YES,,P1
AST-000909,Pedometer,pedometer-2.jpg,GALLERY,FINAL_PRODUCT,TIER_4,NEEDS_RESTORE,PRJ-LOCAL-0094,Outdoor & Sports Portfolio,media-migration/prj-local-0094-outdoor-sports-portfolio/prj-local-0094-outdoor-sports-portfolio_final-product_017.jpg,prj-local-0094-outdoor-sports-portfolio_final-product_017.jpg,YES,,P1
AST-000910,Putter,putter_1.jpg,GALLERY,FINAL_PRODUCT,TIER_4,NEEDS_RESTORE,PRJ-LOCAL-0094,Outdoor & Sports Portfolio,media-migration/prj-local-0094-outdoor-sports-portfolio/prj-local-0094-outdoor-sports-portfolio_final-product_018.jpg,prj-local-0094-outdoor-sports-portfolio_final-product_018.jpg,YES,,P1
AST-000911,Putter,putter_2.jpg,GALLERY,FINAL_PRODUCT,TIER_4,NEEDS_RESTORE,PRJ-LOCAL-0094,Outdoor & Sports Portfolio,media-migration/prj-local-0094-outdoor-sports-portfolio/prj-local-0094-outdoor-sports-portfolio_final-product_019.jpg,prj-local-0094-outdoor-sports-portfolio_final-product_019.jpg,YES,,P1
AST-000912,Roller Blades,Roller_Blade-1.jpg,GALLERY,FINAL_PRODUCT,TIER_4,NEEDS_RESTORE,PRJ-LOCAL-0094,Outdoor & Sports Portfolio,media-migration/prj-local-0094-outdoor-sports-portfolio/prj-local-0094-outdoor-sports-portfolio_final-product_020.jpg,prj-local-0094-outdoor-sports-portfolio_final-product_020.jpg,YES,,P1
AST-000913,Roller Blades,Roller_Blade-2.jpg,GALLERY,FINAL_PRODUCT,TIER_4,NEEDS_RESTORE,PRJ-LOCAL-0094,Outdoor & Sports Portfolio,media-migration/prj-local-0094-outdoor-sports-portfolio/prj-local-0094-outdoor-sports-portfolio_final-product_021.jpg,prj-local-0094-outdoor-sports-portfolio_final-product_021.jpg,YES,,P1
AST-000914,Sports Bottle,sports_bottle.jpg,GALLERY,FINAL_PRODUCT,TIER_4,NEEDS_RESTORE,PRJ-LOCAL-0094,Outdoor & Sports Portfolio,media-migration/prj-local-0094-outdoor-sports-portfolio/prj-local-0094-outdoor-sports-portfolio_final-product_022.jpg,prj-local-0094-outdoor-sports-portfolio_final-product_022.jpg,YES,,P1
AST-000915,Sports Bottle,sports_bottle_2.jpg,GALLERY,FINAL_PRODUCT,TIER_4,NEEDS_RESTORE,PRJ-LOCAL-0094,Outdoor & Sports Portfolio,media-migration/prj-local-0094-outdoor-sports-portfolio/prj-local-0094-outdoor-sports-portfolio_final-product_023.jpg,prj-local-0094-outdoor-sports-portfolio_final-product_023.jpg,YES,,P1
AST-000916,Tennis Ball Machine,tennis_ball_machine-1.jpg,GALLERY,FINAL_PRODUCT,TIER_4,NEEDS_RESTORE,PRJ-LOCAL-0094,Outdoor & Sports Portfolio,media-migration/prj-local-0094-outdoor-sports-portfolio/prj-local-0094-outdoor-sports-portfolio_final-product_024.jpg,prj-local-0094-outdoor-sports-portfolio_final-product_024.jpg,YES,,P1
AST-000917,Tennis Ball Machine,tennis_ball_machine-2.jpg,GALLERY,FINAL_PRODUCT,TIER_4,NEEDS_RESTORE,PRJ-LOCAL-0094,Outdoor & Sports Portfolio,media-migration/prj-local-0094-outdoor-sports-portfolio/prj-local-0094-outdoor-sports-portfolio_final-product_025.jpg,prj-local-0094-outdoor-sports-portfolio_final-product_025.jpg,YES,,P1
AST-000906,Knee Board,knee_board-1.jpg,TECHNICAL,PCB,TIER_4,NEEDS_RESTORE,PRJ-LOCAL-0094,Outdoor & Sports Portfolio,media-migration/prj-local-0094-outdoor-sports-portfolio/prj-local-0094-outdoor-sports-portfolio_pcb_001.jpg,prj-local-0094-outdoor-sports-portfolio_pcb_001.jpg,YES,,P1
AST-000907,Knee Board,knee_board-2.jpg,TECHNICAL,PCB,TIER_4,NEEDS_RESTORE,PRJ-LOCAL-0094,Outdoor & Sports Portfolio,media-migration/prj-local-0094-outdoor-sports-portfolio/prj-local-0094-outdoor-sports-portfolio_pcb_002.jpg,prj-local-0094-outdoor-sports-portfolio_pcb_002.jpg,YES,,P1
AST-000380,Hydraulic Cross-section,hydraulic1.jpg,TECHNICAL,ENGINEERING,TIER_4,NEEDS_RESTORE,PRJ-LOCAL-0095,Industrial Equipment Portfolio,media-migration/prj-local-0095-industrial-equipment-port/prj-local-0095-industrial-equipment-port_engineering_001.jpg,prj-local-0095-industrial-equipment-port_engineering_001.jpg,YES,,P1
AST-000381,Hydraulic Cross-section,hydraulic2.jpg,TECHNICAL,ENGINEERING,TIER_4,NEEDS_RESTORE,PRJ-LOCAL-0095,Industrial Equipment Portfolio,media-migration/prj-local-0095-industrial-equipment-port/prj-local-0095-industrial-equipment-port_engineering_002.jpg,prj-local-0095-industrial-equipment-port_engineering_002.jpg,YES,,P1
AST-000390,Kitchen Knife,knife.jpg,GALLERY,FINAL_PRODUCT,TIER_4,NEEDS_RESTORE,PRJ-LOCAL-0096,Kitchenware Portfolio,media-migration/prj-local-0096-kitchenware-portfolio/prj-local-0096-kitchenware-portfolio_final-product_001.jpg,prj-local-0096-kitchenware-portfolio_final-product_001.jpg,YES,,P1
AST-000391,Kitchen Knife,knife33.jpg,GALLERY,FINAL_PRODUCT,TIER_4,NEEDS_RESTORE,PRJ-LOCAL-0096,Kitchenware Portfolio,media-migration/prj-local-0096-kitchenware-portfolio/prj-local-0096-kitchenware-portfolio_final-product_002.jpg,prj-local-0096-kitchenware-portfolio_final-product_002.jpg,YES,,P1
AST-000392,Paper HolderDispenser,rollie1.jpg,GALLERY,FINAL_PRODUCT,TIER_4,NEEDS_RESTORE,PRJ-LOCAL-0096,Kitchenware Portfolio,media-migration/prj-local-0096-kitchenware-portfolio/prj-local-0096-kitchenware-portfolio_final-product_003.jpg,prj-local-0096-kitchenware-portfolio_final-product_003.jpg,YES,,P1
AST-000393,Paper HolderDispenser,rollie2.jpg,GALLERY,FINAL_PRODUCT,TIER_4,NEEDS_RESTORE,PRJ-LOCAL-0096,Kitchenware Portfolio,media-migration/prj-local-0096-kitchenware-portfolio/prj-local-0096-kitchenware-portfolio_final-product_004.jpg,prj-local-0096-kitchenware-portfolio_final-product_004.jpg,YES,,P1
AST-000394,Recycle Bin,greencan.jpg,GALLERY,FINAL_PRODUCT,TIER_4,NEEDS_RESTORE,PRJ-LOCAL-0096,Kitchenware Portfolio,media-migration/prj-local-0096-kitchenware-portfolio/prj-local-0096-kitchenware-portfolio_final-product_005.jpg,prj-local-0096-kitchenware-portfolio_final-product_005.jpg,YES,,P1
AST-000395,Recycle Bin,greencan2.jpg,GALLERY,FINAL_PRODUCT,TIER_4,NEEDS_RESTORE,PRJ-LOCAL-0096,Kitchenware Portfolio,media-migration/prj-local-0096-kitchenware-portfolio/prj-local-0096-kitchenware-portfolio_final-product_006.jpg,prj-local-0096-kitchenware-portfolio_final-product_006.jpg,YES,,P1
AST-000396,Salt and Pepper Shaker,SALT-017.jpg,GALLERY,FINAL_PRODUCT,TIER_4,NEEDS_RESTORE,PRJ-LOCAL-0096,Kitchenware Portfolio,media-migration/prj-local-0096-kitchenware-portfolio/prj-local-0096-kitchenware-portfolio_final-product_007.jpg,prj-local-0096-kitchenware-portfolio_final-product_007.jpg,YES,,P1
AST-000397,Salt and Pepper Shaker,salt1.jpg,GALLERY,FINAL_PRODUCT,TIER_4,NEEDS_RESTORE,PRJ-LOCAL-0096,Kitchenware Portfolio,media-migration/prj-local-0096-kitchenware-portfolio/prj-local-0096-kitchenware-portfolio_final-product_008.jpg,prj-local-0096-kitchenware-portfolio_final-product_008.jpg,YES,,P1
AST-000398,Scale,scale1.jpg,GALLERY,FINAL_PRODUCT,TIER_4,NEEDS_RESTORE,PRJ-LOCAL-0096,Kitchenware Portfolio,media-migration/prj-local-0096-kitchenware-portfolio/prj-local-0096-kitchenware-portfolio_final-product_009.jpg,prj-local-0096-kitchenware-portfolio_final-product_009.jpg,YES,,P1
AST-000399,Scale,scale2.jpg,GALLERY,FINAL_PRODUCT,TIER_4,NEEDS_RESTORE,PRJ-LOCAL-0096,Kitchenware Portfolio,media-migration/prj-local-0096-kitchenware-portfolio/prj-local-0096-kitchenware-portfolio_final-product_010.jpg,prj-local-0096-kitchenware-portfolio_final-product_010.jpg,YES,,P1
AST-000918,Massaging Vibrating Teether,5717newpoohsmall.jpg,GALLERY,FINAL_PRODUCT,TIER_4,NEEDS_RESTORE,PRJ-LOCAL-0097,Toys & Juvenile Portfolio,media-migration/prj-local-0097-toys-juvenile-portfolio/prj-local-0097-toys-juvenile-portfolio_final-product_001.jpg,prj-local-0097-toys-juvenile-portfolio_final-product_001.jpg,YES,,P1
AST-000919,Massaging Vibrating Teether,teether.jpg,GALLERY,FINAL_PRODUCT,TIER_4,NEEDS_RESTORE,PRJ-LOCAL-0097,Toys & Juvenile Portfolio,media-migration/prj-local-0097-toys-juvenile-portfolio/prj-local-0097-toys-juvenile-portfolio_final-product_002.jpg,prj-local-0097-toys-juvenile-portfolio_final-product_002.jpg,YES,,P1
AST-000920,Wild Peas,brass-balls6.jpg,GALLERY,FINAL_PRODUCT,TIER_4,NEEDS_RESTORE,PRJ-LOCAL-0097,Toys & Juvenile Portfolio,media-migration/prj-local-0097-toys-juvenile-portfolio/prj-local-0097-toys-juvenile-portfolio_final-product_003.jpg,prj-local-0097-toys-juvenile-portfolio_final-product_003.jpg,YES,,P1
AST-000464,Ladder Rack,ladderrack.jpg,GALLERY,FINAL_PRODUCT,TIER_4,NEEDS_RESTORE,PRJ-LOCAL-0098,Ladder Rack,media-migration/prj-local-0098-ladder-rack/prj-local-0098-ladder-rack_final-product_001.jpg,prj-local-0098-ladder-rack_final-product_001.jpg,YES,,P1
AST-000465,Ladder Rack,ladderrack2.jpg,GALLERY,FINAL_PRODUCT,TIER_4,NEEDS_RESTORE,PRJ-LOCAL-0098,Ladder Rack,media-migration/prj-local-0098-ladder-rack/prj-local-0098-ladder-rack_final-product_002.jpg,prj-local-0098-ladder-rack_final-product_002.jpg,YES,,P1
