asset_id,filename,source_folder,visual_asset_type,curation_class,quality_tier,local_project_id,capability_category
AST-000181,ipm_prototype1.jpg,ALL,EARLY_PROTOTYPE,ARCHIVE,TIER_4,PRJ-LOCAL-0901,PROTOTYPING
AST-000182,ipm_prototype2.jpg,ALL,EARLY_PROTOTYPE,ARCHIVE,TIER_4,PRJ-LOCAL-0901,PROTOTYPING
AST-000183,ipm_prototype3.jpg,ALL,EARLY_PROTOTYPE,ARCHIVE,TIER_4,PRJ-LOCAL-0901,PROTOTYPING
AST-000186,knee_board-1.jpg,ALL,PCB,ARCHIVE,TIER_4,PRJ-LOCAL-0901,ENGINEERING
AST-000187,knee_board-2.jpg,ALL,PCB,ARCHIVE,TIER_4,PRJ-LOCAL-0901,ENGINEERING
AST-000218,prototype_camera_hd.jpg,ALL,EARLY_PROTOTYPE,ARCHIVE,TIER_4,PRJ-LOCAL-0901,PROTOTYPING
AST-000219,prototype_carbon_fiber.jpg,ALL,EARLY_PROTOTYPE,ARCHIVE,TIER_4,PRJ-LOCAL-0901,PROTOTYPING
AST-000220,prototype_carbon_fiber2.jpg,ALL,EARLY_PROTOTYPE,ARCHIVE,TIER_4,PRJ-LOCAL-0901,PROTOTYPING
AST-000221,prototype_clip_fdm.jpg,ALL,EARLY_PROTOTYPE,ARCHIVE,TIER_4,PRJ-LOCAL-0901,PROTOTYPING
AST-000222,prototype_fdm.jpg,ALL,EARLY_PROTOTYPE,ARCHIVE,TIER_4,PRJ-LOCAL-0901,PROTOTYPING
AST-000223,prototype_guitar_support.jpg,ALL,EARLY_PROTOTYPE,ARCHIVE,TIER_4,PRJ-LOCAL-0901,PROTOTYPING
AST-000224,prototype_guitar_support2.jpg,ALL,EARLY_PROTOTYPE,ARCHIVE,TIER_4,PRJ-LOCAL-0901,PROTOTYPING
AST-000225,prototype_remote1.jpg,ALL,EARLY_PROTOTYPE,ARCHIVE,TIER_4,PRJ-LOCAL-0901,PROTOTYPING
AST-000226,prototype_remote2.jpg,ALL,EARLY_PROTOTYPE,ARCHIVE,TIER_4,PRJ-LOCAL-0901,PROTOTYPING
AST-000227,prototype_remote3.jpg,ALL,EARLY_PROTOTYPE,ARCHIVE,TIER_4,PRJ-LOCAL-0901,PROTOTYPING
AST-000380,hydraulic1.jpg,Hydraulic Cross-section,ENGINEERING,TECHNICAL,TIER_4,PRJ-LOCAL-0095,ENGINEERING
AST-000381,hydraulic2.jpg,Hydraulic Cross-section,ENGINEERING,TECHNICAL,TIER_4,PRJ-LOCAL-0095,ENGINEERING
AST-000843,ipm_prototype1.jpg,ABS + RTV Tooling,EARLY_PROTOTYPE,ARCHIVE,TIER_4,PRJ-LOCAL-0031,PROTOTYPING
AST-000844,ipm_prototype2.jpg,ABS + RTV Tooling,EARLY_PROTOTYPE,ARCHIVE,TIER_4,PRJ-LOCAL-0031,PROTOTYPING
AST-000845,ipm_prototype3.jpg,ABS + RTV Tooling,EARLY_PROTOTYPE,ARCHIVE,TIER_4,PRJ-LOCAL-0031,PROTOTYPING
AST-000846,prototype_guitar_support.jpg,Acrylic FormingBending,EARLY_PROTOTYPE,ARCHIVE,TIER_4,PRJ-LOCAL-0080,PROTOTYPING
AST-000847,prototype_guitar_support2.jpg,Acrylic FormingBending,EARLY_PROTOTYPE,ARCHIVE,TIER_4,PRJ-LOCAL-0080,PROTOTYPING
AST-000848,prototype_carbon_fiber.jpg,Carbon Fiber Molding,EARLY_PROTOTYPE,ARCHIVE,TIER_4,PRJ-LOCAL-0080,PROTOTYPING
AST-000849,prototype_carbon_fiber2.jpg,Carbon Fiber Molding,EARLY_PROTOTYPE,ARCHIVE,TIER_4,PRJ-LOCAL-0080,PROTOTYPING
AST-000850,prototype_fdm.jpg,FDM Printing,EARLY_PROTOTYPE,ARCHIVE,TIER_4,PRJ-LOCAL-0080,PROTOTYPING
AST-000851,therapy_bike.jpg,Multi Level Prototyping,ASSEMBLY,PROCESS,TIER_4,PRJ-LOCAL-0080,MANUFACTURING_PROCESS
AST-000852,therapy_bike2.jpg,Multi Level Prototyping,ASSEMBLY,PROCESS,TIER_4,PRJ-LOCAL-0080,MANUFACTURING_PROCESS
AST-000853,prototype_camera_hd.jpg,"Rubber Coating, Silkscreening",EARLY_PROTOTYPE,ARCHIVE,TIER_4,PRJ-LOCAL-0080,PROTOTYPING
AST-000854,prototype_remote1.jpg,"Rubber Coating, Silkscreening",EARLY_PROTOTYPE,ARCHIVE,TIER_4,PRJ-LOCAL-0080,PROTOTYPING
AST-000855,prototype_remote2.jpg,"Rubber Coating, Silkscreening",EARLY_PROTOTYPE,ARCHIVE,TIER_4,PRJ-LOCAL-0080,PROTOTYPING
AST-000856,prototype_remote3.jpg,"Rubber Coating, Silkscreening",EARLY_PROTOTYPE,ARCHIVE,TIER_4,PRJ-LOCAL-0080,PROTOTYPING
AST-000857,prototype_clip_fdm.jpg,SLA  SLS,EARLY_PROTOTYPE,ARCHIVE,TIER_4,PRJ-LOCAL-0080,PROTOTYPING
AST-000858,PAP1.jpg,Sheet Metal + RTV Tooling,TOOLING,PROCESS,TIER_4,PRJ-LOCAL-0080,MANUFACTURING_PROCESS
AST-000859,pap2.jpg,Sheet Metal + RTV Tooling,TOOLING,PROCESS,TIER_4,PRJ-LOCAL-0080,MANUFACTURING_PROCESS
AST-000860,pap3.jpg,Sheet Metal + RTV Tooling,TOOLING,PROCESS,TIER_4,PRJ-LOCAL-0080,MANUFACTURING_PROCESS
AST-000861,pap4.jpg,Sheet Metal + RTV Tooling,TOOLING,PROCESS,TIER_4,PRJ-LOCAL-0080,MANUFACTURING_PROCESS
AST-000862,pap5.jpg,Sheet Metal + RTV Tooling,TOOLING,PROCESS,TIER_4,PRJ-LOCAL-0080,MANUFACTURING_PROCESS
AST-000863,pap6.jpg,Sheet Metal + RTV Tooling,TOOLING,PROCESS,TIER_4,PRJ-LOCAL-0080,MANUFACTURING_PROCESS
AST-000906,knee_board-1.jpg,Knee Board,PCB,TECHNICAL,TIER_4,PRJ-LOCAL-0094,ENGINEERING
AST-000907,knee_board-2.jpg,Knee Board,PCB,TECHNICAL,TIER_4,PRJ-LOCAL-0094,ENGINEERING
